filename,size,compressed
materials/maps/bhop_ln_portal/c-1040_1216_-12339.hdr.vtf,76528,76528
materials/maps/bhop_ln_portal/c-1040_1216_-12339.vtf,9832,9832
materials/maps/bhop_ln_portal/c-1040_1408_-10291.hdr.vtf,76528,76528
materials/maps/bhop_ln_portal/c-1040_1408_-10291.vtf,9832,9832
materials/maps/bhop_ln_portal/c-1087_577_-13971.hdr.vtf,76528,76528
materials/maps/bhop_ln_portal/c-1087_577_-13971.vtf,9832,9832
materials/maps/bhop_ln_portal/c-1096_576_-13045.hdr.vtf,76528,76528
materials/maps/bhop_ln_portal/c-1096_576_-13045.vtf,9832,9832
materials/maps/bhop_ln_portal/c-10_-273_-14595.hdr.vtf,76528,76528
materials/maps/bhop_ln_portal/c-10_-273_-14595.vtf,9832,9832
materials/maps/bhop_ln_portal/c-10_-81_-14595.hdr.vtf,76528,76528
materials/maps/bhop_ln_portal/c-10_-81_-14595.vtf,9832,9832
materials/maps/bhop_ln_portal/c-112_1056_-10307.hdr.vtf,76528,76528
materials/maps/bhop_ln_portal/c-112_1056_-10307.vtf,9832,9832
materials/maps/bhop_ln_portal/c-112_1120_-11676.hdr.vtf,76528,76528
materials/maps/bhop_ln_portal/c-112_1120_-11676.vtf,9832,9832
materials/maps/bhop_ln_portal/c-1266_517_-14174.hdr.vtf,76528,76528
materials/maps/bhop_ln_portal/c-1266_517_-14174.vtf,9832,9832
materials/maps/bhop_ln_portal/c-128_1472_-8984.hdr.vtf,76528,76528
materials/maps/bhop_ln_portal/c-128_1472_-8984.vtf,9832,9832
materials/maps/bhop_ln_portal/c-128_1760_-8968.hdr.vtf,76528,76528
materials/maps/bhop_ln_portal/c-128_1760_-8968.vtf,9832,9832
materials/maps/bhop_ln_portal/c-128_576_-13045.hdr.vtf,76528,76528
materials/maps/bhop_ln_portal/c-128_576_-13045.vtf,9832,9832
materials/maps/bhop_ln_portal/c-136_1280_-9032.hdr.vtf,76528,76528
materials/maps/bhop_ln_portal/c-136_1280_-9032.vtf,9832,9832
materials/maps/bhop_ln_portal/c-142_734_-12466.hdr.vtf,76528,76528
materials/maps/bhop_ln_portal/c-142_734_-12466.vtf,9832,9832
materials/maps/bhop_ln_portal/c-1552_576_-14019.hdr.vtf,76528,76528
materials/maps/bhop_ln_portal/c-1552_576_-14019.vtf,9832,9832
materials/maps/bhop_ln_portal/c-201_1424_-9750.hdr.vtf,76528,76528
materials/maps/bhop_ln_portal/c-201_1424_-9750.vtf,9832,9832
materials/maps/bhop_ln_portal/c-224_1310_-11389.hdr.vtf,76528,76528
materials/maps/bhop_ln_portal/c-224_1310_-11389.vtf,9832,9832
materials/maps/bhop_ln_portal/c-255_-350_-13971.hdr.vtf,76528,76528
materials/maps/bhop_ln_portal/c-255_-350_-13971.vtf,9832,9832
materials/maps/bhop_ln_portal/c-2_1141_-12443.hdr.vtf,76528,76528
materials/maps/bhop_ln_portal/c-2_1141_-12443.vtf,9832,9832
materials/maps/bhop_ln_portal/c-357_1209_-10339.hdr.vtf,76528,76528
materials/maps/bhop_ln_portal/c-357_1209_-10339.vtf,9832,9832
materials/maps/bhop_ln_portal/c-357_1369_-10339.hdr.vtf,76528,76528
materials/maps/bhop_ln_portal/c-357_1369_-10339.vtf,9832,9832
materials/maps/bhop_ln_portal/c-367_193_-13971.hdr.vtf,76528,76528
materials/maps/bhop_ln_portal/c-367_193_-13971.vtf,9832,9832
materials/maps/bhop_ln_portal/c-368_1120_-11676.hdr.vtf,76528,76528
materials/maps/bhop_ln_portal/c-368_1120_-11676.vtf,9832,9832
materials/maps/bhop_ln_portal/c-368_1328_-11676.hdr.vtf,76528,76528
materials/maps/bhop_ln_portal/c-368_1328_-11676.vtf,9832,9832
materials/maps/bhop_ln_portal/c-374_-132_-14157.hdr.vtf,76528,76528
materials/maps/bhop_ln_portal/c-374_-132_-14157.vtf,9832,9832
materials/maps/bhop_ln_portal/c-379_1214_-12343.hdr.vtf,76528,76528
materials/maps/bhop_ln_portal/c-379_1214_-12343.vtf,9832,9832
materials/maps/bhop_ln_portal/c-379_1214_-12471.hdr.vtf,76528,76528
materials/maps/bhop_ln_portal/c-379_1214_-12471.vtf,9832,9832
materials/maps/bhop_ln_portal/c-400_2304_-9023.hdr.vtf,76528,76528
materials/maps/bhop_ln_portal/c-400_2304_-9023.vtf,9832,9832
materials/maps/bhop_ln_portal/c-463_550_-13045.hdr.vtf,76528,76528
materials/maps/bhop_ln_portal/c-463_550_-13045.vtf,9832,9832
materials/maps/bhop_ln_portal/c-48_-544_-14595.hdr.vtf,76528,76528
materials/maps/bhop_ln_portal/c-48_-544_-14595.vtf,9832,9832
materials/maps/bhop_ln_portal/c-48_1088_-11804.hdr.vtf,76528,76528
materials/maps/bhop_ln_portal/c-48_1088_-11804.vtf,9832,9832
materials/maps/bhop_ln_portal/c-48_2242_-9032.hdr.vtf,76528,76528
materials/maps/bhop_ln_portal/c-48_2242_-9032.vtf,9832,9832
materials/maps/bhop_ln_portal/c-490_644_-14190.hdr.vtf,76528,76528
materials/maps/bhop_ln_portal/c-490_644_-14190.vtf,9832,9832
materials/maps/bhop_ln_portal/c-496_1056_-10371.hdr.vtf,76528,76528
materials/maps/bhop_ln_portal/c-496_1056_-10371.vtf,9832,9832
materials/maps/bhop_ln_portal/c-559_577_-13971.hdr.vtf,76528,76528
materials/maps/bhop_ln_portal/c-559_577_-13971.vtf,9832,9832
materials/maps/bhop_ln_portal/c-58_-200_-15054.hdr.vtf,76528,76528
materials/maps/bhop_ln_portal/c-58_-200_-15054.vtf,9832,9832
materials/maps/bhop_ln_portal/c-608_1051_-10259.hdr.vtf,76528,76528
materials/maps/bhop_ln_portal/c-608_1051_-10259.vtf,9832,9832
materials/maps/bhop_ln_portal/c-616_1102_-10574.hdr.vtf,76528,76528
materials/maps/bhop_ln_portal/c-616_1102_-10574.vtf,9832,9832
materials/maps/bhop_ln_portal/c-628_1376_-10259.hdr.vtf,76528,76528
materials/maps/bhop_ln_portal/c-628_1376_-10259.vtf,9832,9832
materials/maps/bhop_ln_portal/c-632_1329_-10575.hdr.vtf,76528,76528
materials/maps/bhop_ln_portal/c-632_1329_-10575.vtf,9832,9832
materials/maps/bhop_ln_portal/c-683_1214_-12343.hdr.vtf,76528,76528
materials/maps/bhop_ln_portal/c-683_1214_-12343.vtf,9832,9832
materials/maps/bhop_ln_portal/c-728_1216_-11713.hdr.vtf,76528,76528
materials/maps/bhop_ln_portal/c-728_1216_-11713.vtf,9832,9832
materials/maps/bhop_ln_portal/c-800_1403_-10235.hdr.vtf,76528,76528
materials/maps/bhop_ln_portal/c-800_1403_-10235.vtf,9832,9832
materials/maps/bhop_ln_portal/c-80_1224_-11610.hdr.vtf,76528,76528
materials/maps/bhop_ln_portal/c-80_1224_-11610.vtf,9832,9832
materials/maps/bhop_ln_portal/c-880_436_-13045.hdr.vtf,76528,76528
materials/maps/bhop_ln_portal/c-880_436_-13045.vtf,9832,9832
materials/maps/bhop_ln_portal/c-939_1214_-12343.hdr.vtf,76528,76528
materials/maps/bhop_ln_portal/c-939_1214_-12343.vtf,9832,9832
materials/maps/bhop_ln_portal/c0_576_-13045.hdr.vtf,76528,76528
materials/maps/bhop_ln_portal/c0_576_-13045.vtf,9832,9832
materials/maps/bhop_ln_portal/c1078_-320_-15564.hdr.vtf,76528,76528
materials/maps/bhop_ln_portal/c1078_-320_-15564.vtf,9832,9832
materials/maps/bhop_ln_portal/c1128_-820_-15483.hdr.vtf,76528,76528
materials/maps/bhop_ln_portal/c1128_-820_-15483.vtf,9832,9832
materials/maps/bhop_ln_portal/c112_-864_-15619.hdr.vtf,76528,76528
materials/maps/bhop_ln_portal/c112_-864_-15619.vtf,9832,9832
materials/maps/bhop_ln_portal/c112_576_-13045.hdr.vtf,76528,76528
materials/maps/bhop_ln_portal/c112_576_-13045.vtf,9832,9832
materials/maps/bhop_ln_portal/c1259_-316_-15504.hdr.vtf,76528,76528
materials/maps/bhop_ln_portal/c1259_-316_-15504.vtf,9832,9832
materials/maps/bhop_ln_portal/c130_1377_-9503.hdr.vtf,76528,76528
materials/maps/bhop_ln_portal/c130_1377_-9503.vtf,9832,9832
materials/maps/bhop_ln_portal/c138_1393_-9735.hdr.vtf,76528,76528
materials/maps/bhop_ln_portal/c138_1393_-9735.vtf,9832,9832
materials/maps/bhop_ln_portal/c14_1191_-10549.hdr.vtf,76528,76528
materials/maps/bhop_ln_portal/c14_1191_-10549.vtf,9832,9832
materials/maps/bhop_ln_portal/c16_1472_-8984.hdr.vtf,76528,76528
materials/maps/bhop_ln_portal/c16_1472_-8984.vtf,9832,9832
materials/maps/bhop_ln_portal/c176_-256_-15116.hdr.vtf,76528,76528
materials/maps/bhop_ln_portal/c176_-256_-15116.vtf,9832,9832
materials/maps/bhop_ln_portal/c208_-512_-15116.hdr.vtf,76528,76528
materials/maps/bhop_ln_portal/c208_-512_-15116.vtf,9832,9832
materials/maps/bhop_ln_portal/c208_1216_-11644.hdr.vtf,76528,76528
materials/maps/bhop_ln_portal/c208_1216_-11644.vtf,9832,9832
materials/maps/bhop_ln_portal/c258_1265_-9551.hdr.vtf,76528,76528
materials/maps/bhop_ln_portal/c258_1265_-9551.vtf,9832,9832
materials/maps/bhop_ln_portal/c272_1408_-9032.hdr.vtf,76528,76528
materials/maps/bhop_ln_portal/c272_1408_-9032.vtf,9832,9832
materials/maps/bhop_ln_portal/c272_576_-13027.hdr.vtf,76528,76528
materials/maps/bhop_ln_portal/c272_576_-13027.vtf,9832,9832
materials/maps/bhop_ln_portal/c298_1537_-9495.hdr.vtf,76528,76528
materials/maps/bhop_ln_portal/c298_1537_-9495.vtf,9832,9832
materials/maps/bhop_ln_portal/c308_-162_-14683.hdr.vtf,76528,76528
materials/maps/bhop_ln_portal/c308_-162_-14683.vtf,9832,9832
materials/maps/bhop_ln_portal/c32_1760_-8968.hdr.vtf,76528,76528
materials/maps/bhop_ln_portal/c32_1760_-8968.vtf,9832,9832
materials/maps/bhop_ln_portal/c32_1810_-8936.hdr.vtf,76528,76528
materials/maps/bhop_ln_portal/c32_1810_-8936.vtf,9832,9832
materials/maps/bhop_ln_portal/c336_-192_-15180.hdr.vtf,76528,76528
materials/maps/bhop_ln_portal/c336_-192_-15180.vtf,9832,9832
materials/maps/bhop_ln_portal/c336_-832_-15044.hdr.vtf,76528,76528
materials/maps/bhop_ln_portal/c336_-832_-15044.vtf,9832,9832
materials/maps/bhop_ln_portal/c336_1216_-11571.hdr.vtf,76528,76528
materials/maps/bhop_ln_portal/c336_1216_-11571.vtf,9832,9832
materials/maps/bhop_ln_portal/c368_-864_-15628.hdr.vtf,76528,76528
materials/maps/bhop_ln_portal/c368_-864_-15628.vtf,9832,9832
materials/maps/bhop_ln_portal/c40_1218_-11929.hdr.vtf,76528,76528
materials/maps/bhop_ln_portal/c40_1218_-11929.vtf,9832,9832
materials/maps/bhop_ln_portal/c464_-512_-15116.hdr.vtf,76528,76528
materials/maps/bhop_ln_portal/c464_-512_-15116.vtf,9832,9832
materials/maps/bhop_ln_portal/c464_1312_-9551.hdr.vtf,76528,76528
materials/maps/bhop_ln_portal/c464_1312_-9551.vtf,9832,9832
materials/maps/bhop_ln_portal/c48_-512_-15116.hdr.vtf,76528,76528
materials/maps/bhop_ln_portal/c48_-512_-15116.vtf,9832,9832
materials/maps/bhop_ln_portal/c48_1266_-8904.hdr.vtf,76528,76528
materials/maps/bhop_ln_portal/c48_1266_-8904.vtf,9832,9832
materials/maps/bhop_ln_portal/c496_-256_-15116.hdr.vtf,76528,76528
materials/maps/bhop_ln_portal/c496_-256_-15116.vtf,9832,9832
materials/maps/bhop_ln_portal/c533_1205_-12523.hdr.vtf,76528,76528
materials/maps/bhop_ln_portal/c533_1205_-12523.vtf,9832,9832
materials/maps/bhop_ln_portal/c578_1417_-9599.hdr.vtf,76528,76528
materials/maps/bhop_ln_portal/c578_1417_-9599.vtf,9832,9832
materials/maps/bhop_ln_portal/c613_-169_-14595.hdr.vtf,76528,76528
materials/maps/bhop_ln_portal/c613_-169_-14595.vtf,9832,9832
materials/maps/bhop_ln_portal/c624_-512_-15116.hdr.vtf,76528,76528
materials/maps/bhop_ln_portal/c624_-512_-15116.vtf,9832,9832
materials/maps/bhop_ln_portal/c657_-256_-15180.hdr.vtf,76528,76528
materials/maps/bhop_ln_portal/c657_-256_-15180.vtf,9832,9832
materials/maps/bhop_ln_portal/c672_-368_-15564.hdr.vtf,76528,76528
materials/maps/bhop_ln_portal/c672_-368_-15564.vtf,9832,9832
materials/maps/bhop_ln_portal/c752_-288_-15564.hdr.vtf,76528,76528
materials/maps/bhop_ln_portal/c752_-288_-15564.vtf,9832,9832
materials/maps/bhop_ln_portal/c880_-256_-15171.hdr.vtf,76528,76528
materials/maps/bhop_ln_portal/c880_-256_-15171.vtf,9832,9832
materials/maps/bhop_ln_portal/c886_-128_-15564.hdr.vtf,76528,76528
materials/maps/bhop_ln_portal/c886_-128_-15564.vtf,9832,9832
materials/maps/bhop_ln_portal/c886_-308_-15694.hdr.vtf,76528,76528
materials/maps/bhop_ln_portal/c886_-308_-15694.vtf,9832,9832
materials/maps/bhop_ln_portal/c886_-320_-15564.hdr.vtf,76528,76528
materials/maps/bhop_ln_portal/c886_-320_-15564.vtf,9832,9832
materials/maps/bhop_ln_portal/c912_-512_-15564.hdr.vtf,76528,76528
materials/maps/bhop_ln_portal/c912_-512_-15564.vtf,9832,9832
materials/maps/bhop_ln_portal/c91_1080_-8887.hdr.vtf,76528,76528
materials/maps/bhop_ln_portal/c91_1080_-8887.vtf,9832,9832
materials/maps/bhop_ln_portal/concrete/observationwall_001b_-10_-81_-14595.vmt,280,280
materials/maps/bhop_ln_portal/concrete/observationwall_001b_-142_734_-12466.vmt,282,282
materials/maps/bhop_ln_portal/concrete/observationwall_001b_-224_1310_-11389.vmt,284,284
materials/maps/bhop_ln_portal/concrete/observationwall_001b_-2_1141_-12443.vmt,280,280
materials/maps/bhop_ln_portal/concrete/observationwall_001b_-357_1369_-10339.vmt,284,284
materials/maps/bhop_ln_portal/concrete/observationwall_001b_-367_193_-13971.vmt,282,282
materials/maps/bhop_ln_portal/concrete/observationwall_001b_-368_1328_-11676.vmt,284,284
materials/maps/bhop_ln_portal/concrete/observationwall_001b_-379_1214_-12343.vmt,284,284
materials/maps/bhop_ln_portal/concrete/observationwall_001b_-463_550_-13045.vmt,282,282
materials/maps/bhop_ln_portal/concrete/observationwall_001b_-559_577_-13971.vmt,282,282
materials/maps/bhop_ln_portal/concrete/observationwall_001b_-58_-200_-15054.vmt,282,282
materials/maps/bhop_ln_portal/concrete/observationwall_001b_-628_1376_-10259.vmt,284,284
materials/maps/bhop_ln_portal/concrete/observationwall_001b_-880_436_-13045.vmt,282,282
materials/maps/bhop_ln_portal/concrete/observationwall_001b_1128_-820_-15483.vmt,284,284
materials/maps/bhop_ln_portal/concrete/observationwall_001b_1259_-316_-15504.vmt,284,284
materials/maps/bhop_ln_portal/concrete/observationwall_001b_130_1377_-9503.vmt,280,280
materials/maps/bhop_ln_portal/concrete/observationwall_001b_298_1537_-9495.vmt,280,280
materials/maps/bhop_ln_portal/concrete/observationwall_001b_308_-162_-14683.vmt,282,282
materials/maps/bhop_ln_portal/concrete/observationwall_001b_32_1760_-8968.vmt,278,278
materials/maps/bhop_ln_portal/concrete/observationwall_001b_32_1810_-8936.vmt,278,278
materials/maps/bhop_ln_portal/concrete/observationwall_001b_48_1266_-8904.vmt,278,278
materials/maps/bhop_ln_portal/concrete/observationwall_001b_533_1205_-12523.vmt,282,282
materials/maps/bhop_ln_portal/concrete/observationwall_001b_613_-169_-14595.vmt,282,282
materials/maps/bhop_ln_portal/concrete/observationwall_001b_91_1080_-8887.vmt,278,278
materials/maps/bhop_ln_portal/cubemapdefault.hdr.vtf,76528,76528
materials/maps/bhop_ln_portal/cubemapdefault.vtf,9832,9832
materials/maps/bhop_ln_portal/glass/glasswindow_frosted_-463_550_-13045.vmt,143,143
materials/maps/bhop_ln_portal/glass/glasswindow_frosted_-880_436_-13045.vmt,143,143
materials/maps/bhop_ln_portal/glass/glasswindow_frosted_002_1078_-320_-15564.vmt,148,148
materials/maps/bhop_ln_portal/glass/glasswindow_frosted_002_208_-512_-15116.vmt,147,147
materials/maps/bhop_ln_portal/glass/glasswindow_frosted_002_464_-512_-15116.vmt,147,147
materials/maps/bhop_ln_portal/glass/glasswindow_frosted_002_48_-512_-15116.vmt,146,146
materials/maps/bhop_ln_portal/glass/glasswindow_frosted_002_624_-512_-15116.vmt,147,147
materials/maps/bhop_ln_portal/glass/glasswindow_frosted_002_886_-128_-15564.vmt,147,147
materials/maps/bhop_ln_portal/glass/glasswindow_frosted_002_886_-320_-15564.vmt,147,147
materials/maps/bhop_ln_portal/glass/glasswindow_frosted_002_912_-512_-15564.vmt,147,147
materials/maps/bhop_ln_portal/glass/glasswindow_frosted_003_-48_1088_-11804.vmt,147,147
materials/maps/bhop_ln_portal/glass/glasswindow_frosted_003_130_1377_-9503.vmt,146,146
materials/maps/bhop_ln_portal/glass/glasswindow_frosted_003_138_1393_-9735.vmt,146,146
materials/maps/bhop_ln_portal/glass/glasswindow_frosted_003_208_-512_-15116.vmt,147,147
materials/maps/bhop_ln_portal/glass/glasswindow_frosted_003_208_1216_-11644.vmt,147,147
materials/maps/bhop_ln_portal/glass/glasswindow_frosted_003_464_-512_-15116.vmt,147,147
materials/maps/bhop_ln_portal/glass/glasswindow_frosted_003_48_-512_-15116.vmt,146,146
materials/maps/bhop_ln_portal/glass/glasswindow_frosted_003_496_-256_-15116.vmt,147,147
materials/maps/bhop_ln_portal/glass/glasswindow_frosted_003_624_-512_-15116.vmt,147,147
materials/maps/bhop_ln_portal/glass/glasswindow_frosted_003b_-379_1214_-12343.vmt,149,149
materials/maps/bhop_ln_portal/glass/glasswindow_frosted_003b_-379_1214_-12471.vmt,149,149
materials/maps/bhop_ln_portal/glass/glasswindow_frosted_003b_-496_1056_-10371.vmt,149,149
materials/maps/bhop_ln_portal/glass/glasswindow_frosted_003b_-608_1051_-10259.vmt,149,149
materials/maps/bhop_ln_portal/glass/glasswindow_frosted_1078_-320_-15564.vmt,144,144
materials/maps/bhop_ln_portal/glass/glasswindow_frosted_752_-288_-15564.vmt,143,143
materials/maps/bhop_ln_portal/glass/glasswindow_frosted_886_-128_-15564.vmt,143,143
materials/maps/bhop_ln_portal/glass/glasswindow_frosted_886_-320_-15564.vmt,143,143
materials/maps/bhop_ln_portal/glass/glasswindow_frosted_912_-512_-15564.vmt,143,143
materials/maps/bhop_ln_portal/glass/glasswindow_refract01_-112_1056_-10307.vmt,146,146
materials/maps/bhop_ln_portal/glass/glasswindow_refract01_-201_1424_-9750.vmt,145,145
materials/maps/bhop_ln_portal/glass/glasswindow_refract01_-357_1369_-10339.vmt,146,146
materials/maps/bhop_ln_portal/glass/glasswindow_refract01_-379_1214_-12343.vmt,146,146
materials/maps/bhop_ln_portal/glass/glasswindow_refract01_-463_550_-13045.vmt,145,145
materials/maps/bhop_ln_portal/glass/glasswindow_refract01_-628_1376_-10259.vmt,146,146
materials/maps/bhop_ln_portal/glass/glasswindow_refract01_-632_1329_-10575.vmt,146,146
materials/maps/bhop_ln_portal/glass/glasswindow_refract01_-800_1403_-10235.vmt,146,146
materials/maps/bhop_ln_portal/glass/glasswindow_refract01_-880_436_-13045.vmt,145,145
materials/maps/bhop_ln_portal/glass/glasswindow_refract01_32_1810_-8936.vmt,143,143
materials/maps/bhop_ln_portal/glass/glasswindow_refract01_533_1205_-12523.vmt,145,145
materials/maps/bhop_ln_portal/maps/bhop_ln_portal/nature/hazard_liquid_138_1393_-9735_depth_256.vmt,143,143
materials/maps/bhop_ln_portal/metal/metal_lift001_-1040_1216_-12339.vmt,139,139
materials/maps/bhop_ln_portal/metal/metal_lift001_-1040_1408_-10291.vmt,139,139
materials/maps/bhop_ln_portal/metal/metal_lift001_-1087_577_-13971.vmt,138,138
materials/maps/bhop_ln_portal/metal/metal_lift001_-10_-273_-14595.vmt,137,137
materials/maps/bhop_ln_portal/metal/metal_lift001_-10_-81_-14595.vmt,136,136
materials/maps/bhop_ln_portal/metal/metal_lift001_-112_1056_-10307.vmt,138,138
materials/maps/bhop_ln_portal/metal/metal_lift001_-1266_517_-14174.vmt,138,138
materials/maps/bhop_ln_portal/metal/metal_lift001_-128_1472_-8984.vmt,137,137
materials/maps/bhop_ln_portal/metal/metal_lift001_-128_1760_-8968.vmt,137,137
materials/maps/bhop_ln_portal/metal/metal_lift001_-128_576_-13045.vmt,137,137
materials/maps/bhop_ln_portal/metal/metal_lift001_-136_1280_-9032.vmt,137,137
materials/maps/bhop_ln_portal/metal/metal_lift001_-142_734_-12466.vmt,137,137
materials/maps/bhop_ln_portal/metal/metal_lift001_-1552_576_-14019.vmt,138,138
materials/maps/bhop_ln_portal/metal/metal_lift001_-201_1424_-9750.vmt,137,137
materials/maps/bhop_ln_portal/metal/metal_lift001_-224_1310_-11389.vmt,138,138
materials/maps/bhop_ln_portal/metal/metal_lift001_-255_-350_-13971.vmt,138,138
materials/maps/bhop_ln_portal/metal/metal_lift001_-2_1141_-12443.vmt,136,136
materials/maps/bhop_ln_portal/metal/metal_lift001_-357_1209_-10339.vmt,138,138
materials/maps/bhop_ln_portal/metal/metal_lift001_-357_1369_-10339.vmt,138,138
materials/maps/bhop_ln_portal/metal/metal_lift001_-367_193_-13971.vmt,137,137
materials/maps/bhop_ln_portal/metal/metal_lift001_-368_1328_-11676.vmt,138,138
materials/maps/bhop_ln_portal/metal/metal_lift001_-374_-132_-14157.vmt,138,138
materials/maps/bhop_ln_portal/metal/metal_lift001_-379_1214_-12471.vmt,138,138
materials/maps/bhop_ln_portal/metal/metal_lift001_-400_2304_-9023.vmt,137,137
materials/maps/bhop_ln_portal/metal/metal_lift001_-463_550_-13045.vmt,137,137
materials/maps/bhop_ln_portal/metal/metal_lift001_-48_1088_-11804.vmt,137,137
materials/maps/bhop_ln_portal/metal/metal_lift001_-490_644_-14190.vmt,137,137
materials/maps/bhop_ln_portal/metal/metal_lift001_-496_1056_-10371.vmt,138,138
materials/maps/bhop_ln_portal/metal/metal_lift001_-559_577_-13971.vmt,137,137
materials/maps/bhop_ln_portal/metal/metal_lift001_-616_1102_-10574.vmt,138,138
materials/maps/bhop_ln_portal/metal/metal_lift001_-628_1376_-10259.vmt,138,138
materials/maps/bhop_ln_portal/metal/metal_lift001_-632_1329_-10575.vmt,138,138
materials/maps/bhop_ln_portal/metal/metal_lift001_-800_1403_-10235.vmt,138,138
materials/maps/bhop_ln_portal/metal/metal_lift001_-80_1224_-11610.vmt,137,137
materials/maps/bhop_ln_portal/metal/metal_lift001_-880_436_-13045.vmt,137,137
materials/maps/bhop_ln_portal/metal/metal_lift001_-939_1214_-12343.vmt,138,138
materials/maps/bhop_ln_portal/metal/metal_lift001_0_576_-13045.vmt,134,134
materials/maps/bhop_ln_portal/metal/metal_lift001_1078_-320_-15564.vmt,138,138
materials/maps/bhop_ln_portal/metal/metal_lift001_112_576_-13045.vmt,136,136
materials/maps/bhop_ln_portal/metal/metal_lift001_1259_-316_-15504.vmt,138,138
materials/maps/bhop_ln_portal/metal/metal_lift001_138_1393_-9735.vmt,136,136
materials/maps/bhop_ln_portal/metal/metal_lift001_14_1191_-10549.vmt,136,136
materials/maps/bhop_ln_portal/metal/metal_lift001_176_-256_-15116.vmt,137,137
materials/maps/bhop_ln_portal/metal/metal_lift001_208_1216_-11644.vmt,137,137
materials/maps/bhop_ln_portal/metal/metal_lift001_258_1265_-9551.vmt,136,136
materials/maps/bhop_ln_portal/metal/metal_lift001_272_576_-13027.vmt,136,136
materials/maps/bhop_ln_portal/metal/metal_lift001_298_1537_-9495.vmt,136,136
materials/maps/bhop_ln_portal/metal/metal_lift001_308_-162_-14683.vmt,137,137
materials/maps/bhop_ln_portal/metal/metal_lift001_336_1216_-11571.vmt,137,137
materials/maps/bhop_ln_portal/metal/metal_lift001_40_1218_-11929.vmt,136,136
materials/maps/bhop_ln_portal/metal/metal_lift001_48_1266_-8904.vmt,135,135
materials/maps/bhop_ln_portal/metal/metal_lift001_496_-256_-15116.vmt,137,137
materials/maps/bhop_ln_portal/metal/metal_lift001_533_1205_-12523.vmt,137,137
materials/maps/bhop_ln_portal/metal/metal_lift001_578_1417_-9599.vmt,136,136
materials/maps/bhop_ln_portal/metal/metal_lift001_613_-169_-14595.vmt,137,137
materials/maps/bhop_ln_portal/metal/metal_lift001_657_-256_-15180.vmt,137,137
materials/maps/bhop_ln_portal/metal/metal_lift001_672_-368_-15564.vmt,137,137
materials/maps/bhop_ln_portal/metal/metal_lift001_752_-288_-15564.vmt,137,137
materials/maps/bhop_ln_portal/metal/metal_lift001_880_-256_-15171.vmt,137,137
materials/maps/bhop_ln_portal/metal/metal_lift001_886_-128_-15564.vmt,137,137
materials/maps/bhop_ln_portal/metal/metal_lift001_886_-308_-15694.vmt,137,137
materials/maps/bhop_ln_portal/metal/metal_lift001_886_-320_-15564.vmt,137,137
materials/maps/bhop_ln_portal/metal/metal_lift001_912_-512_-15564.vmt,137,137
materials/maps/bhop_ln_portal/metal/metal_lift001_91_1080_-8887.vmt,135,135
materials/maps/bhop_ln_portal/metal/metal_lift001_gradient_-1040_1216_-12339.vmt,148,148
materials/maps/bhop_ln_portal/metal/metal_lift001_gradient_-1040_1408_-10291.vmt,148,148
materials/maps/bhop_ln_portal/metal/metal_lift001_gradient_-1087_577_-13971.vmt,147,147
materials/maps/bhop_ln_portal/metal/metal_lift001_gradient_-10_-273_-14595.vmt,146,146
materials/maps/bhop_ln_portal/metal/metal_lift001_gradient_-10_-81_-14595.vmt,145,145
materials/maps/bhop_ln_portal/metal/metal_lift001_gradient_-112_1056_-10307.vmt,147,147
materials/maps/bhop_ln_portal/metal/metal_lift001_gradient_-1266_517_-14174.vmt,147,147
materials/maps/bhop_ln_portal/metal/metal_lift001_gradient_-128_1472_-8984.vmt,146,146
materials/maps/bhop_ln_portal/metal/metal_lift001_gradient_-128_576_-13045.vmt,146,146
materials/maps/bhop_ln_portal/metal/metal_lift001_gradient_-136_1280_-9032.vmt,146,146
materials/maps/bhop_ln_portal/metal/metal_lift001_gradient_-142_734_-12466.vmt,146,146
materials/maps/bhop_ln_portal/metal/metal_lift001_gradient_-1552_576_-14019.vmt,147,147
materials/maps/bhop_ln_portal/metal/metal_lift001_gradient_-201_1424_-9750.vmt,146,146
materials/maps/bhop_ln_portal/metal/metal_lift001_gradient_-224_1310_-11389.vmt,147,147
materials/maps/bhop_ln_portal/metal/metal_lift001_gradient_-255_-350_-13971.vmt,147,147
materials/maps/bhop_ln_portal/metal/metal_lift001_gradient_-2_1141_-12443.vmt,145,145
materials/maps/bhop_ln_portal/metal/metal_lift001_gradient_-357_1209_-10339.vmt,147,147
materials/maps/bhop_ln_portal/metal/metal_lift001_gradient_-357_1369_-10339.vmt,147,147
materials/maps/bhop_ln_portal/metal/metal_lift001_gradient_-367_193_-13971.vmt,146,146
materials/maps/bhop_ln_portal/metal/metal_lift001_gradient_-368_1328_-11676.vmt,147,147
materials/maps/bhop_ln_portal/metal/metal_lift001_gradient_-374_-132_-14157.vmt,147,147
materials/maps/bhop_ln_portal/metal/metal_lift001_gradient_-379_1214_-12471.vmt,147,147
materials/maps/bhop_ln_portal/metal/metal_lift001_gradient_-48_1088_-11804.vmt,146,146
materials/maps/bhop_ln_portal/metal/metal_lift001_gradient_-490_644_-14190.vmt,146,146
materials/maps/bhop_ln_portal/metal/metal_lift001_gradient_-496_1056_-10371.vmt,147,147
materials/maps/bhop_ln_portal/metal/metal_lift001_gradient_-559_577_-13971.vmt,146,146
materials/maps/bhop_ln_portal/metal/metal_lift001_gradient_-58_-200_-15054.vmt,146,146
materials/maps/bhop_ln_portal/metal/metal_lift001_gradient_-616_1102_-10574.vmt,147,147
materials/maps/bhop_ln_portal/metal/metal_lift001_gradient_-632_1329_-10575.vmt,147,147
materials/maps/bhop_ln_portal/metal/metal_lift001_gradient_-800_1403_-10235.vmt,147,147
materials/maps/bhop_ln_portal/metal/metal_lift001_gradient_-80_1224_-11610.vmt,146,146
materials/maps/bhop_ln_portal/metal/metal_lift001_gradient_-939_1214_-12343.vmt,147,147
materials/maps/bhop_ln_portal/metal/metal_lift001_gradient_1078_-320_-15564.vmt,147,147
materials/maps/bhop_ln_portal/metal/metal_lift001_gradient_112_576_-13045.vmt,145,145
materials/maps/bhop_ln_portal/metal/metal_lift001_gradient_1259_-316_-15504.vmt,147,147
materials/maps/bhop_ln_portal/metal/metal_lift001_gradient_138_1393_-9735.vmt,145,145
materials/maps/bhop_ln_portal/metal/metal_lift001_gradient_14_1191_-10549.vmt,145,145
materials/maps/bhop_ln_portal/metal/metal_lift001_gradient_176_-256_-15116.vmt,146,146
materials/maps/bhop_ln_portal/metal/metal_lift001_gradient_208_1216_-11644.vmt,146,146
materials/maps/bhop_ln_portal/metal/metal_lift001_gradient_272_576_-13027.vmt,145,145
materials/maps/bhop_ln_portal/metal/metal_lift001_gradient_298_1537_-9495.vmt,145,145
materials/maps/bhop_ln_portal/metal/metal_lift001_gradient_308_-162_-14683.vmt,146,146
materials/maps/bhop_ln_portal/metal/metal_lift001_gradient_336_-192_-15180.vmt,146,146
materials/maps/bhop_ln_portal/metal/metal_lift001_gradient_336_1216_-11571.vmt,146,146
materials/maps/bhop_ln_portal/metal/metal_lift001_gradient_40_1218_-11929.vmt,145,145
materials/maps/bhop_ln_portal/metal/metal_lift001_gradient_48_1266_-8904.vmt,144,144
materials/maps/bhop_ln_portal/metal/metal_lift001_gradient_496_-256_-15116.vmt,146,146
materials/maps/bhop_ln_portal/metal/metal_lift001_gradient_533_1205_-12523.vmt,146,146
materials/maps/bhop_ln_portal/metal/metal_lift001_gradient_613_-169_-14595.vmt,146,146
materials/maps/bhop_ln_portal/metal/metal_lift001_gradient_657_-256_-15180.vmt,146,146
materials/maps/bhop_ln_portal/metal/metal_lift001_gradient_672_-368_-15564.vmt,146,146
materials/maps/bhop_ln_portal/metal/metal_lift001_gradient_752_-288_-15564.vmt,146,146
materials/maps/bhop_ln_portal/metal/metal_lift001_gradient_880_-256_-15171.vmt,146,146
materials/maps/bhop_ln_portal/metal/metal_lift001_gradient_886_-128_-15564.vmt,146,146
materials/maps/bhop_ln_portal/metal/metal_lift001_gradient_886_-308_-15694.vmt,146,146
materials/maps/bhop_ln_portal/metal/metal_lift001_gradient_912_-512_-15564.vmt,146,146
materials/maps/bhop_ln_portal/metal/metal_lift001_gradient_91_1080_-8887.vmt,144,144
materials/maps/bhop_ln_portal/metal/metal_lift001e_-112_1056_-10307.vmt,139,139
materials/maps/bhop_ln_portal/metal/metal_lift001e_-128_1760_-8968.vmt,138,138
materials/maps/bhop_ln_portal/metal/metal_lift001e_-201_1424_-9750.vmt,138,138
materials/maps/bhop_ln_portal/metal/metal_lift001e_-357_1369_-10339.vmt,139,139
materials/maps/bhop_ln_portal/metal/metal_lift001e_-628_1376_-10259.vmt,139,139
materials/maps/bhop_ln_portal/metal/metal_lift001e_138_1393_-9735.vmt,137,137
materials/maps/bhop_ln_portal/metal/metal_lift001e_298_1537_-9495.vmt,137,137
materials/maps/bhop_ln_portal/metal/metal_lift001e_533_1205_-12523.vmt,138,138
materials/maps/bhop_ln_portal/metal/metal_modular_floor001_-1040_1408_-10291.vmt,148,148
materials/maps/bhop_ln_portal/metal/metal_modular_floor001_-1096_576_-13045.vmt,147,147
materials/maps/bhop_ln_portal/metal/metal_modular_floor001_-128_576_-13045.vmt,146,146
materials/maps/bhop_ln_portal/metal/metal_modular_floor001_-800_1403_-10235.vmt,147,147
materials/maps/bhop_ln_portal/metal/metal_modular_floor001_0_576_-13045.vmt,143,143
materials/maps/bhop_ln_portal/metal/metal_modular_floor001_112_576_-13045.vmt,145,145
materials/maps/bhop_ln_portal/metal/metal_modular_floor001_208_1216_-11644.vmt,146,146
materials/maps/bhop_ln_portal/metal/metal_modular_floor001_578_1417_-9599.vmt,145,145
materials/maps/bhop_ln_portal/metal/metalwall048b_-1040_1216_-12339.vmt,139,139
materials/maps/bhop_ln_portal/metal/metalwall048b_-1040_1408_-10291.vmt,139,139
materials/maps/bhop_ln_portal/metal/metalwall048b_-10_-273_-14595.vmt,137,137
materials/maps/bhop_ln_portal/metal/metalwall048b_-10_-81_-14595.vmt,136,136
materials/maps/bhop_ln_portal/metal/metalwall048b_-112_1056_-10307.vmt,138,138
materials/maps/bhop_ln_portal/metal/metalwall048b_-112_1120_-11676.vmt,138,138
materials/maps/bhop_ln_portal/metal/metalwall048b_-128_1472_-8984.vmt,137,137
materials/maps/bhop_ln_portal/metal/metalwall048b_-128_1760_-8968.vmt,137,137
materials/maps/bhop_ln_portal/metal/metalwall048b_-128_576_-13045.vmt,137,137
materials/maps/bhop_ln_portal/metal/metalwall048b_-136_1280_-9032.vmt,137,137
materials/maps/bhop_ln_portal/metal/metalwall048b_-142_734_-12466.vmt,137,137
materials/maps/bhop_ln_portal/metal/metalwall048b_-1552_576_-14019.vmt,138,138
materials/maps/bhop_ln_portal/metal/metalwall048b_-201_1424_-9750.vmt,137,137
materials/maps/bhop_ln_portal/metal/metalwall048b_-224_1310_-11389.vmt,138,138
materials/maps/bhop_ln_portal/metal/metalwall048b_-357_1209_-10339.vmt,138,138
materials/maps/bhop_ln_portal/metal/metalwall048b_-357_1369_-10339.vmt,138,138
materials/maps/bhop_ln_portal/metal/metalwall048b_-367_193_-13971.vmt,137,137
materials/maps/bhop_ln_portal/metal/metalwall048b_-368_1120_-11676.vmt,138,138
materials/maps/bhop_ln_portal/metal/metalwall048b_-368_1328_-11676.vmt,138,138
materials/maps/bhop_ln_portal/metal/metalwall048b_-374_-132_-14157.vmt,138,138
materials/maps/bhop_ln_portal/metal/metalwall048b_-400_2304_-9023.vmt,137,137
materials/maps/bhop_ln_portal/metal/metalwall048b_-463_550_-13045.vmt,137,137
materials/maps/bhop_ln_portal/metal/metalwall048b_-48_-544_-14595.vmt,137,137
materials/maps/bhop_ln_portal/metal/metalwall048b_-48_1088_-11804.vmt,137,137
materials/maps/bhop_ln_portal/metal/metalwall048b_-48_2242_-9032.vmt,136,136
materials/maps/bhop_ln_portal/metal/metalwall048b_-496_1056_-10371.vmt,138,138
materials/maps/bhop_ln_portal/metal/metalwall048b_-559_577_-13971.vmt,137,137
materials/maps/bhop_ln_portal/metal/metalwall048b_-616_1102_-10574.vmt,138,138
materials/maps/bhop_ln_portal/metal/metalwall048b_-628_1376_-10259.vmt,138,138
materials/maps/bhop_ln_portal/metal/metalwall048b_-632_1329_-10575.vmt,138,138
materials/maps/bhop_ln_portal/metal/metalwall048b_-683_1214_-12343.vmt,138,138
materials/maps/bhop_ln_portal/metal/metalwall048b_-728_1216_-11713.vmt,138,138
materials/maps/bhop_ln_portal/metal/metalwall048b_-800_1403_-10235.vmt,138,138
materials/maps/bhop_ln_portal/metal/metalwall048b_-80_1224_-11610.vmt,137,137
materials/maps/bhop_ln_portal/metal/metalwall048b_0_576_-13045.vmt,134,134
materials/maps/bhop_ln_portal/metal/metalwall048b_112_-864_-15619.vmt,137,137
materials/maps/bhop_ln_portal/metal/metalwall048b_112_576_-13045.vmt,136,136
materials/maps/bhop_ln_portal/metal/metalwall048b_130_1377_-9503.vmt,136,136
materials/maps/bhop_ln_portal/metal/metalwall048b_138_1393_-9735.vmt,136,136
materials/maps/bhop_ln_portal/metal/metalwall048b_16_1472_-8984.vmt,135,135
materials/maps/bhop_ln_portal/metal/metalwall048b_176_-256_-15116.vmt,137,137
materials/maps/bhop_ln_portal/metal/metalwall048b_208_-512_-15116.vmt,137,137
materials/maps/bhop_ln_portal/metal/metalwall048b_208_1216_-11644.vmt,137,137
materials/maps/bhop_ln_portal/metal/metalwall048b_258_1265_-9551.vmt,136,136
materials/maps/bhop_ln_portal/metal/metalwall048b_272_1408_-9032.vmt,136,136
materials/maps/bhop_ln_portal/metal/metalwall048b_272_576_-13027.vmt,136,136
materials/maps/bhop_ln_portal/metal/metalwall048b_298_1537_-9495.vmt,136,136
materials/maps/bhop_ln_portal/metal/metalwall048b_308_-162_-14683.vmt,137,137
materials/maps/bhop_ln_portal/metal/metalwall048b_32_1760_-8968.vmt,135,135
materials/maps/bhop_ln_portal/metal/metalwall048b_32_1810_-8936.vmt,135,135
materials/maps/bhop_ln_portal/metal/metalwall048b_336_-832_-15044.vmt,137,137
materials/maps/bhop_ln_portal/metal/metalwall048b_336_1216_-11571.vmt,137,137
materials/maps/bhop_ln_portal/metal/metalwall048b_368_-864_-15628.vmt,137,137
materials/maps/bhop_ln_portal/metal/metalwall048b_40_1218_-11929.vmt,136,136
materials/maps/bhop_ln_portal/metal/metalwall048b_464_1312_-9551.vmt,136,136
materials/maps/bhop_ln_portal/metal/metalwall048b_48_-512_-15116.vmt,136,136
materials/maps/bhop_ln_portal/metal/metalwall048b_496_-256_-15116.vmt,137,137
materials/maps/bhop_ln_portal/metal/metalwall048b_533_1205_-12523.vmt,137,137
materials/maps/bhop_ln_portal/metal/metalwall048b_578_1417_-9599.vmt,136,136
materials/maps/bhop_ln_portal/metal/metalwall048b_613_-169_-14595.vmt,137,137
materials/maps/bhop_ln_portal/metal/metalwall048b_657_-256_-15180.vmt,137,137
materials/maps/bhop_ln_portal/metal/metalwall048b_672_-368_-15564.vmt,137,137
materials/maps/bhop_ln_portal/metal/metalwall048b_880_-256_-15171.vmt,137,137
materials/maps/bhop_ln_portal/metal/metalwall048b_912_-512_-15564.vmt,137,137
materials/maps/bhop_ln_portal/metal/metalwall048b_lrg_-112_1120_-11676.vmt,142,142
materials/maps/bhop_ln_portal/metal/metalwall048b_lrg_-368_1120_-11676.vmt,142,142
materials/maps/bhop_ln_portal/metal/metalwall048b_lrg_-368_1328_-11676.vmt,142,142
materials/maps/bhop_ln_portal/metal/metalwall048b_lrg_-48_1088_-11804.vmt,141,141
materials/maps/bhop_ln_portal/metal/metalwall048b_lrg_-608_1051_-10259.vmt,142,142
materials/maps/bhop_ln_portal/metal/metalwall048b_lrg_-628_1376_-10259.vmt,142,142
materials/maps/bhop_ln_portal/metal/metalwall048b_lrg_-800_1403_-10235.vmt,142,142
materials/maps/bhop_ln_portal/metal/metalwall048b_lrg_-80_1224_-11610.vmt,141,141
materials/maps/bhop_ln_portal/metal/metalwall048b_lrg_208_1216_-11644.vmt,141,141
materials/maps/bhop_ln_portal/metal/metalwall048b_lrg_258_1265_-9551.vmt,140,140
materials/maps/bhop_ln_portal/metal/metalwall048b_lrg_298_1537_-9495.vmt,140,140
materials/maps/bhop_ln_portal/metal/metalwall048b_lrg_464_1312_-9551.vmt,140,140
materials/maps/bhop_ln_portal/metal/metalwall048b_lrg_533_1205_-12523.vmt,141,141
materials/maps/bhop_ln_portal/metal/metalwall048b_med_-1040_1408_-10291.vmt,143,143
materials/maps/bhop_ln_portal/metal/metalwall048b_med_-112_1120_-11676.vmt,142,142
materials/maps/bhop_ln_portal/metal/metalwall048b_med_-128_1472_-8984.vmt,141,141
materials/maps/bhop_ln_portal/metal/metalwall048b_med_-128_1760_-8968.vmt,141,141
materials/maps/bhop_ln_portal/metal/metalwall048b_med_-201_1424_-9750.vmt,141,141
materials/maps/bhop_ln_portal/metal/metalwall048b_med_-224_1310_-11389.vmt,142,142
materials/maps/bhop_ln_portal/metal/metalwall048b_med_-357_1369_-10339.vmt,142,142
materials/maps/bhop_ln_portal/metal/metalwall048b_med_-368_1120_-11676.vmt,142,142
materials/maps/bhop_ln_portal/metal/metalwall048b_med_-368_1328_-11676.vmt,142,142
materials/maps/bhop_ln_portal/metal/metalwall048b_med_-48_1088_-11804.vmt,141,141
materials/maps/bhop_ln_portal/metal/metalwall048b_med_-496_1056_-10371.vmt,142,142
materials/maps/bhop_ln_portal/metal/metalwall048b_med_-608_1051_-10259.vmt,142,142
materials/maps/bhop_ln_portal/metal/metalwall048b_med_-628_1376_-10259.vmt,142,142
materials/maps/bhop_ln_portal/metal/metalwall048b_med_-728_1216_-11713.vmt,142,142
materials/maps/bhop_ln_portal/metal/metalwall048b_med_-800_1403_-10235.vmt,142,142
materials/maps/bhop_ln_portal/metal/metalwall048b_med_-80_1224_-11610.vmt,141,141
materials/maps/bhop_ln_portal/metal/metalwall048b_med_130_1377_-9503.vmt,140,140
materials/maps/bhop_ln_portal/metal/metalwall048b_med_138_1393_-9735.vmt,140,140
materials/maps/bhop_ln_portal/metal/metalwall048b_med_16_1472_-8984.vmt,139,139
materials/maps/bhop_ln_portal/metal/metalwall048b_med_208_1216_-11644.vmt,141,141
materials/maps/bhop_ln_portal/metal/metalwall048b_med_258_1265_-9551.vmt,140,140
materials/maps/bhop_ln_portal/metal/metalwall048b_med_272_1408_-9032.vmt,140,140
materials/maps/bhop_ln_portal/metal/metalwall048b_med_298_1537_-9495.vmt,140,140
materials/maps/bhop_ln_portal/metal/metalwall048b_med_32_1760_-8968.vmt,139,139
materials/maps/bhop_ln_portal/metal/metalwall048b_med_336_1216_-11571.vmt,141,141
materials/maps/bhop_ln_portal/metal/metalwall048b_med_40_1218_-11929.vmt,140,140
materials/maps/bhop_ln_portal/metal/metalwall048b_med_464_1312_-9551.vmt,140,140
materials/maps/bhop_ln_portal/metal/metalwall048b_med_533_1205_-12523.vmt,141,141
materials/maps/bhop_ln_portal/metal/metalwall048b_med_578_1417_-9599.vmt,140,140
materials/maps/bhop_ln_portal/metal/metalwall048c_-374_-132_-14157.vmt,138,138
materials/maps/bhop_ln_portal/metal/metalwall048c_336_-832_-15044.vmt,137,137
materials/maps/bhop_ln_portal/metal/metalwall048c_48_-512_-15116.vmt,136,136
materials/maps/bhop_ln_portal/metal/metalwall048e_-112_1056_-10307.vmt,138,138
materials/maps/bhop_ln_portal/metal/metalwall048e_-128_1760_-8968.vmt,137,137
materials/maps/bhop_ln_portal/metal/metalwall048e_-201_1424_-9750.vmt,137,137
materials/maps/bhop_ln_portal/metal/metalwall048e_138_1393_-9735.vmt,136,136
materials/maps/bhop_ln_portal/metal/metalwall048e_464_1312_-9551.vmt,136,136
materials/maps/bhop_ln_portal/metal/metalwall048e_533_1205_-12523.vmt,137,137
materials/maps/bhop_ln_portal/metal/metalwall048e_578_1417_-9599.vmt,136,136
materials/maps/bhop_ln_portal/metal/metalwall_bts_006a_-1040_1408_-10291.vmt,144,144
materials/maps/bhop_ln_portal/metal/metalwall_bts_006a_-1266_517_-14174.vmt,143,143
materials/maps/bhop_ln_portal/metal/metalwall_bts_006a_-128_1472_-8984.vmt,142,142
materials/maps/bhop_ln_portal/metal/metalwall_bts_006a_-136_1280_-9032.vmt,142,142
materials/maps/bhop_ln_portal/metal/metalwall_bts_006a_-142_734_-12466.vmt,142,142
materials/maps/bhop_ln_portal/metal/metalwall_bts_006a_-224_1310_-11389.vmt,143,143
materials/maps/bhop_ln_portal/metal/metalwall_bts_006a_-2_1141_-12443.vmt,141,141
materials/maps/bhop_ln_portal/metal/metalwall_bts_006a_-367_193_-13971.vmt,142,142
materials/maps/bhop_ln_portal/metal/metalwall_bts_006a_-374_-132_-14157.vmt,143,143
materials/maps/bhop_ln_portal/metal/metalwall_bts_006a_-400_2304_-9023.vmt,142,142
materials/maps/bhop_ln_portal/metal/metalwall_bts_006a_-463_550_-13045.vmt,142,142
materials/maps/bhop_ln_portal/metal/metalwall_bts_006a_-490_644_-14190.vmt,142,142
materials/maps/bhop_ln_portal/metal/metalwall_bts_006a_-559_577_-13971.vmt,142,142
materials/maps/bhop_ln_portal/metal/metalwall_bts_006a_-616_1102_-10574.vmt,143,143
materials/maps/bhop_ln_portal/metal/metalwall_bts_006a_-632_1329_-10575.vmt,143,143
materials/maps/bhop_ln_portal/metal/metalwall_bts_006a_-880_436_-13045.vmt,142,142
materials/maps/bhop_ln_portal/metal/metalwall_bts_006a_14_1191_-10549.vmt,141,141
materials/maps/bhop_ln_portal/metal/metalwall_bts_006a_368_-864_-15628.vmt,142,142
materials/maps/bhop_ln_portal/metal/metalwall_bts_006a_40_1218_-11929.vmt,141,141
materials/maps/bhop_ln_portal/metal/metalwall_bts_006a_533_1205_-12523.vmt,142,142
materials/maps/bhop_ln_portal/metal/metalwall_bts_006a_613_-169_-14595.vmt,142,142
materials/maps/bhop_ln_portal/metal/metalwall_bts_006a_624_-512_-15116.vmt,142,142
materials/maps/bhop_ln_portal/metal/metalwall_bts_006a_886_-308_-15694.vmt,142,142
materials/maps/bhop_ln_portal/models/props_trainstation/trainstation_clock_glass001_752_-288_-15564.vmt,171,171
materials/maps/bhop_ln_portal/models/props_trainstation/trainstation_clock_glass001_886_-128_-15564.vmt,171,171
materials/maps/bhop_ln_portal/models/props_trainstation/trainstation_clock_glass001_886_-308_-15694.vmt,171,171
materials/maps/bhop_ln_portal/nature/hazard_liquid_138_1393_-9735.vmt,160,160
materials/maps/bhop_ln_portal/plaster/plasterwall044c_-559_577_-13971.vmt,141,141
materials/maps/bhop_ln_portal/plaster/plasterwall044c_-80_1224_-11610.vmt,141,141
materials/maps/bhop_ln_portal/plastic/plastic_light002a_-10_-81_-14595.vmt,142,142
materials/maps/bhop_ln_portal/plastic/plastic_light002a_-2_1141_-12443.vmt,142,142
materials/maps/bhop_ln_portal/plastic/plastic_light002a_-357_1369_-10339.vmt,144,144
materials/maps/bhop_ln_portal/plastic/plastic_light002a_-367_193_-13971.vmt,143,143
materials/maps/bhop_ln_portal/plastic/plastic_light002a_-368_1328_-11676.vmt,144,144
materials/maps/bhop_ln_portal/plastic/plastic_light002a_-379_1214_-12343.vmt,144,144
materials/maps/bhop_ln_portal/plastic/plastic_light002a_-463_550_-13045.vmt,143,143
materials/maps/bhop_ln_portal/plastic/plastic_light002a_-559_577_-13971.vmt,143,143
materials/maps/bhop_ln_portal/plastic/plastic_light002a_-58_-200_-15054.vmt,143,143
materials/maps/bhop_ln_portal/plastic/plastic_light002a_-880_436_-13045.vmt,143,143
materials/maps/bhop_ln_portal/plastic/plastic_light002a_1128_-820_-15483.vmt,144,144
materials/maps/bhop_ln_portal/plastic/plastic_light002a_1259_-316_-15504.vmt,144,144
materials/maps/bhop_ln_portal/plastic/plastic_light002a_298_1537_-9495.vmt,142,142
materials/maps/bhop_ln_portal/plastic/plastic_light002a_308_-162_-14683.vmt,143,143
materials/maps/bhop_ln_portal/plastic/plastic_light002a_32_1810_-8936.vmt,141,141
materials/maps/bhop_ln_portal/plastic/plastic_light002a_533_1205_-12523.vmt,143,143
materials/maps/bhop_ln_portal/plastic/plastic_light002a_91_1080_-8887.vmt,141,141
materials/maps/bhop_ln_portal/plastic/plastic_light002c_-1096_576_-13045.vmt,144,144
materials/maps/bhop_ln_portal/plastic/plastic_light002c_-10_-81_-14595.vmt,142,142
materials/maps/bhop_ln_portal/plastic/plastic_light002c_-128_1760_-8968.vmt,143,143
materials/maps/bhop_ln_portal/plastic/plastic_light002c_-128_576_-13045.vmt,143,143
materials/maps/bhop_ln_portal/plastic/plastic_light002c_-142_734_-12466.vmt,143,143
materials/maps/bhop_ln_portal/plastic/plastic_light002c_-1552_576_-14019.vmt,144,144
materials/maps/bhop_ln_portal/plastic/plastic_light002c_-201_1424_-9750.vmt,143,143
materials/maps/bhop_ln_portal/plastic/plastic_light002c_-224_1310_-11389.vmt,144,144
materials/maps/bhop_ln_portal/plastic/plastic_light002c_-2_1141_-12443.vmt,142,142
materials/maps/bhop_ln_portal/plastic/plastic_light002c_-357_1369_-10339.vmt,144,144
materials/maps/bhop_ln_portal/plastic/plastic_light002c_-367_193_-13971.vmt,143,143
materials/maps/bhop_ln_portal/plastic/plastic_light002c_-368_1328_-11676.vmt,144,144
materials/maps/bhop_ln_portal/plastic/plastic_light002c_-379_1214_-12343.vmt,144,144
materials/maps/bhop_ln_portal/plastic/plastic_light002c_-379_1214_-12471.vmt,144,144
materials/maps/bhop_ln_portal/plastic/plastic_light002c_-463_550_-13045.vmt,143,143
materials/maps/bhop_ln_portal/plastic/plastic_light002c_-48_2242_-9032.vmt,142,142
materials/maps/bhop_ln_portal/plastic/plastic_light002c_-559_577_-13971.vmt,143,143
materials/maps/bhop_ln_portal/plastic/plastic_light002c_-58_-200_-15054.vmt,143,143
materials/maps/bhop_ln_portal/plastic/plastic_light002c_-628_1376_-10259.vmt,144,144
materials/maps/bhop_ln_portal/plastic/plastic_light002c_-683_1214_-12343.vmt,144,144
materials/maps/bhop_ln_portal/plastic/plastic_light002c_-728_1216_-11713.vmt,144,144
materials/maps/bhop_ln_portal/plastic/plastic_light002c_-800_1403_-10235.vmt,144,144
materials/maps/bhop_ln_portal/plastic/plastic_light002c_-80_1224_-11610.vmt,143,143
materials/maps/bhop_ln_portal/plastic/plastic_light002c_-880_436_-13045.vmt,143,143
materials/maps/bhop_ln_portal/plastic/plastic_light002c_-939_1214_-12343.vmt,144,144
materials/maps/bhop_ln_portal/plastic/plastic_light002c_1128_-820_-15483.vmt,144,144
materials/maps/bhop_ln_portal/plastic/plastic_light002c_1259_-316_-15504.vmt,144,144
materials/maps/bhop_ln_portal/plastic/plastic_light002c_138_1393_-9735.vmt,142,142
materials/maps/bhop_ln_portal/plastic/plastic_light002c_16_1472_-8984.vmt,141,141
materials/maps/bhop_ln_portal/plastic/plastic_light002c_208_1216_-11644.vmt,143,143
materials/maps/bhop_ln_portal/plastic/plastic_light002c_272_1408_-9032.vmt,142,142
materials/maps/bhop_ln_portal/plastic/plastic_light002c_272_576_-13027.vmt,142,142
materials/maps/bhop_ln_portal/plastic/plastic_light002c_298_1537_-9495.vmt,142,142
materials/maps/bhop_ln_portal/plastic/plastic_light002c_308_-162_-14683.vmt,143,143
materials/maps/bhop_ln_portal/plastic/plastic_light002c_32_1760_-8968.vmt,141,141
materials/maps/bhop_ln_portal/plastic/plastic_light002c_32_1810_-8936.vmt,141,141
materials/maps/bhop_ln_portal/plastic/plastic_light002c_40_1218_-11929.vmt,142,142
materials/maps/bhop_ln_portal/plastic/plastic_light002c_464_1312_-9551.vmt,142,142
materials/maps/bhop_ln_portal/plastic/plastic_light002c_533_1205_-12523.vmt,143,143
materials/maps/bhop_ln_portal/plastic/plastic_light002c_578_1417_-9599.vmt,142,142
materials/maps/bhop_ln_portal/plastic/plastic_light002c_613_-169_-14595.vmt,143,143
materials/maps/bhop_ln_portal/plastic/plastic_light002c_91_1080_-8887.vmt,141,141
materials/maps/bhop_ln_portal/plastic/plasticwall001a_-1040_1216_-12339.vmt,143,143
materials/maps/bhop_ln_portal/plastic/plasticwall001a_-1040_1408_-10291.vmt,143,143
materials/maps/bhop_ln_portal/plastic/plasticwall001a_-1087_577_-13971.vmt,142,142
materials/maps/bhop_ln_portal/plastic/plasticwall001a_-1096_576_-13045.vmt,142,142
materials/maps/bhop_ln_portal/plastic/plasticwall001a_-112_1056_-10307.vmt,142,142
materials/maps/bhop_ln_portal/plastic/plasticwall001a_-112_1120_-11676.vmt,142,142
materials/maps/bhop_ln_portal/plastic/plasticwall001a_-1266_517_-14174.vmt,142,142
materials/maps/bhop_ln_portal/plastic/plasticwall001a_-128_1472_-8984.vmt,141,141
materials/maps/bhop_ln_portal/plastic/plasticwall001a_-128_1760_-8968.vmt,141,141
materials/maps/bhop_ln_portal/plastic/plasticwall001a_-128_576_-13045.vmt,141,141
materials/maps/bhop_ln_portal/plastic/plasticwall001a_-136_1280_-9032.vmt,141,141
materials/maps/bhop_ln_portal/plastic/plasticwall001a_-142_734_-12466.vmt,141,141
materials/maps/bhop_ln_portal/plastic/plasticwall001a_-1552_576_-14019.vmt,142,142
materials/maps/bhop_ln_portal/plastic/plasticwall001a_-201_1424_-9750.vmt,141,141
materials/maps/bhop_ln_portal/plastic/plasticwall001a_-224_1310_-11389.vmt,142,142
materials/maps/bhop_ln_portal/plastic/plasticwall001a_-255_-350_-13971.vmt,142,142
materials/maps/bhop_ln_portal/plastic/plasticwall001a_-2_1141_-12443.vmt,140,140
materials/maps/bhop_ln_portal/plastic/plasticwall001a_-357_1369_-10339.vmt,142,142
materials/maps/bhop_ln_portal/plastic/plasticwall001a_-367_193_-13971.vmt,141,141
materials/maps/bhop_ln_portal/plastic/plasticwall001a_-368_1120_-11676.vmt,142,142
materials/maps/bhop_ln_portal/plastic/plasticwall001a_-368_1328_-11676.vmt,142,142
materials/maps/bhop_ln_portal/plastic/plasticwall001a_-374_-132_-14157.vmt,142,142
materials/maps/bhop_ln_portal/plastic/plasticwall001a_-379_1214_-12343.vmt,142,142
materials/maps/bhop_ln_portal/plastic/plasticwall001a_-379_1214_-12471.vmt,142,142
materials/maps/bhop_ln_portal/plastic/plasticwall001a_-400_2304_-9023.vmt,141,141
materials/maps/bhop_ln_portal/plastic/plasticwall001a_-463_550_-13045.vmt,141,141
materials/maps/bhop_ln_portal/plastic/plasticwall001a_-48_-544_-14595.vmt,141,141
materials/maps/bhop_ln_portal/plastic/plasticwall001a_-48_1088_-11804.vmt,141,141
materials/maps/bhop_ln_portal/plastic/plasticwall001a_-48_2242_-9032.vmt,140,140
materials/maps/bhop_ln_portal/plastic/plasticwall001a_-490_644_-14190.vmt,141,141
materials/maps/bhop_ln_portal/plastic/plasticwall001a_-559_577_-13971.vmt,141,141
materials/maps/bhop_ln_portal/plastic/plasticwall001a_-58_-200_-15054.vmt,141,141
materials/maps/bhop_ln_portal/plastic/plasticwall001a_-608_1051_-10259.vmt,142,142
materials/maps/bhop_ln_portal/plastic/plasticwall001a_-628_1376_-10259.vmt,142,142
materials/maps/bhop_ln_portal/plastic/plasticwall001a_-683_1214_-12343.vmt,142,142
materials/maps/bhop_ln_portal/plastic/plasticwall001a_-728_1216_-11713.vmt,142,142
materials/maps/bhop_ln_portal/plastic/plasticwall001a_-800_1403_-10235.vmt,142,142
materials/maps/bhop_ln_portal/plastic/plasticwall001a_-880_436_-13045.vmt,141,141
materials/maps/bhop_ln_portal/plastic/plasticwall001a_-939_1214_-12343.vmt,142,142
materials/maps/bhop_ln_portal/plastic/plasticwall001a_1078_-320_-15564.vmt,142,142
materials/maps/bhop_ln_portal/plastic/plasticwall001a_1128_-820_-15483.vmt,142,142
materials/maps/bhop_ln_portal/plastic/plasticwall001a_112_-864_-15619.vmt,141,141
materials/maps/bhop_ln_portal/plastic/plasticwall001a_1259_-316_-15504.vmt,142,142
materials/maps/bhop_ln_portal/plastic/plasticwall001a_138_1393_-9735.vmt,140,140
materials/maps/bhop_ln_portal/plastic/plasticwall001a_14_1191_-10549.vmt,140,140
materials/maps/bhop_ln_portal/plastic/plasticwall001a_16_1472_-8984.vmt,139,139
materials/maps/bhop_ln_portal/plastic/plasticwall001a_176_-256_-15116.vmt,141,141
materials/maps/bhop_ln_portal/plastic/plasticwall001a_208_-512_-15116.vmt,141,141
materials/maps/bhop_ln_portal/plastic/plasticwall001a_258_1265_-9551.vmt,140,140
materials/maps/bhop_ln_portal/plastic/plasticwall001a_272_1408_-9032.vmt,140,140
materials/maps/bhop_ln_portal/plastic/plasticwall001a_272_576_-13027.vmt,140,140
materials/maps/bhop_ln_portal/plastic/plasticwall001a_298_1537_-9495.vmt,140,140
materials/maps/bhop_ln_portal/plastic/plasticwall001a_308_-162_-14683.vmt,141,141
materials/maps/bhop_ln_portal/plastic/plasticwall001a_32_1760_-8968.vmt,139,139
materials/maps/bhop_ln_portal/plastic/plasticwall001a_336_-192_-15180.vmt,141,141
materials/maps/bhop_ln_portal/plastic/plasticwall001a_336_-832_-15044.vmt,141,141
materials/maps/bhop_ln_portal/plastic/plasticwall001a_336_1216_-11571.vmt,141,141
materials/maps/bhop_ln_portal/plastic/plasticwall001a_368_-864_-15628.vmt,141,141
materials/maps/bhop_ln_portal/plastic/plasticwall001a_40_1218_-11929.vmt,140,140
materials/maps/bhop_ln_portal/plastic/plasticwall001a_464_-512_-15116.vmt,141,141
materials/maps/bhop_ln_portal/plastic/plasticwall001a_464_1312_-9551.vmt,140,140
materials/maps/bhop_ln_portal/plastic/plasticwall001a_48_-512_-15116.vmt,140,140
materials/maps/bhop_ln_portal/plastic/plasticwall001a_496_-256_-15116.vmt,141,141
materials/maps/bhop_ln_portal/plastic/plasticwall001a_533_1205_-12523.vmt,141,141
materials/maps/bhop_ln_portal/plastic/plasticwall001a_578_1417_-9599.vmt,140,140
materials/maps/bhop_ln_portal/plastic/plasticwall001a_613_-169_-14595.vmt,141,141
materials/maps/bhop_ln_portal/plastic/plasticwall001a_624_-512_-15116.vmt,141,141
materials/maps/bhop_ln_portal/plastic/plasticwall001a_657_-256_-15180.vmt,141,141
materials/maps/bhop_ln_portal/plastic/plasticwall001a_672_-368_-15564.vmt,141,141
materials/maps/bhop_ln_portal/plastic/plasticwall001a_880_-256_-15171.vmt,141,141
materials/maps/bhop_ln_portal/plastic/plasticwall001a_886_-128_-15564.vmt,141,141
materials/maps/bhop_ln_portal/plastic/plasticwall001a_886_-308_-15694.vmt,141,141
materials/maps/bhop_ln_portal/plastic/plasticwall001a_886_-320_-15564.vmt,141,141
materials/maps/bhop_ln_portal/plastic/plasticwall001a_912_-512_-15564.vmt,141,141
materials/maps/bhop_ln_portal/plastic/plasticwall001a_91_1080_-8887.vmt,139,139
materials/maps/bhop_ln_portal/plastic/plasticwall001b_-1040_1216_-12339.vmt,143,143
materials/maps/bhop_ln_portal/plastic/plasticwall001b_-1040_1408_-10291.vmt,143,143
materials/maps/bhop_ln_portal/plastic/plasticwall001b_-1087_577_-13971.vmt,142,142
materials/maps/bhop_ln_portal/plastic/plasticwall001b_-1096_576_-13045.vmt,142,142
materials/maps/bhop_ln_portal/plastic/plasticwall001b_-10_-273_-14595.vmt,141,141
materials/maps/bhop_ln_portal/plastic/plasticwall001b_-10_-81_-14595.vmt,140,140
materials/maps/bhop_ln_portal/plastic/plasticwall001b_-112_1056_-10307.vmt,142,142
materials/maps/bhop_ln_portal/plastic/plasticwall001b_-112_1120_-11676.vmt,142,142
materials/maps/bhop_ln_portal/plastic/plasticwall001b_-1266_517_-14174.vmt,142,142
materials/maps/bhop_ln_portal/plastic/plasticwall001b_-128_1472_-8984.vmt,141,141
materials/maps/bhop_ln_portal/plastic/plasticwall001b_-128_1760_-8968.vmt,141,141
materials/maps/bhop_ln_portal/plastic/plasticwall001b_-136_1280_-9032.vmt,141,141
materials/maps/bhop_ln_portal/plastic/plasticwall001b_-142_734_-12466.vmt,141,141
materials/maps/bhop_ln_portal/plastic/plasticwall001b_-1552_576_-14019.vmt,142,142
materials/maps/bhop_ln_portal/plastic/plasticwall001b_-201_1424_-9750.vmt,141,141
materials/maps/bhop_ln_portal/plastic/plasticwall001b_-224_1310_-11389.vmt,142,142
materials/maps/bhop_ln_portal/plastic/plasticwall001b_-255_-350_-13971.vmt,142,142
materials/maps/bhop_ln_portal/plastic/plasticwall001b_-2_1141_-12443.vmt,140,140
materials/maps/bhop_ln_portal/plastic/plasticwall001b_-357_1369_-10339.vmt,142,142
materials/maps/bhop_ln_portal/plastic/plasticwall001b_-367_193_-13971.vmt,141,141
materials/maps/bhop_ln_portal/plastic/plasticwall001b_-374_-132_-14157.vmt,142,142
materials/maps/bhop_ln_portal/plastic/plasticwall001b_-400_2304_-9023.vmt,141,141
materials/maps/bhop_ln_portal/plastic/plasticwall001b_-463_550_-13045.vmt,141,141
materials/maps/bhop_ln_portal/plastic/plasticwall001b_-48_-544_-14595.vmt,141,141
materials/maps/bhop_ln_portal/plastic/plasticwall001b_-48_2242_-9032.vmt,140,140
materials/maps/bhop_ln_portal/plastic/plasticwall001b_-490_644_-14190.vmt,141,141
materials/maps/bhop_ln_portal/plastic/plasticwall001b_-559_577_-13971.vmt,141,141
materials/maps/bhop_ln_portal/plastic/plasticwall001b_-58_-200_-15054.vmt,141,141
materials/maps/bhop_ln_portal/plastic/plasticwall001b_-616_1102_-10574.vmt,142,142
materials/maps/bhop_ln_portal/plastic/plasticwall001b_-628_1376_-10259.vmt,142,142
materials/maps/bhop_ln_portal/plastic/plasticwall001b_-728_1216_-11713.vmt,142,142
materials/maps/bhop_ln_portal/plastic/plasticwall001b_-800_1403_-10235.vmt,142,142
materials/maps/bhop_ln_portal/plastic/plasticwall001b_-880_436_-13045.vmt,141,141
materials/maps/bhop_ln_portal/plastic/plasticwall001b_0_576_-13045.vmt,138,138
materials/maps/bhop_ln_portal/plastic/plasticwall001b_1078_-320_-15564.vmt,142,142
materials/maps/bhop_ln_portal/plastic/plasticwall001b_1128_-820_-15483.vmt,142,142
materials/maps/bhop_ln_portal/plastic/plasticwall001b_112_-864_-15619.vmt,141,141
materials/maps/bhop_ln_portal/plastic/plasticwall001b_1259_-316_-15504.vmt,142,142
materials/maps/bhop_ln_portal/plastic/plasticwall001b_130_1377_-9503.vmt,140,140
materials/maps/bhop_ln_portal/plastic/plasticwall001b_138_1393_-9735.vmt,140,140
materials/maps/bhop_ln_portal/plastic/plasticwall001b_14_1191_-10549.vmt,140,140
materials/maps/bhop_ln_portal/plastic/plasticwall001b_258_1265_-9551.vmt,140,140
materials/maps/bhop_ln_portal/plastic/plasticwall001b_272_1408_-9032.vmt,140,140
materials/maps/bhop_ln_portal/plastic/plasticwall001b_272_576_-13027.vmt,140,140
materials/maps/bhop_ln_portal/plastic/plasticwall001b_308_-162_-14683.vmt,141,141
materials/maps/bhop_ln_portal/plastic/plasticwall001b_336_-192_-15180.vmt,141,141
materials/maps/bhop_ln_portal/plastic/plasticwall001b_336_-832_-15044.vmt,141,141
materials/maps/bhop_ln_portal/plastic/plasticwall001b_336_1216_-11571.vmt,141,141
materials/maps/bhop_ln_portal/plastic/plasticwall001b_40_1218_-11929.vmt,140,140
materials/maps/bhop_ln_portal/plastic/plasticwall001b_464_1312_-9551.vmt,140,140
materials/maps/bhop_ln_portal/plastic/plasticwall001b_48_-512_-15116.vmt,140,140
materials/maps/bhop_ln_portal/plastic/plasticwall001b_496_-256_-15116.vmt,141,141
materials/maps/bhop_ln_portal/plastic/plasticwall001b_533_1205_-12523.vmt,141,141
materials/maps/bhop_ln_portal/plastic/plasticwall001b_578_1417_-9599.vmt,140,140
materials/maps/bhop_ln_portal/plastic/plasticwall001b_613_-169_-14595.vmt,141,141
materials/maps/bhop_ln_portal/plastic/plasticwall001b_672_-368_-15564.vmt,141,141
materials/maps/bhop_ln_portal/plastic/plasticwall001b_752_-288_-15564.vmt,141,141
materials/maps/bhop_ln_portal/plastic/plasticwall001b_880_-256_-15171.vmt,141,141
materials/maps/bhop_ln_portal/plastic/plasticwall001b_886_-128_-15564.vmt,141,141
materials/maps/bhop_ln_portal/plastic/plasticwall001b_886_-308_-15694.vmt,141,141
materials/maps/bhop_ln_portal/plastic/plasticwall001b_91_1080_-8887.vmt,139,139
materials/maps/bhop_ln_portal/plastic/plasticwall002a_-10_-81_-14595.vmt,140,140
materials/maps/bhop_ln_portal/plastic/plasticwall002a_-201_1424_-9750.vmt,141,141
materials/maps/bhop_ln_portal/plastic/plasticwall002a_-224_1310_-11389.vmt,142,142
materials/maps/bhop_ln_portal/plastic/plasticwall002a_-2_1141_-12443.vmt,140,140
materials/maps/bhop_ln_portal/plastic/plasticwall002a_-357_1369_-10339.vmt,142,142
materials/maps/bhop_ln_portal/plastic/plasticwall002a_-367_193_-13971.vmt,141,141
materials/maps/bhop_ln_portal/plastic/plasticwall002a_-368_1328_-11676.vmt,142,142
materials/maps/bhop_ln_portal/plastic/plasticwall002a_-379_1214_-12343.vmt,142,142
materials/maps/bhop_ln_portal/plastic/plasticwall002a_-379_1214_-12471.vmt,142,142
materials/maps/bhop_ln_portal/plastic/plasticwall002a_-463_550_-13045.vmt,141,141
materials/maps/bhop_ln_portal/plastic/plasticwall002a_-559_577_-13971.vmt,141,141
materials/maps/bhop_ln_portal/plastic/plasticwall002a_-628_1376_-10259.vmt,142,142
materials/maps/bhop_ln_portal/plastic/plasticwall002a_-632_1329_-10575.vmt,142,142
materials/maps/bhop_ln_portal/plastic/plasticwall002a_-880_436_-13045.vmt,141,141
materials/maps/bhop_ln_portal/plastic/plasticwall002a_1259_-316_-15504.vmt,142,142
materials/maps/bhop_ln_portal/plastic/plasticwall002a_298_1537_-9495.vmt,140,140
materials/maps/bhop_ln_portal/plastic/plasticwall002a_308_-162_-14683.vmt,141,141
materials/maps/bhop_ln_portal/plastic/plasticwall002a_32_1760_-8968.vmt,139,139
materials/maps/bhop_ln_portal/plastic/plasticwall002a_32_1810_-8936.vmt,139,139
materials/maps/bhop_ln_portal/plastic/plasticwall002a_533_1205_-12523.vmt,141,141
materials/maps/bhop_ln_portal/plastic/plasticwall002a_91_1080_-8887.vmt,139,139
materials/maps/bhop_ln_portal/plastic/plasticwall003a_-142_734_-12466.vmt,141,141
materials/maps/bhop_ln_portal/plastic/plasticwall003a_-224_1310_-11389.vmt,142,142
materials/maps/bhop_ln_portal/plastic/plasticwall003a_-2_1141_-12443.vmt,140,140
materials/maps/bhop_ln_portal/plastic/plasticwall003a_-357_1369_-10339.vmt,142,142
materials/maps/bhop_ln_portal/plastic/plasticwall003a_-367_193_-13971.vmt,141,141
materials/maps/bhop_ln_portal/plastic/plasticwall003a_-368_1328_-11676.vmt,142,142
materials/maps/bhop_ln_portal/plastic/plasticwall003a_-463_550_-13045.vmt,141,141
materials/maps/bhop_ln_portal/plastic/plasticwall003a_-559_577_-13971.vmt,141,141
materials/maps/bhop_ln_portal/plastic/plasticwall003a_1078_-320_-15564.vmt,142,142
materials/maps/bhop_ln_portal/plastic/plasticwall003a_298_1537_-9495.vmt,140,140
materials/maps/bhop_ln_portal/plastic/plasticwall003a_308_-162_-14683.vmt,141,141
materials/maps/bhop_ln_portal/plastic/plasticwall003a_613_-169_-14595.vmt,141,141
materials/maps/bhop_ln_portal/plastic/plasticwall004a_-1096_576_-13045.vmt,142,142
materials/maps/bhop_ln_portal/plastic/plasticwall004a_-10_-81_-14595.vmt,140,140
materials/maps/bhop_ln_portal/plastic/plasticwall004a_-112_1056_-10307.vmt,142,142
materials/maps/bhop_ln_portal/plastic/plasticwall004a_-128_576_-13045.vmt,141,141
materials/maps/bhop_ln_portal/plastic/plasticwall004a_-142_734_-12466.vmt,141,141
materials/maps/bhop_ln_portal/plastic/plasticwall004a_-201_1424_-9750.vmt,141,141
materials/maps/bhop_ln_portal/plastic/plasticwall004a_-224_1310_-11389.vmt,142,142
materials/maps/bhop_ln_portal/plastic/plasticwall004a_-2_1141_-12443.vmt,140,140
materials/maps/bhop_ln_portal/plastic/plasticwall004a_-357_1369_-10339.vmt,142,142
materials/maps/bhop_ln_portal/plastic/plasticwall004a_-367_193_-13971.vmt,141,141
materials/maps/bhop_ln_portal/plastic/plasticwall004a_-368_1328_-11676.vmt,142,142
materials/maps/bhop_ln_portal/plastic/plasticwall004a_-374_-132_-14157.vmt,142,142
materials/maps/bhop_ln_portal/plastic/plasticwall004a_-379_1214_-12343.vmt,142,142
materials/maps/bhop_ln_portal/plastic/plasticwall004a_-379_1214_-12471.vmt,142,142
materials/maps/bhop_ln_portal/plastic/plasticwall004a_-463_550_-13045.vmt,141,141
materials/maps/bhop_ln_portal/plastic/plasticwall004a_-559_577_-13971.vmt,141,141
materials/maps/bhop_ln_portal/plastic/plasticwall004a_-58_-200_-15054.vmt,141,141
materials/maps/bhop_ln_portal/plastic/plasticwall004a_-608_1051_-10259.vmt,142,142
materials/maps/bhop_ln_portal/plastic/plasticwall004a_-628_1376_-10259.vmt,142,142
materials/maps/bhop_ln_portal/plastic/plasticwall004a_-728_1216_-11713.vmt,142,142
materials/maps/bhop_ln_portal/plastic/plasticwall004a_-80_1224_-11610.vmt,141,141
materials/maps/bhop_ln_portal/plastic/plasticwall004a_-880_436_-13045.vmt,141,141
materials/maps/bhop_ln_portal/plastic/plasticwall004a_-939_1214_-12343.vmt,142,142
materials/maps/bhop_ln_portal/plastic/plasticwall004a_1078_-320_-15564.vmt,142,142
materials/maps/bhop_ln_portal/plastic/plasticwall004a_1128_-820_-15483.vmt,142,142
materials/maps/bhop_ln_portal/plastic/plasticwall004a_1259_-316_-15504.vmt,142,142
materials/maps/bhop_ln_portal/plastic/plasticwall004a_130_1377_-9503.vmt,140,140
materials/maps/bhop_ln_portal/plastic/plasticwall004a_138_1393_-9735.vmt,140,140
materials/maps/bhop_ln_portal/plastic/plasticwall004a_176_-256_-15116.vmt,141,141
materials/maps/bhop_ln_portal/plastic/plasticwall004a_208_-512_-15116.vmt,141,141
materials/maps/bhop_ln_portal/plastic/plasticwall004a_258_1265_-9551.vmt,140,140
materials/maps/bhop_ln_portal/plastic/plasticwall004a_298_1537_-9495.vmt,140,140
materials/maps/bhop_ln_portal/plastic/plasticwall004a_308_-162_-14683.vmt,141,141
materials/maps/bhop_ln_portal/plastic/plasticwall004a_32_1760_-8968.vmt,139,139
materials/maps/bhop_ln_portal/plastic/plasticwall004a_32_1810_-8936.vmt,139,139
materials/maps/bhop_ln_portal/plastic/plasticwall004a_336_-192_-15180.vmt,141,141
materials/maps/bhop_ln_portal/plastic/plasticwall004a_336_-832_-15044.vmt,141,141
materials/maps/bhop_ln_portal/plastic/plasticwall004a_40_1218_-11929.vmt,140,140
materials/maps/bhop_ln_portal/plastic/plasticwall004a_464_-512_-15116.vmt,141,141
materials/maps/bhop_ln_portal/plastic/plasticwall004a_464_1312_-9551.vmt,140,140
materials/maps/bhop_ln_portal/plastic/plasticwall004a_48_-512_-15116.vmt,140,140
materials/maps/bhop_ln_portal/plastic/plasticwall004a_48_1266_-8904.vmt,139,139
materials/maps/bhop_ln_portal/plastic/plasticwall004a_496_-256_-15116.vmt,141,141
materials/maps/bhop_ln_portal/plastic/plasticwall004a_533_1205_-12523.vmt,141,141
materials/maps/bhop_ln_portal/plastic/plasticwall004a_578_1417_-9599.vmt,140,140
materials/maps/bhop_ln_portal/plastic/plasticwall004a_613_-169_-14595.vmt,141,141
materials/maps/bhop_ln_portal/plastic/plasticwall004a_624_-512_-15116.vmt,141,141
materials/maps/bhop_ln_portal/plastic/plasticwall004a_657_-256_-15180.vmt,141,141
materials/maps/bhop_ln_portal/plastic/plasticwall004a_672_-368_-15564.vmt,141,141
materials/maps/bhop_ln_portal/plastic/plasticwall004a_752_-288_-15564.vmt,141,141
materials/maps/bhop_ln_portal/plastic/plasticwall004a_880_-256_-15171.vmt,141,141
materials/maps/bhop_ln_portal/plastic/plasticwall004a_886_-128_-15564.vmt,141,141
materials/maps/bhop_ln_portal/plastic/plasticwall004a_886_-308_-15694.vmt,141,141
materials/maps/bhop_ln_portal/plastic/plasticwall004a_886_-320_-15564.vmt,141,141
materials/maps/bhop_ln_portal/plastic/plasticwall004a_912_-512_-15564.vmt,141,141
materials/maps/bhop_ln_portal/tile/observation_tilefloor001a_-10_-81_-14595.vmt,147,147
materials/maps/bhop_ln_portal/tile/observation_tilefloor001a_-128_576_-13045.vmt,148,148
materials/maps/bhop_ln_portal/tile/observation_tilefloor001a_-142_734_-12466.vmt,148,148
materials/maps/bhop_ln_portal/tile/observation_tilefloor001a_-224_1310_-11389.vmt,149,149
materials/maps/bhop_ln_portal/tile/observation_tilefloor001a_-357_1369_-10339.vmt,149,149
materials/maps/bhop_ln_portal/tile/observation_tilefloor001a_-374_-132_-14157.vmt,149,149
materials/maps/bhop_ln_portal/tile/observation_tilefloor001a_-379_1214_-12343.vmt,149,149
materials/maps/bhop_ln_portal/tile/observation_tilefloor001a_-379_1214_-12471.vmt,149,149
materials/maps/bhop_ln_portal/tile/observation_tilefloor001a_-490_644_-14190.vmt,148,148
materials/maps/bhop_ln_portal/tile/observation_tilefloor001a_-58_-200_-15054.vmt,148,148
materials/maps/bhop_ln_portal/tile/observation_tilefloor001a_1128_-820_-15483.vmt,149,149
materials/maps/bhop_ln_portal/tile/observation_tilefloor001a_1259_-316_-15504.vmt,149,149
materials/maps/bhop_ln_portal/tile/observation_tilefloor001a_298_1537_-9495.vmt,147,147
materials/maps/bhop_ln_portal/tile/observation_tilefloor001a_32_1760_-8968.vmt,146,146
materials/maps/bhop_ln_portal/tile/observation_tilefloor001a_40_1218_-11929.vmt,147,147
materials/maps/bhop_ln_portal/tile/observation_tilefloor001a_48_1266_-8904.vmt,146,146
materials/maps/bhop_ln_portal/tile/observation_tilefloor001a_613_-169_-14595.vmt,148,148
materials/maps/bhop_ln_portal/tile/observation_tilefloor001a_91_1080_-8887.vmt,146,146
materials\concrete\concrete_bts_floor002a.vmt,462,462
materials\concrete\concrete_bts_floor002a.vtf,175008,175008
materials\concrete\concrete_modular_ceiling001a.vmt,669,669
materials\concrete\concrete_modular_ceiling001a.vtf,174984,174984
materials\concrete\concrete_modular_ceiling001a_normal.vtf,174984,174984
materials\concrete\concrete_modular_floor001_height-ssbump.vtf,349784,349784
materials\concrete\concrete_modular_floor001a.vmt,915,915
materials\concrete\concrete_modular_floor001a.vtf,349784,349784
materials\concrete\concrete_modular_floor001a_normal.vtf,174984,174984
materials\concrete\concrete_modular_floor001b.vmt,917,917
materials\concrete\concrete_modular_floor001b.vtf,174984,174984
materials\concrete\concrete_modular_floor001c.vmt,914,914
materials\concrete\concrete_modular_floor001c.vtf,175008,175008
materials\concrete\concrete_modular_floor002_height-ssbump.vtf,349784,349784
materials\concrete\concrete_modular_floor002_normal.vtf,699272,699272
materials\concrete\concrete_modular_wall001a.vmt,883,883
materials\concrete\concrete_modular_wall001a.vtf,174984,174984
materials\concrete\concrete_modular_wall001a_height-ssbump.vtf,349760,349760
materials\concrete\concrete_modular_wall001a_normal.vtf,699272,699272
materials\concrete\concrete_modular_wall001b.vmt,883,883
materials\concrete\concrete_modular_wall001b.vtf,174984,174984
materials\concrete\concrete_modular_wall001c.vmt,883,883
materials\concrete\concrete_modular_wall001c.vtf,174984,174984
materials\concrete\concrete_modular_wall001d.vmt,883,883
materials\concrete\concrete_modular_wall001d.vtf,174984,174984
materials\concrete\concrete_modular_wall001e.vmt,884,884
materials\concrete\concrete_modular_wall001e.vtf,174984,174984
materials\concrete\concrete_modular_wall001f.vmt,883,883
materials\concrete\concrete_modular_wall001f.vtf,174984,174984
materials\concrete\observationwall_001a.vmt,824,824
materials\concrete\observationwall_001a.vtf,175008,175008
materials\concrete\observationwall_001a_height-ssbump.vtf,175008,175008
materials\concrete\observationwall_001a_normal.vtf,174984,174984
materials\concrete\observationwall_001b.vmt,1126,1126
materials\concrete\observationwall_001b.vtf,175008,175008
materials\concrete\observationwall_001b_height-ssbump.vtf,349784,349784
materials\concrete\observationwall_001b_normal.vtf,349784,349784
materials\custom\finish_banner.vmt,102,102
materials\custom\finish_banner.vtf,349712,349712
materials\decals\orange_spot.vmt,320,320
materials\decals\orange_spot.vtf,175048,175048
materials\decals\overlay_light_gradient.vmt,173,173
materials\decals\overlay_light_gradient.vtf,87552,87552
materials\detail\detail_concrete_01.vtf,175008,175008
materials\detail\detail_concrete_02.vtf,175008,175008
materials\detail\detail_concrete_03.vtf,175008,175008
materials\dev\watera_normal.vtf,349756,349756
materials\effects\light_rail_beam1.vmt,447,447
materials\effects\light_rail_beam1.vtf,262351,262351
materials\glass\glass_normal.vtf,349760,349760
materials\glass\glasswindow_frosted.vmt,358,358
materials\glass\glasswindow_frosted.vtf,349760,349760
materials\glass\glasswindow_frosted_002.vmt,364,364
materials\glass\glasswindow_frosted_002.vtf,349760,349760
materials\glass\glasswindow_frosted_003.vmt,348,348
materials\glass\glasswindow_frosted_003.vtf,349760,349760
materials\glass\glasswindow_frosted_003_dx8.vtf,349784,349784
materials\glass\glasswindow_frosted_003b.vmt,242,242
materials\glass\glasswindow_frosted_003b.vtf,349784,349784
materials\glass\glasswindow_frosted_dx8.vtf,349784,349784
materials\glass\glasswindow_refract01.vmt,406,406
materials\lights\light_orange001.vmt,153,153
materials\lights\light_orange001.vtf,2952,2952
materials\lights\light_recessedcool002.vmt,190,190
materials\lights\light_recessedcool002.vtf,5624,5624
materials\lights\white002.vtf,2936,2936
materials\lights\white008.vmt,144,144
materials\lights\white009.vmt,144,144
materials\metal\metal_lift001.vmt,241,241
materials\metal\metal_lift001.vtf,349784,349784
materials\metal\metal_lift001_gradient.vmt,240,240
materials\metal\metal_lift001_gradient.vtf,349784,349784
materials\metal\metal_lift001e.vmt,216,216
materials\metal\metal_lift001e.vtf,349784,349784
materials\metal\metal_modular_floor001.vmt,431,431
materials\metal\metal_modular_floor001.vtf,175008,175008
materials\metal\metal_modular_floor001_height-ssbump.vtf,349784,349784
materials\metal\metalfloor_bts_001a.vmt,206,206
materials\metal\metalfloor_bts_001a.vtf,174984,174984
materials\metal\metalgrate018.vmt,227,227
materials\metal\metalgrate018.vtf,87616,87616
materials\metal\metalgrate018b.vmt,185,185
materials\metal\metalgrate018b.vtf,87616,87616
materials\metal\metalwall048b.vmt,965,965
materials\metal\metalwall048b.vtf,349760,349760
materials\metal\metalwall048b_dx8.vtf,349784,349784
materials\metal\metalwall048b_height-ssbump.vtf,1398332,1398332
materials\metal\metalwall048b_lrg.vmt,1045,1045
materials\metal\metalwall048b_lrg.vtf,349760,349760
materials\metal\metalwall048b_lrg_dx8.vtf,349784,349784
materials\metal\metalwall048b_lrg_height-ssbump.vtf,1398332,1398332
materials\metal\metalwall048b_lrg_normal.vtf,1398332,1398332
materials\metal\metalwall048b_med.vmt,1001,1001
materials\metal\metalwall048b_med.vtf,349760,349760
materials\metal\metalwall048b_med_dx8.vtf,349784,349784
materials\metal\metalwall048b_med_height-ssbump.vtf,1398332,1398332
materials\metal\metalwall048b_med_normal.vtf,1398332,1398332
materials\metal\metalwall048b_normal.vtf,1398332,1398332
materials\metal\metalwall048c.vmt,869,869
materials\metal\metalwall048c.vtf,349760,349760
materials\metal\metalwall048e.vmt,483,483
materials\metal\metalwall048e.vtf,349760,349760
materials\metal\metalwall_bts_005a.vmt,136,136
materials\metal\metalwall_bts_005a.vtf,349760,349760
materials\metal\metalwall_bts_006a.vmt,398,398
materials\metal\metalwall_bts_006a.vtf,174984,174984
materials\metal\metalwall_bts_006a_normal.vtf,349760,349760
materials\metal\metalwall_bts_006b_gradient.vmt,238,238
materials\metal\metalwall_bts_006b_gradient.vtf,349784,349784
materials\models\effects\comball_glow1.vmt,168,168
materials\models\effects\comball_glow1.vtf,22036,22036
materials\models\effects\comball_glow2.vmt,229,229
materials\models\effects\comball_glow2.vtf,16575,16575
materials\models\effects\comball_sphere.vmt,322,322
materials\models\effects\comball_sphere.vtf,11128,11128
materials\models\effects\comball_tape.vmt,318,318
materials\models\effects\comball_tape.vtf,11112,11112
materials\models\props\autoportal_frame\autoportal_frame.vmt,366,366
materials\models\props\autoportal_frame\autoportal_frame.vtf,349784,349784
materials\models\props\autoportal_frame\autoportal_frame_exp.vtf,22104,22104
materials\models\props\autoportal_frame\autoportal_frame_n.vtf,349784,349784
materials\models\props\ball_catcher_sheet.vmt,480,480
materials\models\props\ball_catcher_sheet.vtf,349784,349784
materials\models\props\ball_catcher_sheet_exponent.vtf,22104,22104
materials\models\props\ball_catcher_sheet_lightwarp.vtf,16525,16525
materials\models\props\ball_catcher_sheet_normal.vtf,22104,22104
materials\models\props\bed01.vmt,437,437
materials\models\props\bed01.vtf,5592664,5592664
materials\models\props\bed01_exponent.vtf,699296,699296
materials\models\props\bed01_glass.vmt,517,517
materials\models\props\bed01_glass.vtf,349784,349784
materials\models\props\bed01_normal.vtf,87640,87640
materials\models\props\box_dropper.vmt,94,94
materials\models\props\box_dropper.vtf,349784,349784
materials\models\props\box_dropper_tube.vmt,500,500
materials\models\props\box_dropper_tube.vtf,22104,22104
materials\models\props\box_dropper_tube_normal.vtf,349784,349784
materials\models\props\button.vmt,434,434
materials\models\props\button.vtf,1398360,1398360
materials\models\props\button_exponent.vtf,699296,699296
materials\models\props\button_normal.vtf,1398360,1398360
materials\models\props\clock.vmt,423,423
materials\models\props\clock.vtf,87640,87640
materials\models\props\clock_exponent.vtf,11168,11168
materials\models\props\clock_lightwarp.vtf,16525,16525
materials\models\props\clock_normal.vtf,22104,22104
materials\models\props\combine_ball_launcher.vmt,492,492
materials\models\props\combine_ball_launcher.vtf,349784,349784
materials\models\props\combine_ball_launcher_exponent.vtf,174984,174984
materials\models\props\combine_ball_launcher_lightwarp.vtf,16525,16525
materials\models\props\combine_ball_launcher_normal.vtf,1398336,1398336
materials\models\props\combine_metal.vmt,87,87
materials\models\props\door_01.vmt,438,438
materials\models\props\door_01.vtf,349784,349784
materials\models\props\door_01_exponent.vtf,11168,11168
materials\models\props\door_01_normal.vtf,22104,22104
materials\models\props\door_02.vmt,437,437
materials\models\props\door_02.vtf,349784,349784
materials\models\props\door_02_a.vmt,439,439
materials\models\props\door_02_a.vtf,349784,349784
materials\models\props\door_02_b.vmt,439,439
materials\models\props\door_02_b.vtf,349784,349784
materials\models\props\door_02_exponent.vtf,22104,22104
materials\models\props\door_02_lightwarp.vtf,16525,16525
materials\models\props\door_02_normal.vtf,22104,22104
materials\models\props\elevator_caps\elevator_caps.vmt,385,385
materials\models\props\elevator_caps\elevator_caps.vtf,1398360,1398360
materials\models\props\elevator_caps\elevator_caps_exp.vtf,175008,175008
materials\models\props\elevator_glass.vmt,84,84
materials\models\props\elevator_glass.vtf,175008,175008
materials\models\props\elevatorshaft_wall\elevatorshaft_wall.vmt,421,421
materials\models\props\elevatorshaft_wall\elevatorshaft_wall.vtf,1398360,1398360
materials\models\props\elevatorshaft_wall\elevatorshaft_wall_exp.vtf,699296,699296
materials\models\props\glados_stairs.vmt,376,376
materials\models\props\glados_stairs.vtf,699296,699296
materials\models\props\glados_stairs_exponent.vtf,43936,43936
materials\models\props\glados_stairs_glass.vmt,400,400
materials\models\props\glados_stairs_glass.vtf,1398360,1398360
materials\models\props\glados_stairs_normal.vtf,87640,87640
materials\models\props\hospital_ivstand01.vmt,192,192
materials\models\props\hospital_ivstand01.vtf,87544,87544
materials\models\props\lab_chair\lab_chair.vmt,450,450
materials\models\props\lab_chair\lab_chair.vtf,349784,349784
materials\models\props\lab_chair\lab_chair_exp.vtf,43936,43936
materials\models\props\lab_chair\lab_chair_n.vtf,87640,87640
materials\models\props\lab_desk01\lab_desk01.vmt,103,103
materials\models\props\lab_desk01\lab_desk01.vtf,175008,175008
materials\models\props\lab_desk02\lab_desk02.vmt,103,103
materials\models\props\lab_desk02\lab_desk02.vtf,175008,175008
materials\models\props\lab_desk03\lab_desk03.vmt,103,103
materials\models\props\lab_desk03\lab_desk03.vtf,349784,349784
materials\models\props\lab_desk04\lab_desk04.vmt,103,103
materials\models\props\lab_desk04\lab_desk04.vtf,349784,349784
materials\models\props\lab_desk05\lab_desk05.vmt,105,105
materials\models\props\lab_desk05\lab_desk05.vtf,175008,175008
materials\models\props\lab_monitor\lab_monitor.vmt,344,344
materials\models\props\lab_monitor\lab_monitor.vtf,349784,349784
materials\models\props\lab_monitor\lab_monitor_exp.vtf,349784,349784
materials\models\props\lab_monitor\lab_monitor_logo.vmt,2711,2711
materials\models\props\lab_monitor\lab_monitor_logo.vtf,349784,349784
materials\models\props\lab_monitor\lab_monitor_n.vtf,87640,87640
materials\models\props\lab_monitor\lab_monitor_off.vmt,2703,2703
materials\models\props\lab_monitor\lab_monitor_off.vtf,160,160
materials\models\props\lab_monitor\lab_monitor_screen.vmt,2689,2689
materials\models\props\lab_monitor\lab_monitor_screen_fast.vmt,2689,2689
materials\models\props\lab_monitor\lab_monitor_screen_slow.vmt,2688,2688
materials\models\props\lab_monitor\lab_monitor_screen_text.vtf,349712,349712
materials\models\props\lift_platform.vmt,458,458
materials\models\props\lift_platform.vtf,174984,174984
materials\models\props\lift_platform_exponent.vtf,11168,11168
materials\models\props\lift_platform_lightwarp.vtf,16525,16525
materials\models\props\lift_platform_normal.vtf,22104,22104
materials\models\props\light_rail_corner.vmt,476,476
materials\models\props\light_rail_corner.vtf,349784,349784
materials\models\props\light_rail_corner_exponent.vtf,22104,22104
materials\models\props\light_rail_corner_lightwarp.vtf,16525,16525
materials\models\props\light_rail_corner_normal.vtf,22104,22104
materials\models\props\light_rail_endcap.vmt,480,480
materials\models\props\light_rail_endcap.vtf,349784,349784
materials\models\props\light_rail_endcap_exponent.vtf,22104,22104
materials\models\props\light_rail_endcap_glass.vmt,107,107
materials\models\props\light_rail_endcap_glass.vtf,87616,87616
materials\models\props\light_rail_endcap_lightwarp.vtf,16525,16525
materials\models\props\light_rail_endcap_normal.vtf,22104,22104
materials\models\props\light_rail_platform.vmt,465,465
materials\models\props\light_rail_platform.vtf,175008,175008
materials\models\props\light_rail_platform_exponent.vtf,11168,11168
materials\models\props\light_rail_platform_lightwarp.vtf,16525,16525
materials\models\props\light_rail_platform_normal.vtf,22104,22104
materials\models\props\light_rail_wall_emitter.vmt,496,496
materials\models\props\light_rail_wall_emitter.vtf,22104,22104
materials\models\props\metal_box.vmt,441,441
materials\models\props\metal_box.vtf,349784,349784
materials\models\props\metal_box_exponent.vtf,11168,11168
materials\models\props\metal_box_lightwarp.vtf,16525,16525
materials\models\props\metal_box_normal.vtf,22104,22104
materials\models\props\metal_box_skin001.vmt,402,402
materials\models\props\metal_box_skin001.vtf,349784,349784
materials\models\props\pedestal.vmt,351,351
materials\models\props\pedestal.vtf,1398360,1398360
materials\models\props\pedestal_exponent.vtf,11168,11168
materials\models\props\pedestal_glass.vmt,167,167
materials\models\props\pedestal_glass.vtf,175008,175008
materials\models\props\pedestal_normal.vtf,22104,22104
materials\models\props\portal_cleanser.vmt,473,473
materials\models\props\portal_cleanser.vtf,349784,349784
materials\models\props\portal_cleanser_exponent.vtf,11168,11168
materials\models\props\portal_cleanser_normal.vtf,22104,22104
materials\models\props\radio.vmt,427,427
materials\models\props\radio.vtf,349784,349784
materials\models\props\radio_exponent.vtf,11168,11168
materials\models\props\radio_normal.vtf,22104,22104
materials\models\props\round_elevator_sheet_1.vmt,415,415
materials\models\props\round_elevator_sheet_1.vtf,2796448,2796448
materials\models\props\round_elevator_sheet_1_exponent.vtf,43936,43936
materials\models\props\round_elevator_sheet_1_normal.vtf,87640,87640
materials\models\props\round_elevator_sheet_2.vmt,432,432
materials\models\props\round_elevator_sheet_2.vtf,349784,349784
materials\models\props\round_elevator_sheet_2_exponent.vtf,11168,11168
materials\models\props\round_elevator_sheet_2_normal.vtf,22104,22104
materials\models\props\round_elevator_sheet_3.vmt,433,433
materials\models\props\round_elevator_sheet_3.vtf,5592664,5592664
materials\models\props\round_elevator_sheet_3_exponent.vtf,43936,43936
materials\models\props\round_elevator_sheet_3_normal.vtf,87640,87640
materials\models\props\security_camera.vmt,372,372
materials\models\props\security_camera.vtf,87640,87640
materials\models\props\security_camera_exponent.vtf,11168,11168
materials\models\props\security_camera_normal.vtf,22104,22104
materials\models\props\shelf128\shelf128.vmt,99,99
materials\models\props\shelf128\shelf128.vtf,349784,349784
materials\models\props\sign_frame01\sign_frame01.vmt,280,280
materials\models\props\sign_frame01\sign_frame01.vtf,87640,87640
materials\models\props\sign_frame01\sign_frame01_exp.vtf,11168,11168
materials\models\props\sign_frame02\sign_frame02.vmt,280,280
materials\models\props\sign_frame02\sign_frame02.vtf,349784,349784
materials\models\props\sign_frame02\sign_frame02_exp.vtf,11168,11168
materials\models\props\sphere.vmt,230,230
materials\models\props\sphere.vtf,87640,87640
materials\models\props\sphere_lit.vmt,204,204
materials\models\props\sphere_lit.vtf,87640,87640
materials\models\props\sphere_lit01.vmt,235,235
materials\models\props\sphere_lit02.vmt,237,237
materials\models\props\sphere_lit03.vmt,237,237
materials\models\props\sphere_lit04.vmt,237,237
materials\models\props\sphere_lit05.vmt,237,237
materials\models\props\sphere_lit06.vmt,237,237
materials\models\props\sphere_lit07.vmt,237,237
materials\models\props\sphere_lit08.vmt,237,237
materials\models\props\sphere_lit09.vmt,237,237
materials\models\props\sphere_lit10.vmt,234,234
materials\models\props\sphere_shelf.vmt,100,100
materials\models\props\sphere_shelf.vtf,699296,699296
materials\models\props\switch001.vmt,443,443
materials\models\props\switch001.vtf,349784,349784
materials\models\props\switch001_exponent.vtf,11168,11168
materials\models\props\switch001_lightwarp.vtf,16525,16525
materials\models\props\switch001_normal.vtf,22104,22104
materials\models\props\table.vmt,409,409
materials\models\props\table.vtf,175008,175008
materials\models\props\table_exponent.vtf,11168,11168
materials\models\props\table_normal.vtf,22104,22104
materials\models\props\toilet.vmt,414,414
materials\models\props\toilet.vtf,175008,175008
materials\models\props\toilet_exponent.vtf,11168,11168
materials\models\props\toilet_normal.vtf,22104,22104
materials\models\props\turret_01.vmt,444,444
materials\models\props\turret_01.vtf,175008,175008
materials\models\props\turret_01_exponent.vtf,11168,11168
materials\models\props\turret_01_inactive.vmt,453,453
materials\models\props\turret_01_inactive.vtf,175008,175008
materials\models\props\turret_01_lightwarp.vtf,16549,16549
materials\models\props\turret_01_normal.vtf,22104,22104
materials\models\props_animsigns\awe_blank.vmt,129,129
materials\models\props_animsigns\awe_blank.vtf,248,248
materials\models\props_animsigns\awe_total.vmt,143,143
materials\models\props_animsigns\awe_total.vtf,2796408,2796408
materials\models\props_animsigns\awe_total_grey.vmt,149,149
materials\models\props_animsigns\awe_total_grey.vtf,2796408,2796408
materials\models\props_animsigns\newsignage_back00.vmt,138,138
materials\models\props_animsigns\newsignage_back00.vtf,87568,87568
materials\models\props_animsigns\newsignage_back01.vmt,134,134
materials\models\props_animsigns\newsignage_back01.vtf,174968,174968
materials\models\props_animsigns\newsignage_back02.vmt,136,136
materials\models\props_animsigns\newsignage_back02.vtf,174968,174968
materials\models\props_bts\bts_chair.vmt,110,110
materials\models\props_bts\bts_chair.vtf,174984,174984
materials\models\props_bts\bts_clipboard.vmt,114,114
materials\models\props_bts\bts_clipboard.vtf,43912,43912
materials\models\props_bts\bts_clipboard_a.vmt,116,116
materials\models\props_bts\bts_clipboard_a.vtf,43912,43912
materials\models\props_bts\bts_clipboard_b.vmt,116,116
materials\models\props_bts\bts_clipboard_b.vtf,43912,43912
materials\models\props_bts\bts_clipboard_c.vmt,116,116
materials\models\props_bts\bts_clipboard_c.vtf,43936,43936
materials\models\props_bts\bts_clipboard_d.vmt,116,116
materials\models\props_bts\bts_clipboard_d.vtf,43936,43936
materials\models\props_bts\bts_stool.vmt,110,110
materials\models\props_bts\bts_stool.vtf,87544,87544
materials\models\props_bts\bts_table.vmt,110,110
materials\models\props_bts\bts_table.vtf,174984,174984
materials\models\props_bts\bts_turret.vmt,111,111
materials\models\props_bts\bts_turret.vtf,174984,174984
materials\models\props_bts\cage_light.vmt,132,132
materials\models\props_bts\cage_light.vtf,22080,22080
materials\models\props_bts\clear_tubes.vmt,410,410
materials\models\props_bts\clear_tubes.vtf,349784,349784
materials\models\props_bts\clear_tubes_broken_glass.vmt,546,546
materials\models\props_bts\clear_tubes_broken_glass.vtf,87640,87640
materials\models\props_bts\clear_tubes_exponent.vtf,11168,11168
materials\models\props_bts\clear_tubes_glass.vmt,546,546
materials\models\props_bts\clear_tubes_glass.vtf,43936,43936
materials\models\props_bts\clear_tubes_lightwarp.vtf,16525,16525
materials\models\props_bts\clear_tubes_normal.vtf,22104,22104
materials\models\props_bts\emergency_phone.vmt,128,128
materials\models\props_bts\emergency_phone.vtf,349784,349784
materials\models\props_bts\fan01.vmt,440,440
materials\models\props_bts\fan01.vtf,174984,174984
materials\models\props_bts\fan01_exponent.vtf,11168,11168
materials\models\props_bts\fan01_lightwarp.vtf,16525,16525
materials\models\props_bts\fan01_normal.vtf,22104,22104
materials\models\props_bts\glados_aperturedoor.vmt,393,393
materials\models\props_bts\glados_aperturedoor.vtf,349784,349784
materials\models\props_bts\glados_ball.vmt,133,133
materials\models\props_bts\glados_ball.vtf,349784,349784
materials\models\props_bts\glados_ball_01.vmt,374,374
materials\models\props_bts\glados_ball_01.vtf,1398360,1398360
materials\models\props_bts\glados_ball_02.vmt,372,372
materials\models\props_bts\glados_ball_02.vtf,1398360,1398360
materials\models\props_bts\glados_ball_03.vmt,370,370
materials\models\props_bts\glados_ball_03.vtf,1398360,1398360
materials\models\props_bts\glados_ball_04.vmt,372,372
materials\models\props_bts\glados_ball_04.vtf,1398360,1398360
materials\models\props_bts\glados_ball_exponent.vtf,11168,11168
materials\models\props_bts\glados_ball_normal.vtf,22104,22104
materials\models\props_bts\glados_body.vmt,365,365
materials\models\props_bts\glados_body.vtf,5592664,5592664
materials\models\props_bts\glados_body_exponent.vtf,175008,175008
materials\models\props_bts\glados_body_normal.vtf,349784,349784
materials\models\props_bts\glados_bunker.vmt,367,367
materials\models\props_bts\glados_bunker.vtf,2796448,2796448
materials\models\props_bts\glados_bunker_exponent.vtf,11168,11168
materials\models\props_bts\glados_bunker_glass.vmt,176,176
materials\models\props_bts\glados_bunker_glass.vtf,5592664,5592664
materials\models\props_bts\glados_bunker_normal.vtf,22104,22104
materials\models\props_bts\glados_disc.vmt,365,365
materials\models\props_bts\glados_disc.vtf,1398360,1398360
materials\models\props_bts\glados_disc_exponent.vtf,43936,43936
materials\models\props_bts\glados_disc_normal.vtf,87640,87640
materials\models\props_bts\glados_floorlight.vmt,153,153
materials\models\props_bts\glados_floorlight.vtf,2796448,2796448
materials\models\props_bts\glados_floorlight_glass.vmt,180,180
materials\models\props_bts\glados_floorlight_glass.vtf,699296,699296
materials\models\props_bts\glados_generator.vmt,154,154
materials\models\props_bts\glados_generator_sheet_01.vmt,409,409
materials\models\props_bts\glados_generator_sheet_01.vtf,5592664,5592664
materials\models\props_bts\glados_generator_sheet_01_exponent.vtf,43936,43936
materials\models\props_bts\glados_generator_sheet_01_normal.vtf,87640,87640
materials\models\props_bts\glados_generator_sheet_02.vmt,399,399
materials\models\props_bts\glados_generator_sheet_02.vtf,5592664,5592664
materials\models\props_bts\glados_generator_sheet_02_exponent.vtf,43936,43936
materials\models\props_bts\glados_generator_sheet_02_normal.vtf,87640,87640
materials\models\props_bts\glados_generator_sheet_03.vmt,399,399
materials\models\props_bts\glados_generator_sheet_03.vtf,699296,699296
materials\models\props_bts\glados_generator_sheet_03_exponent.vtf,43936,43936
materials\models\props_bts\glados_generator_sheet_03_normal.vtf,87640,87640
materials\models\props_bts\glados_generator_sheet_04.vmt,405,405
materials\models\props_bts\glados_generator_sheet_04.vtf,175008,175008
materials\models\props_bts\glados_generator_sheet_04_exponent.vtf,43936,43936
materials\models\props_bts\glados_generator_sheet_04_normal.vtf,87640,87640
materials\models\props_bts\glados_platform.vmt,151,151
materials\models\props_bts\glados_platform.vtf,175008,175008
materials\models\props_bts\glados_platform_glass.vmt,178,178
materials\models\props_bts\glados_platform_glass.vtf,5592664,5592664
materials\models\props_bts\glados_screenborder.vmt,383,383
materials\models\props_bts\glados_screenborder.vtf,175008,175008
materials\models\props_bts\glados_screenborder_exponent.vtf,11168,11168
materials\models\props_bts\glados_screenborder_normal.vtf,22104,22104
materials\models\props_bts\horizontal_piston.vmt,216,216
materials\models\props_bts\horizontal_piston.vtf,1398360,1398360
materials\models\props_bts\lab_floorlight.vmt,368,368
materials\models\props_bts\lab_floorlight.vtf,43936,43936
materials\models\props_bts\lab_floorlight_exponent.vtf,11168,11168
materials\models\props_bts\lab_floorlight_glass.vmt,177,177
materials\models\props_bts\lab_floorlight_glass.vtf,87640,87640
materials\models\props_bts\lab_floorlight_normal.vtf,22104,22104
materials\models\props_bts\lab_phone.vmt,122,122
materials\models\props_bts\lab_phone.vtf,174984,174984
materials\models\props_bts\ladder_01.vmt,163,163
materials\models\props_bts\ladder_01.vtf,174984,174984
materials\models\props_bts\metal_block.vmt,107,107
materials\models\props_bts\metal_block.vtf,87640,87640
materials\models\props_bts\mini_piston.vmt,210,210
materials\models\props_bts\mini_piston.vtf,349784,349784
materials\models\props_bts\projector.vmt,164,164
materials\models\props_bts\projector.vtf,87600,87600
materials\models\props_bts\projector_ref.vtf,2936,2936
materials\models\props_bts\rocket_sentry.vmt,369,369
materials\models\props_bts\rocket_sentry.vtf,349784,349784
materials\models\props_bts\rocket_sentry_b.vmt,365,365
materials\models\props_bts\rocket_sentry_b.vtf,349784,349784
materials\models\props_bts\rocket_sentry_c.vmt,363,363
materials\models\props_bts\rocket_sentry_c.vtf,349784,349784
materials\models\props_bts\rocket_sentry_exponent.vtf,11168,11168
materials\models\props_bts\rocket_sentry_inactive.vmt,142,142
materials\models\props_bts\rocket_sentry_inactive.vtf,175008,175008
materials\models\props_bts\rocket_sentry_normal.vtf,22104,22104
materials\models\props_bts\vertical_piston.vmt,214,214
materials\models\props_bts\vertical_piston.vtf,1398360,1398360
materials\models\props_junk\bicycle01a.vmt,198,198
materials\models\props_junk\bicycle01a.vtf,87600,87600
materials\models\props_junk\bicycle02a.vmt,198,198
materials\models\props_junk\bicycle02a.vtf,87600,87600
materials\models\props_junk\bicycle03a.vmt,198,198
materials\models\props_junk\bicycle03a.vtf,87600,87600
materials\models\props_junk\cardboard_boxes001a.vmt,207,207
materials\models\props_junk\cardboard_boxes001a.vtf,349744,349744
materials\models\props_junk\cinderblock01a.vmt,152,152
materials\models\props_junk\cinderblock01a.vtf,43896,43896
materials\models\props_junk\fruit_objects01.vmt,79,79
materials\models\props_junk\fruit_objects01.vtf,174968,174968
materials\models\props_junk\garbage001a_01.vmt,163,163
materials\models\props_junk\garbage001a_01.vtf,174968,174968
materials\models\props_junk\garbage002a_01.vmt,165,165
materials\models\props_junk\garbage002a_01.vtf,174968,174968
materials\models\props_junk\garbage003a_01.vmt,165,165
materials\models\props_junk\garbage003a_01.vtf,174968,174968
materials\models\props_junk\glass_objects01.vmt,205,205
materials\models\props_junk\glass_objects01.vtf,349744,349744
materials\models\props_junk\glass_objects01_m.vtf,174968,174968
materials\models\props_junk\glassbottle01a.vmt,202,202
materials\models\props_junk\glassbottle01a.vtf,43856,43856
materials\models\props_junk\glassbottle01b.vmt,307,307
materials\models\props_junk\glassbottle01b.vtf,43856,43856
materials\models\props_junk\i-beam01.vmt,196,196
materials\models\props_junk\i-beam01.vtf,87536,87536
materials\models\props_junk\i-beam_cluster01.vmt,204,204
materials\models\props_junk\i-beam_cluster01.vtf,349744,349744
materials\models\props_junk\metalbucket01a.vmt,202,202
materials\models\props_junk\metalbucket01a.vtf,349744,349744
materials\models\props_junk\metalgascan.vmt,157,157
materials\models\props_junk\metalgascan.vtf,87600,87600
materials\models\props_junk\phys_objects01a.vmt,202,202
materials\models\props_junk\phys_objects01a.vtf,349744,349744
materials\models\props_junk\phys_objects02a.vmt,202,202
materials\models\props_junk\phys_objects02a.vtf,349744,349744
materials\models\props_junk\phys_objects03a.vmt,202,202
materials\models\props_junk\phys_objects03a.vtf,349744,349744
materials\models\props_junk\plastic_junk001a.vmt,233,233
materials\models\props_junk\plastic_junk001a.vtf,349744,349744
materials\models\props_junk\plasticcrate01a.vmt,146,146
materials\models\props_junk\plasticcrate01a.vtf,349744,349744
materials\models\props_junk\plasticcrate01b.vmt,131,131
materials\models\props_junk\plasticcrate01b.vtf,349744,349744
materials\models\props_junk\plasticcrate01c.vmt,131,131
materials\models\props_junk\plasticcrate01c.vtf,349744,349744
materials\models\props_junk\plasticcrate01d.vmt,131,131
materials\models\props_junk\plasticcrate01d.vtf,349744,349744
materials\models\props_junk\plasticcrate01e.vmt,131,131
materials\models\props_junk\plasticcrate01e.vtf,349744,349744
materials\models\props_junk\popcan01a.vmt,201,201
materials\models\props_junk\popcan01a.vtf,21992,21992
materials\models\props_junk\popcan02a.vmt,201,201
materials\models\props_junk\popcan02a.vtf,21992,21992
materials\models\props_junk\popcan03a.vmt,201,201
materials\models\props_junk\popcan03a.vtf,21992,21992
materials\models\props_junk\pot_objects01.vmt,77,77
materials\models\props_junk\pot_objects01.vtf,43896,43896
materials\models\props_junk\propanecanister01a.vmt,206,206
materials\models\props_junk\propanecanister01a.vtf,22064,22064
materials\models\props_junk\propanecanister01b.vmt,206,206
materials\models\props_junk\propanecanister01b.vtf,22064,22064
materials\models\props_junk\pushcart01a.vmt,107,107
materials\models\props_junk\pushcart01a.vtf,174968,174968
materials\models\props_junk\ravenholmsign_sheet.vmt,154,154
materials\models\props_junk\ravenholmsign_sheet.vtf,43896,43896
materials\models\props_junk\rock_junk001a.vmt,205,205
materials\models\props_junk\rock_junk001a.vtf,2936,2936
materials\models\props_junk\shoe001a.vmt,198,198
materials\models\props_junk\shoe001a.vtf,22064,22064
materials\models\props_junk\shovel01a.vmt,230,230
materials\models\props_junk\shovel01a.vtf,174928,174928
materials\models\props_junk\trafficcone001a.vmt,227,227
materials\models\props_junk\trafficcone001a.vtf,22064,22064
materials\models\props_junk\trash01a.vmt,267,267
materials\models\props_junk\trash01a.vtf,349744,349744
materials\models\props_junk\trash01a_mask.vtf,174968,174968
materials\models\props_junk\trashdumpster01a.vmt,234,234
materials\models\props_junk\trashdumpster01a.vtf,349744,349744
materials\models\props_junk\trashdumpster02.vmt,239,239
materials\models\props_junk\trashdumpster02.vtf,699256,699256
materials\models\props_junk\vent001.vmt,302,302
materials\models\props_junk\vent001.vtf,174968,174968
materials\models\props_junk\vent001_normal.vtf,349744,349744
materials\models\props_junk\wheelbarrowo1a.vmt,230,230
materials\models\props_junk\wheelbarrowo1a.vtf,349744,349744
materials\models\props_junk\wood_palletcrate001a.vmt,211,211
materials\models\props_junk\wood_palletcrate001a.vtf,174968,174968
materials\models\props_junk\woodcrates01a.vmt,204,204
materials\models\props_junk\woodcrates01a.vtf,174968,174968
materials\models\props_junk\woodcrates02a.vmt,204,204
materials\models\props_junk\woodcrates02a.vtf,174968,174968
materials\nature\hazard_liquid.vmt,1189,1189
materials\nature\hazard_liquid.vtf,1398360,1398360
materials\nature\slime_normal.vtf,10136388,10136388
materials\objects\flat_panel_tv.vmt,370,370
materials\objects\flat_panel_tv.vtf,349760,349760
materials\objects\flat_panel_tv_height-ssbump.vtf,349784,349784
materials\overlays\stain_concrete001.vmt,147,147
materials\overlays\stain_concrete001.vtf,349760,349760
materials\overlays\stain_concrete002.vmt,147,147
materials\overlays\stain_concrete002.vtf,349760,349760
materials\overlays\stain_concrete005.vmt,154,154
materials\overlays\stain_concrete005.vtf,349784,349784
materials\overlays\stain_tile001.vmt,125,125
materials\overlays\stain_tile001.vtf,22080,22080
materials\plastic\plastic_light002a.vmt,369,369
materials\plastic\plastic_light002a.vtf,175008,175008
materials\plastic\plastic_light002c.vmt,254,254
materials\plastic\plastic_light002c.vtf,87640,87640
materials\plastic\plasticwall001a.vmt,843,843
materials\plastic\plasticwall001a.vtf,174984,174984
materials\plastic\plasticwall001a_normal.vtf,174984,174984
materials\plastic\plasticwall001b.vmt,708,708
materials\plastic\plasticwall001b.vtf,174984,174984
materials\plastic\plasticwall001b_normal.vtf,174984,174984
materials\plastic\plasticwall002a.vmt,843,843
materials\plastic\plasticwall002a.vtf,175008,175008
materials\plastic\plasticwall003a.vmt,480,480
materials\plastic\plasticwall003a.vtf,22008,22008
materials\plastic\plasticwall003a_height-ssbump.vtf,43928,43928
materials\plastic\plasticwall004a.vmt,382,382
materials\plastic\plasticwall004a.vtf,1528,1528
materials\plastic\plasticwall004a_height-ssbump.vtf,2968,2968
materials\signage\clock\clock_centiseconds.vmt,458,458
materials\signage\clock\clock_dots.vmt,139,139
materials\signage\clock\clock_dots.vtf,1528,1528
materials\signage\clock\clock_milliseconds.vmt,466,466
materials\signage\clock\clock_minutes.vmt,322,322
materials\signage\clock\clock_minutes.vtf,22080,22080
materials\signage\clock\clock_seconds.vmt,341,341
materials\signage\clock\countdown.vtf,656368,656368
materials\signage\clock\countdown_blurred.vtf,109568,109568
materials\signage\hazard_orange_03b.vmt,138,138
materials\signage\hazard_orange_03b.vtf,5632,5632
materials\signage\indicator_lights\indicator_lights_corner_floor.vmt,363,363
materials\signage\indicator_lights\indicator_lights_corner_floor.vtf,11208,11208
materials\signage\indicator_lights\indicator_lights_corner_wall.vmt,362,362
materials\signage\indicator_lights\indicator_lights_corner_wall.vtf,11208,11208
materials\signage\indicator_lights\indicator_lights_floor.vmt,356,356
materials\signage\indicator_lights\indicator_lights_floor.vtf,43944,43944
materials\signage\indicator_lights\indicator_lights_wall.vmt,355,355
materials\signage\indicator_lights\indicator_lights_wall.vtf,43944,43944
materials\signage\overlay_button_accent.vmt,157,157
materials\signage\overlay_button_accent.vtf,22080,22080
materials\signage\signage_arrow.vmt,134,134
materials\signage\signage_arrow.vtf,22080,22080
materials\signage\signage_border.vmt,124,124
materials\signage\signage_border.vtf,1528,1528
materials\signage\signage_doorstate.vmt,320,320
materials\signage\signage_doorstate.vtf,43976,43976
materials\signage\signage_exit.vmt,133,133
materials\signage\signage_exit.vtf,22080,22080
materials\signage\signage_overlay_arrow.vmt,155,155
materials\signage\signage_overlay_arrow.vtf,22104,22104
materials\signage\signage_overlay_boxdispenser.vmt,162,162
materials\signage\signage_overlay_boxdispenser.vtf,22104,22104
materials\signage\signage_overlay_boxhurt.vmt,157,157
materials\signage\signage_overlay_boxhurt.vtf,22104,22104
materials\signage\signage_overlay_catcher.vmt,157,157
materials\signage\signage_overlay_catcher.vtf,22104,22104
materials\signage\signage_overlay_energyball.vmt,160,160
materials\signage\signage_overlay_energyball.vtf,22104,22104
materials\signage\signage_overlay_fountain.vmt,158,158
materials\signage\signage_overlay_fountain.vtf,22104,22104
materials\signage\signage_overlay_toxic.vmt,155,155
materials\signage\signage_overlay_toxic.vtf,22104,22104
materials\tile\observation_tilefloor001a.vmt,883,883
materials\tile\observation_tilefloor001a.vtf,349784,349784
models\blackin.dx80.vtx,429,429
models\blackin.dx90.vtx,429,429
models\blackin.mdl,3880,3880
models\blackin.sw.vtx,421,421
models\blackin.vvd,1600,1600
models\effects\combineball.dx80.vtx,5352,5352
models\effects\combineball.dx90.vtx,5352,5352
models\effects\combineball.mdl,2868,2868
models\effects\combineball.sw.vtx,5320,5320
models\effects\combineball.vvd,19264,19264
models\props\autoportal_frame\autoportal_frame.dx80.vtx,10185,10185
models\props\autoportal_frame\autoportal_frame.dx90.vtx,10185,10185
models\props\autoportal_frame\autoportal_frame.mdl,1736,1736
models\props\autoportal_frame\autoportal_frame.phy,1374,1374
models\props\autoportal_frame\autoportal_frame.sw.vtx,10185,10185
models\props\autoportal_frame\autoportal_frame.vvd,49984,49984
models\props\box_dropper.dx80.vtx,74837,74837
models\props\box_dropper.dx90.vtx,74837,74837
models\props\box_dropper.mdl,1912,1912
models\props\box_dropper.phy,4950,4950
models\props\box_dropper.sw.vtx,74837,74837
models\props\box_dropper.vvd,214896,214896
models\props\box_dropper_cover.dx80.vtx,116454,116454
models\props\box_dropper_cover.dx90.vtx,116400,116400
models\props\box_dropper_cover.mdl,11792,11792
models\props\box_dropper_cover.phy,16592,16592
models\props\box_dropper_cover.sw.vtx,116080,116080
models\props\box_dropper_cover.vvd,328640,328640
models\props\button_base_reference.dx80.vtx,64563,64563
models\props\button_base_reference.dx90.vtx,64563,64563
models\props\button_base_reference.mdl,1448,1448
models\props\button_base_reference.phy,5424,5424
models\props\button_base_reference.sw.vtx,64563,64563
models\props\button_base_reference.vvd,143488,143488
models\props\button_top_reference.dx80.vtx,19934,19934
models\props\button_top_reference.dx90.vtx,19934,19934
models\props\button_top_reference.mdl,1484,1484
models\props\button_top_reference.phy,1671,1671
models\props\button_top_reference.sw.vtx,19918,19918
models\props\button_top_reference.vvd,70144,70144
models\props\clock.dx80.vtx,14601,14601
models\props\clock.dx90.vtx,14601,14601
models\props\clock.mdl,1456,1456
models\props\clock.phy,3345,3345
models\props\clock.sw.vtx,14593,14593
models\props\clock.vvd,54848,54848
models\props\combine_ball_catcher.dx80.vtx,279012,279012
models\props\combine_ball_catcher.dx90.vtx,279012,279012
models\props\combine_ball_catcher.mdl,10056,10056
models\props\combine_ball_catcher.sw.vtx,278500,278500
models\props\combine_ball_catcher.vvd,666432,666432
models\props\combine_ball_launcher.dx80.vtx,360444,360444
models\props\combine_ball_launcher.dx90.vtx,360444,360444
models\props\combine_ball_launcher.mdl,8080,8080
models\props\combine_ball_launcher.phy,5679,5679
models\props\combine_ball_launcher.sw.vtx,360028,360028
models\props\combine_ball_launcher.vvd,678208,678208
models\props\door_01_frame_reference.dx80.vtx,35329,35329
models\props\door_01_frame_reference.dx90.vtx,35329,35329
models\props\door_01_frame_reference.mdl,1452,1452
models\props\door_01_frame_reference.phy,5258,5258
models\props\door_01_frame_reference.sw.vtx,35329,35329
models\props\door_01_frame_reference.vvd,86208,86208
models\props\door_01_frame_wide_reference.dx80.vtx,35329,35329
models\props\door_01_frame_wide_reference.dx90.vtx,35329,35329
models\props\door_01_frame_wide_reference.mdl,1452,1452
models\props\door_01_frame_wide_reference.phy,5279,5279
models\props\door_01_frame_wide_reference.sw.vtx,35329,35329
models\props\door_01_frame_wide_reference.vvd,86208,86208
models\props\door_01_lftdoor_reference.dx80.vtx,22124,22124
models\props\door_01_lftdoor_reference.dx90.vtx,22124,22124
models\props\door_01_lftdoor_reference.mdl,1460,1460
models\props\door_01_lftdoor_reference.sw.vtx,22108,22108
models\props\door_01_lftdoor_reference.vvd,82496,82496
models\props\door_01_rtdoor_reference.dx80.vtx,22184,22184
models\props\door_01_rtdoor_reference.dx90.vtx,22184,22184
models\props\door_01_rtdoor_reference.mdl,1460,1460
models\props\door_01_rtdoor_reference.sw.vtx,22168,22168
models\props\door_01_rtdoor_reference.vvd,82560,82560
models\props\elevator_caps\elevator_caps.dx80.vtx,46568,46568
models\props\elevator_caps\elevator_caps.dx90.vtx,46568,46568
models\props\elevator_caps\elevator_caps.mdl,1732,1732
models\props\elevator_caps\elevator_caps.phy,6237,6237
models\props\elevator_caps\elevator_caps.sw.vtx,46568,46568
models\props\elevator_caps\elevator_caps.vvd,147968,147968
models\props\elevatorshaft_wall\elevatorshaft_wall.dx80.vtx,55694,55694
models\props\elevatorshaft_wall\elevatorshaft_wall.dx90.vtx,55694,55694
models\props\elevatorshaft_wall\elevatorshaft_wall.mdl,1748,1748
models\props\elevatorshaft_wall\elevatorshaft_wall.phy,3418,3418
models\props\elevatorshaft_wall\elevatorshaft_wall.sw.vtx,55694,55694
models\props\elevatorshaft_wall\elevatorshaft_wall.vvd,235072,235072
models\props\lab_chair\lab_chair.dx80.vtx,34971,34971
models\props\lab_chair\lab_chair.dx90.vtx,34971,34971
models\props\lab_chair\lab_chair.mdl,1780,1780
models\props\lab_chair\lab_chair.phy,6536,6536
models\props\lab_chair\lab_chair.sw.vtx,34971,34971
models\props\lab_chair\lab_chair.vvd,172480,172480
models\props\lab_desk01\lab_desk01.dx80.vtx,12789,12789
models\props\lab_desk01\lab_desk01.dx90.vtx,12789,12789
models\props\lab_desk01\lab_desk01.mdl,1724,1724
models\props\lab_desk01\lab_desk01.phy,3064,3064
models\props\lab_desk01\lab_desk01.sw.vtx,12789,12789
models\props\lab_desk01\lab_desk01.vvd,66368,66368
models\props\lab_desk02\lab_desk02.dx80.vtx,11445,11445
models\props\lab_desk02\lab_desk02.dx90.vtx,11445,11445
models\props\lab_desk02\lab_desk02.mdl,1724,1724
models\props\lab_desk02\lab_desk02.phy,2672,2672
models\props\lab_desk02\lab_desk02.sw.vtx,11445,11445
models\props\lab_desk02\lab_desk02.vvd,58944,58944
models\props\lab_desk03\lab_desk03.dx80.vtx,11949,11949
models\props\lab_desk03\lab_desk03.dx90.vtx,11949,11949
models\props\lab_desk03\lab_desk03.mdl,1724,1724
models\props\lab_desk03\lab_desk03.phy,3440,3440
models\props\lab_desk03\lab_desk03.sw.vtx,11949,11949
models\props\lab_desk03\lab_desk03.vvd,61504,61504
models\props\lab_desk04\lab_desk04.dx80.vtx,11373,11373
models\props\lab_desk04\lab_desk04.dx90.vtx,11373,11373
models\props\lab_desk04\lab_desk04.mdl,1724,1724
models\props\lab_desk04\lab_desk04.phy,2640,2640
models\props\lab_desk04\lab_desk04.sw.vtx,11373,11373
models\props\lab_desk04\lab_desk04.vvd,58432,58432
models\props\lab_desk05\lab_desk05.dx80.vtx,12789,12789
models\props\lab_desk05\lab_desk05.dx90.vtx,12789,12789
models\props\lab_desk05\lab_desk05.mdl,1724,1724
models\props\lab_desk05\lab_desk05.phy,3064,3064
models\props\lab_desk05\lab_desk05.sw.vtx,12789,12789
models\props\lab_desk05\lab_desk05.vvd,66368,66368
models\props\lab_monitor_pose01\lab_monitor_pose01.dx80.vtx,29766,29766
models\props\lab_monitor_pose01\lab_monitor_pose01.dx90.vtx,29766,29766
models\props\lab_monitor_pose01\lab_monitor_pose01.mdl,2336,2336
models\props\lab_monitor_pose01\lab_monitor_pose01.phy,2919,2919
models\props\lab_monitor_pose01\lab_monitor_pose01.sw.vtx,29766,29766
models\props\lab_monitor_pose01\lab_monitor_pose01.vvd,146752,146752
models\props\lift_platform.dx80.vtx,16971,16971
models\props\lift_platform.dx90.vtx,16971,16971
models\props\lift_platform.mdl,1464,1464
models\props\lift_platform.phy,3721,3721
models\props\lift_platform.sw.vtx,16963,16963
models\props\lift_platform.vvd,59840,59840
models\props\light_rail_endcap.dx80.vtx,91475,91475
models\props\light_rail_endcap.dx90.vtx,91475,91475
models\props\light_rail_endcap.mdl,2436,2436
models\props\light_rail_endcap.phy,3295,3295
models\props\light_rail_endcap.sw.vtx,91379,91379
models\props\light_rail_endcap.vvd,198944,198944
models\props\light_rail_platform.dx80.vtx,27044,27044
models\props\light_rail_platform.dx90.vtx,27044,27044
models\props\light_rail_platform.mdl,1476,1476
models\props\light_rail_platform.sw.vtx,27028,27028
models\props\light_rail_platform.vvd,110016,110016
models\props\light_rail_platform_02.dx80.vtx,27044,27044
models\props\light_rail_platform_02.dx90.vtx,27044,27044
models\props\light_rail_platform_02.mdl,1508,1508
models\props\light_rail_platform_02.sw.vtx,27028,27028
models\props\light_rail_platform_02.vvd,110016,110016
models\props\light_rail_wall_emitter.dx80.vtx,7617,7617
models\props\light_rail_wall_emitter.dx90.vtx,7617,7617
models\props\light_rail_wall_emitter.mdl,1724,1724
models\props\light_rail_wall_emitter.phy,1491,1491
models\props\light_rail_wall_emitter.sw.vtx,7617,7617
models\props\light_rail_wall_emitter.vvd,33856,33856
models\props\metal_box.dx80.vtx,217037,217037
models\props\metal_box.dx90.vtx,217037,217037
models\props\metal_box.mdl,1872,1872
models\props\metal_box.phy,731,731
models\props\metal_box.sw.vtx,216997,216997
models\props\metal_box.vvd,420160,420160
models\props\pedestal_base_reference.dx80.vtx,10729,10729
models\props\pedestal_base_reference.dx90.vtx,10729,10729
models\props\pedestal_base_reference.mdl,4056,4056
models\props\pedestal_base_reference.phy,1097,1097
models\props\pedestal_base_reference.sw.vtx,10705,10705
models\props\pedestal_base_reference.vvd,43584,43584
models\props\pedestal_center_reference.dx80.vtx,45491,45491
models\props\pedestal_center_reference.dx90.vtx,45491,45491
models\props\pedestal_center_reference.mdl,4608,4608
models\props\pedestal_center_reference.phy,6107,6107
models\props\pedestal_center_reference.sw.vtx,45467,45467
models\props\pedestal_center_reference.vvd,178304,178304
models\props\portal_cleanser_1.dx80.vtx,77347,77347
models\props\portal_cleanser_1.dx90.vtx,77347,77347
models\props\portal_cleanser_1.mdl,1460,1460
models\props\portal_cleanser_1.phy,3454,3454
models\props\portal_cleanser_1.sw.vtx,77347,77347
models\props\portal_cleanser_1.vvd,234432,234432
models\props\radio_reference.dx80.vtx,18942,18942
models\props\radio_reference.dx90.vtx,18942,18942
models\props\radio_reference.mdl,1716,1716
models\props\radio_reference.phy,6580,6580
models\props\radio_reference.sw.vtx,18934,18934
models\props\radio_reference.vvd,72832,72832
models\props\shelf128\shelf128.dx80.vtx,19539,19539
models\props\shelf128\shelf128.dx90.vtx,19539,19539
models\props\shelf128\shelf128.mdl,1720,1720
models\props\shelf128\shelf128.phy,3582,3582
models\props\shelf128\shelf128.sw.vtx,19539,19539
models\props\shelf128\shelf128.vvd,93376,93376
models\props\sign_frame01\sign_frame01.dx80.vtx,2511,2511
models\props\sign_frame01\sign_frame01.dx90.vtx,2511,2511
models\props\sign_frame01\sign_frame01.mdl,1728,1728
models\props\sign_frame01\sign_frame01.phy,705,705
models\props\sign_frame01\sign_frame01.sw.vtx,2511,2511
models\props\sign_frame01\sign_frame01.vvd,11456,11456
models\props\sign_frame02\sign_frame02.dx80.vtx,3111,3111
models\props\sign_frame02\sign_frame02.dx90.vtx,3111,3111
models\props\sign_frame02\sign_frame02.mdl,1728,1728
models\props\sign_frame02\sign_frame02.phy,706,706
models\props\sign_frame02\sign_frame02.sw.vtx,3111,3111
models\props\sign_frame02\sign_frame02.vvd,13760,13760
models\props\table_reference.dx80.vtx,16458,16458
models\props\table_reference.dx90.vtx,16458,16458
models\props\table_reference.mdl,1464,1464
models\props\table_reference.phy,18799,18799
models\props\table_reference.sw.vtx,16450,16450
models\props\table_reference.vvd,64896,64896
models\props\toilet_body_reference.dx80.vtx,80946,80946
models\props\toilet_body_reference.dx90.vtx,80946,80946
models\props\toilet_body_reference.mdl,1464,1464
models\props\toilet_body_reference.phy,35725,35725
models\props\toilet_body_reference.sw.vtx,80938,80938
models\props\toilet_body_reference.vvd,306816,306816
models\props\toilet_lid_reference.dx80.vtx,16854,16854
models\props\toilet_lid_reference.dx90.vtx,16854,16854
models\props\toilet_lid_reference.mdl,1720,1720
models\props\toilet_lid_reference.phy,11738,11738
models\props\toilet_lid_reference.sw.vtx,16846,16846
models\props\toilet_lid_reference.vvd,62592,62592
models\props_animsigns\signage_num00.dx80.vtx,4035,4035
models\props_animsigns\signage_num00.dx90.vtx,4035,4035
models\props_animsigns\signage_num00.mdl,2776,2776
models\props_animsigns\signage_num00.phy,708,708
models\props_animsigns\signage_num00.sw.vtx,4035,4035
models\props_animsigns\signage_num00.vvd,17536,17536
models\props_animsigns\signage_num01.dx80.vtx,3201,3201
models\props_animsigns\signage_num01.dx90.vtx,3201,3201
models\props_animsigns\signage_num01.mdl,2776,2776
models\props_animsigns\signage_num01.phy,708,708
models\props_animsigns\signage_num01.sw.vtx,3201,3201
models\props_animsigns\signage_num01.vvd,13056,13056
models\props_animsigns\signage_num02.dx80.vtx,3219,3219
models\props_animsigns\signage_num02.dx90.vtx,3219,3219
models\props_animsigns\signage_num02.mdl,2776,2776
models\props_animsigns\signage_num02.phy,708,708
models\props_animsigns\signage_num02.sw.vtx,3219,3219
models\props_animsigns\signage_num02.vvd,13184,13184
models\props_animsigns\signage_num03.dx80.vtx,3267,3267
models\props_animsigns\signage_num03.dx90.vtx,3267,3267
models\props_animsigns\signage_num03.mdl,2776,2776
models\props_animsigns\signage_num03.phy,708,708
models\props_animsigns\signage_num03.sw.vtx,3267,3267
models\props_animsigns\signage_num03.vvd,13440,13440
models\props_animsigns\signage_num04.dx80.vtx,3315,3315
models\props_animsigns\signage_num04.dx90.vtx,3315,3315
models\props_animsigns\signage_num04.mdl,2776,2776
models\props_animsigns\signage_num04.phy,708,708
models\props_animsigns\signage_num04.sw.vtx,3315,3315
models\props_animsigns\signage_num04.vvd,13696,13696
models\props_animsigns\signage_num05.dx80.vtx,3363,3363
models\props_animsigns\signage_num05.dx90.vtx,3363,3363
models\props_animsigns\signage_num05.mdl,2776,2776
models\props_animsigns\signage_num05.phy,708,708
models\props_animsigns\signage_num05.sw.vtx,3363,3363
models\props_animsigns\signage_num05.vvd,13952,13952
models\props_animsigns\signage_num06.dx80.vtx,3411,3411
models\props_animsigns\signage_num06.dx90.vtx,3411,3411
models\props_animsigns\signage_num06.mdl,2776,2776
models\props_animsigns\signage_num06.phy,708,708
models\props_animsigns\signage_num06.sw.vtx,3411,3411
models\props_animsigns\signage_num06.vvd,14208,14208
models\props_animsigns\signage_num07.dx80.vtx,3459,3459
models\props_animsigns\signage_num07.dx90.vtx,3459,3459
models\props_animsigns\signage_num07.mdl,2776,2776
models\props_animsigns\signage_num07.phy,708,708
models\props_animsigns\signage_num07.sw.vtx,3459,3459
models\props_animsigns\signage_num07.vvd,14464,14464
models\props_animsigns\signage_num08.dx80.vtx,3507,3507
models\props_animsigns\signage_num08.dx90.vtx,3507,3507
models\props_animsigns\signage_num08.mdl,2776,2776
models\props_animsigns\signage_num08.phy,708,708
models\props_animsigns\signage_num08.sw.vtx,3507,3507
models\props_animsigns\signage_num08.vvd,14720,14720
models\props_animsigns\signage_num09.dx80.vtx,3555,3555
models\props_animsigns\signage_num09.dx90.vtx,3555,3555
models\props_animsigns\signage_num09.mdl,2776,2776
models\props_animsigns\signage_num09.phy,708,708
models\props_animsigns\signage_num09.sw.vtx,3555,3555
models\props_animsigns\signage_num09.vvd,14976,14976
models\props_bts\bts_chair_static.dx80.vtx,6000,6000
models\props_bts\bts_chair_static.dx90.vtx,6000,6000
models\props_bts\bts_chair_static.mdl,1456,1456
models\props_bts\bts_chair_static.phy,7652,7652
models\props_bts\bts_chair_static.sw.vtx,6000,6000
models\props_bts\bts_chair_static.vvd,26112,26112
models\props_bts\bts_clipboard.dx80.vtx,1671,1671
models\props_bts\bts_clipboard.dx90.vtx,1671,1671
models\props_bts\bts_clipboard.mdl,2172,2172
models\props_bts\bts_clipboard.phy,1030,1030
models\props_bts\bts_clipboard.sw.vtx,1663,1663
models\props_bts\bts_clipboard.vvd,7360,7360
models\props_bts\bts_stool_static.dx80.vtx,23125,23125
models\props_bts\bts_stool_static.dx90.vtx,23125,23125
models\props_bts\bts_stool_static.mdl,1456,1456
models\props_bts\bts_stool_static.phy,4674,4674
models\props_bts\bts_stool_static.sw.vtx,23125,23125
models\props_bts\bts_stool_static.vvd,63616,63616
models\props_junk\garbage_coffeemug001a_forevergibs.dx80.vtx,5132,5132
models\props_junk\garbage_coffeemug001a_forevergibs.dx90.vtx,5132,5132
models\props_junk\garbage_coffeemug001a_forevergibs.mdl,1520,1520
models\props_junk\garbage_coffeemug001a_forevergibs.phy,2943,2943
models\props_junk\garbage_coffeemug001a_forevergibs.sw.vtx,5132,5132
models\props_junk\garbage_coffeemug001a_forevergibs.vvd,18240,18240
scripts/vscripts/teleport_fix.nut,696,696
