filename,size,compressed
maps/cs_italy_hpe.nav,322354,322354
maps/cs_italy_hpe.txt,255,255
materials/brick/brick_ext_02_height-ssbump.vtf,175008,175008
materials/brick/brick_ext_04.vmt,119,119
materials/brick/brick_ext_04.vtf,175008,175008
materials/brick/brick_ext_04_bottom.vmt,128,128
materials/brick/brick_ext_04_bottom.vtf,174984,174984
materials/brick/brick_ext_04_normal.vtf,174984,174984
materials/brick/brick_ext_06.vmt,155,155
materials/brick/brick_ext_06.vtf,175008,175008
materials/brick/brick_floor_01.vmt,159,159
materials/brick/brick_floor_01.vtf,175008,175008
materials/brick/brick_floor_01_height-ssbump.vtf,175008,175008
materials/brick/brick_floor_01_light.vmt,165,165
materials/brick/brick_floor_01_light.vtf,174984,174984
materials/brick/brick_floor_02.vmt,177,177
materials/brick/brick_floor_02.vtf,175008,175008
materials/brick/brick_floor_02_height-ssbump.vtf,175008,175008
materials/buildings/shingles_ext_02.vmt,109,109
materials/buildings/shingles_ext_02.vtf,175008,175008
materials/concrete/concrete_ext_12.vmt,108,108
materials/concrete/concrete_ext_12.vtf,175008,175008
materials/concrete/concrete_floor_04.vmt,110,110
materials/concrete/concrete_floor_04.vtf,175008,175008
materials/concrete/road05b_height-ssbump.vtf,349784,349784
materials/cs_italy/CS_italy_window_01.vmt,133,133
materials/cs_italy/CS_italy_window_01.vtf,349760,349760
materials/cs_italy/CS_italy_window_02.vmt,131,131
materials/cs_italy/CS_italy_window_02.vtf,349760,349760
materials/cs_italy/CS_italy_window_03.vmt,131,131
materials/cs_italy/CS_italy_window_03.vtf,349760,349760
materials/cs_italy/CS_italy_window_04.vmt,133,133
materials/cs_italy/CS_italy_window_04.vtf,349760,349760
materials/cs_italy/CS_italy_window_05.vmt,131,131
materials/cs_italy/CS_italy_window_05.vtf,349760,349760
materials/cs_italy/CS_italy_window_06.vmt,133,133
materials/cs_italy/CS_italy_window_06.vtf,349760,349760
materials/cs_italy/CS_italy_window_07.vmt,131,131
materials/cs_italy/CS_italy_window_07.vtf,349760,349760
materials/cs_italy/hpe_cellar_stone_floor.vmt,92,92
materials/cs_italy/hpe_cellar_stone_floor.vtf,174984,174984
materials/cs_italy/hpe_concrete_wall.vmt,251,251
materials/cs_italy/hpe_concrete_wall.vtf,174984,174984
materials/cs_italy/hpe_italy_brick.vmt,159,159
materials/cs_italy/hpe_italy_brick.vtf,174984,174984
materials/cs_italy/hpe_italy_plaster_interior.vmt,168,168
materials/cs_italy/hpe_italy_plaster_interior.vtf,174984,174984
materials/cs_italy/hpe_italy_plaster_interior_normal.vtf,174984,174984
materials/cs_italy/hpe_italy_ptile_decorative.vmt,165,165
materials/cs_italy/hpe_italy_ptile_decorative.vtf,11144,11144
materials/cs_italy/hpe_italy_ptile_decorative_normal.vtf,11144,11144
materials/cs_italy/hpe_italy_stone_wall_01.vmt,161,161
materials/cs_italy/hpe_italy_stone_wall_01.vtf,174984,174984
materials/cs_italy/hpe_italy_stone_wall_01_normal.vtf,349760,349760
materials/cs_italy/hpe_italy_stone_wall_01_top.vmt,165,165
materials/cs_italy/hpe_italy_stone_wall_01_top.vtf,174984,174984
materials/cs_italy/hpe_italy_stone_wall_02.vmt,159,159
materials/cs_italy/hpe_italy_stone_wall_02.vtf,174984,174984
materials/cs_italy/hpe_italy_stone_wall_02_bottom.vmt,173,173
materials/cs_italy/hpe_italy_stone_wall_02_bottom.vtf,174984,174984
materials/cs_italy/hpe_italy_stone_wall_02_bottom_normal.vtf,174984,174984
materials/cs_italy/hpe_italy_stone_wall_02_normal.vtf,174984,174984
materials/cs_italy/hpe_plaster_blue_wall.vmt,93,93
materials/cs_italy/hpe_plaster_blue_wall.vtf,174984,174984
materials/cs_italy/hpe_plaster_blue_wall02.vmt,95,95
materials/cs_italy/hpe_plaster_blue_wall02.vtf,174984,174984
materials/cs_italy/hpe_plaster_burntsienna_wall.vmt,100,100
materials/cs_italy/hpe_plaster_burntsienna_wall.vtf,174984,174984
materials/cs_italy/hpe_plaster_burntsienna_wall02.vmt,102,102
materials/cs_italy/hpe_plaster_burntsienna_wall02.vtf,174984,174984
materials/cs_italy/hpe_plaster_tan_wall.vmt,92,92
materials/cs_italy/hpe_plaster_tan_wall.vtf,174984,174984
materials/cs_italy/hpe_plaster_tan_wall02.vmt,94,94
materials/cs_italy/hpe_plaster_tan_wall02.vtf,174984,174984
materials/cs_italy/hpe_plaster_tan_wall02b.vmt,95,95
materials/cs_italy/hpe_plaster_tan_wall02b.vtf,174984,174984
materials/cs_italy/hpe_plaster_trim_dark.vmt,93,93
materials/cs_italy/hpe_plaster_trim_dark.vtf,174984,174984
materials/cs_italy/hpe_plaster_trim_dark02.vmt,95,95
materials/cs_italy/hpe_plaster_trim_dark02.vtf,174984,174984
materials/cs_italy/hpe_plaster_trim_light.vmt,94,94
materials/cs_italy/hpe_plaster_trim_light.vtf,174984,174984
materials/cs_italy/hpe_plaster_trim_light02.vmt,96,96
materials/cs_italy/hpe_plaster_trim_light02.vtf,174984,174984
materials/cs_italy/hpe_plaster_wall_red.vmt,92,92
materials/cs_italy/hpe_plaster_wall_red.vtf,174984,174984
materials/cs_italy/hpe_plaster_wall_red02.vmt,94,94
materials/cs_italy/hpe_plaster_wall_red02.vtf,174984,174984
materials/cs_italy/hpe_plaster_yellow_wall.vmt,95,95
materials/cs_italy/hpe_plaster_yellow_wall.vtf,174984,174984
materials/cs_italy/hpe_plaster_yellow_wall02.vmt,97,97
materials/cs_italy/hpe_plaster_yellow_wall02.vtf,174984,174984
materials/cs_italy/marketwall01a_bottom.vmt,171,171
materials/cs_italy/marketwall01a_bottom.vtf,174984,174984
materials/decals/bloodstain_001.vmt,121,121
materials/decals/bloodstain_001.vtf,43936,43936
materials/decals/bloodstain_003.vmt,121,121
materials/decals/bloodstain_003.vtf,174928,174928
materials/decals/bloodstain_003b.vmt,122,122
materials/decals/bloodstain_003b.vtf,87568,87568
materials/decals/decal_paintsplattergreen001.vmt,240,240
materials/decals/decal_paintsplattergreen001.vtf,87640,87640
materials/decals/decalmetalgrate001a.vmt,252,252
materials/decals/decalmetalgrate001a.vtf,22104,22104
materials/decals/decalmetalgrate010a.vmt,252,252
materials/decals/decalmetalgrate010a.vtf,5720,5720
materials/decals/decalrug004a.vmt,165,165
materials/decals/decalrug004a.vtf,87640,87640
materials/decals/decalrug006a.vmt,144,144
materials/decals/decalrug006a.vtf,87640,87640
materials/decals/decalstain001a.vmt,189,189
materials/decals/decalstain001a.vtf,349784,349784
materials/decals/decalstain002a.vmt,189,189
materials/decals/decalstain002a.vtf,349784,349784
materials/decals/decalstain005a.vmt,189,189
materials/decals/decalstain005a.vtf,87640,87640
materials/decals/decalstain006a.vmt,189,189
materials/decals/decalstain006a.vtf,87640,87640
materials/decals/decalstain011a.vmt,189,189
materials/decals/decalstain011a.vtf,349784,349784
materials/decals/decalstain013a.vmt,267,267
materials/decals/decalstain013a.vtf,43896,43896
materials/decals/door_wood41.vmt,171,171
materials/decals/door_wood41.vtf,174968,174968
materials/decals/hpe_decal_italy_lamp_shadow.vmt,140,140
materials/decals/hpe_decal_italy_lamp_shadow.vtf,22080,22080
materials/decals/hpe_decal_italy_paintwash.vmt,138,138
materials/decals/hpe_decal_italy_paintwash.vtf,349760,349760
materials/decals/hpe_decal_italy_paintwash02.vmt,140,140
materials/decals/hpe_decal_italy_paintwash02.vtf,349760,349760
materials/decals/hpe_gradient_shadow_decal.vmt,138,138
materials/decals/hpe_gradient_shadow_decal.vtf,87616,87616
materials/decals/hpe_italy_window_decay.vmt,135,135
materials/decals/hpe_italy_window_decay.vtf,87616,87616
materials/decals/hpe_italy_window_slant.vmt,133,133
materials/decals/hpe_italy_window_slant.vtf,87616,87616
materials/decals/hpe_plaster_decal_decay_02.vmt,139,139
materials/decals/hpe_plaster_decal_decay_02.vtf,349760,349760
materials/decals/hpe_plaster_decal_decay_03.vmt,139,139
materials/decals/hpe_plaster_decal_decay_03.vtf,349760,349760
materials/decals/hpe_plaster_decal_decay_04.vmt,139,139
materials/decals/hpe_plaster_decal_decay_04.vtf,174944,174944
materials/decals/hpe_plaster_decal_decay_05.vmt,139,139
materials/decals/hpe_plaster_decal_decay_05.vtf,87616,87616
materials/decals/hpe_plaster_decal_decay_06.vmt,139,139
materials/decals/hpe_plaster_decal_decay_06.vtf,87616,87616
materials/decals/hpe_plaster_decal_decay_07.vmt,139,139
materials/decals/hpe_plaster_decal_decay_07.vtf,87616,87616
materials/decals/hpe_plaster_decal_decay_08.vmt,139,139
materials/decals/hpe_plaster_decal_decay_08.vtf,174944,174944
materials/decals/hpe_plaster_decal_decay_09.vmt,139,139
materials/decals/hpe_plaster_decal_decay_09.vtf,87616,87616
materials/decals/hpe_plaster_decal_decay_10.vmt,139,139
materials/decals/hpe_plaster_decal_decay_10.vtf,87616,87616
materials/decals/hpe_plaster_decal_decay_11.vmt,139,139
materials/decals/hpe_plaster_decal_decay_11.vtf,174944,174944
materials/decals/hpe_plaster_decal_decay_12.vmt,139,139
materials/decals/hpe_plaster_decal_decay_12.vtf,174944,174944
materials/decals/hpe_plaster_decal_decay_brick_01.vmt,145,145
materials/decals/hpe_plaster_decal_decay_brick_01.vtf,349760,349760
materials/decals/hpe_plaster_decal_decay_brick_02.vmt,145,145
materials/decals/hpe_plaster_decal_decay_brick_02.vtf,349760,349760
materials/decals/hpe_plaster_decal_decay_brick_03.vmt,145,145
materials/decals/hpe_plaster_decal_decay_brick_03.vtf,174944,174944
materials/decals/hpe_plaster_decal_decay_brick_04.vmt,145,145
materials/decals/hpe_plaster_decal_decay_brick_04.vtf,174944,174944
materials/decals/hpe_plaster_decal_decay_brick_05.vmt,145,145
materials/decals/hpe_plaster_decal_decay_brick_05.vtf,174944,174944
materials/decals/hpe_plaster_decal_decay_brick_06.vmt,145,145
materials/decals/hpe_plaster_decal_decay_brick_06.vtf,174944,174944
materials/decals/italy_planter_grate.vmt,132,132
materials/decals/italy_planter_grate.vtf,22016,22016
materials/decals/stain01.vmt,135,135
materials/decals/stain01.vtf,349784,349784
materials/decals/trash01.vmt,138,138
materials/decals/trash01.vtf,1398360,1398360
materials/decals/trash_00.vmt,157,157
materials/decals/trash_00.vtf,349784,349784
materials/decals/trashdecal01a.vmt,140,140
materials/decals/trashdecal01a.vtf,349784,349784
materials/decals/trashdecal01b.pwl.vtf,349784,349784
materials/decals/trashdecal01b.vmt,140,140
materials/decals/trashdecal01b.vtf,349784,349784
materials/decals/trashdecal03a.vmt,139,139
materials/decals/trashdecal03a.vtf,87640,87640
materials/decals/trashdecal04a.vmt,217,217
materials/decals/trashdecal04a.vtf,349784,349784
materials/decals/trashdecal05a.vmt,140,140
materials/decals/trashdecal05a.vtf,87576,87576
materials/detail/noise_detail_01.vtf,43936,43936
materials/dev/dev_measuregeneric01.vmt,140,140
materials/dev/dev_measuregeneric01.vtf,11168,11168
materials/dev/dev_measuregeneric01b.vmt,141,141
materials/dev/dev_measuregeneric01b.vtf,11168,11168
materials/effects/flat_normal.vtf,1255,1255
materials/glass/glass01.vmt,297,297
materials/glass/glass01opaque.vmt,234,234
materials/maps/cs_italy_hpe/c-1016_2136_-104.hdr.vtf,76536,76536
materials/maps/cs_italy_hpe/c-1016_2136_-104.vtf,4968,4968
materials/maps/cs_italy_hpe/c-1024_1560_-24.hdr.vtf,76536,76536
materials/maps/cs_italy_hpe/c-1024_1560_-24.vtf,4968,4968
materials/maps/cs_italy_hpe/c-1032_-1704_-96.hdr.vtf,76536,76536
materials/maps/cs_italy_hpe/c-1032_-1704_-96.vtf,4968,4968
materials/maps/cs_italy_hpe/c-1032_1280_64.hdr.vtf,76536,76536
materials/maps/cs_italy_hpe/c-1032_1280_64.vtf,4968,4968
materials/maps/cs_italy_hpe/c-1032_968_48.hdr.vtf,76536,76536
materials/maps/cs_italy_hpe/c-1032_968_48.vtf,4968,4968
materials/maps/cs_italy_hpe/c-104_1936_-104.hdr.vtf,76536,76536
materials/maps/cs_italy_hpe/c-104_1936_-104.vtf,4968,4968
materials/maps/cs_italy_hpe/c-104_1936_40.hdr.vtf,76536,76536
materials/maps/cs_italy_hpe/c-104_1936_40.vtf,4968,4968
materials/maps/cs_italy_hpe/c-112_912_-88.hdr.vtf,76536,76536
materials/maps/cs_italy_hpe/c-112_912_-88.vtf,4968,4968
materials/maps/cs_italy_hpe/c-1192_1616_-104.hdr.vtf,76536,76536
materials/maps/cs_italy_hpe/c-1192_1616_-104.vtf,4968,4968
materials/maps/cs_italy_hpe/c-1200_1840_-104.hdr.vtf,76536,76536
materials/maps/cs_italy_hpe/c-1200_1840_-104.vtf,4968,4968
materials/maps/cs_italy_hpe/c-1240_48_-72.hdr.vtf,76536,76536
materials/maps/cs_italy_hpe/c-1240_48_-72.vtf,4968,4968
materials/maps/cs_italy_hpe/c-1256_1256_64.hdr.vtf,76536,76536
materials/maps/cs_italy_hpe/c-1256_1256_64.vtf,4968,4968
materials/maps/cs_italy_hpe/c-1280_976_48.hdr.vtf,76536,76536
materials/maps/cs_italy_hpe/c-1280_976_48.vtf,4968,4968
materials/maps/cs_italy_hpe/c-32_-440_-88.hdr.vtf,76536,76536
materials/maps/cs_italy_hpe/c-32_-440_-88.vtf,4968,4968
materials/maps/cs_italy_hpe/c-336_-424_-88.hdr.vtf,76536,76536
materials/maps/cs_italy_hpe/c-336_-424_-88.vtf,4968,4968
materials/maps/cs_italy_hpe/c-336_1952_-104.hdr.vtf,76536,76536
materials/maps/cs_italy_hpe/c-336_1952_-104.vtf,4968,4968
materials/maps/cs_italy_hpe/c-336_400_64.hdr.vtf,76536,76536
materials/maps/cs_italy_hpe/c-336_400_64.vtf,4968,4968
materials/maps/cs_italy_hpe/c-344_-128_24.hdr.vtf,76536,76536
materials/maps/cs_italy_hpe/c-344_-128_24.vtf,4968,4968
materials/maps/cs_italy_hpe/c-392_672_64.hdr.vtf,76536,76536
materials/maps/cs_italy_hpe/c-392_672_64.vtf,4968,4968
materials/maps/cs_italy_hpe/c-448_-1032_-128.hdr.vtf,76536,76536
materials/maps/cs_italy_hpe/c-448_-1032_-128.vtf,4968,4968
materials/maps/cs_italy_hpe/c-600_328_64.hdr.vtf,76536,76536
materials/maps/cs_italy_hpe/c-600_328_64.vtf,4968,4968
materials/maps/cs_italy_hpe/c-616_-128_24.hdr.vtf,76536,76536
materials/maps/cs_italy_hpe/c-616_-128_24.vtf,4968,4968
materials/maps/cs_italy_hpe/c-624_2160_-104.hdr.vtf,76536,76536
materials/maps/cs_italy_hpe/c-624_2160_-104.vtf,4968,4968
materials/maps/cs_italy_hpe/c-640_664_64.hdr.vtf,76536,76536
materials/maps/cs_italy_hpe/c-640_664_64.vtf,4968,4968
materials/maps/cs_italy_hpe/c-660_-1756_-140.hdr.vtf,76536,76536
materials/maps/cs_italy_hpe/c-660_-1756_-140.vtf,4968,4968
materials/maps/cs_italy_hpe/c-800_1928_40.hdr.vtf,76536,76536
materials/maps/cs_italy_hpe/c-800_1928_40.vtf,4968,4968
materials/maps/cs_italy_hpe/c-816_1488_40.hdr.vtf,76536,76536
materials/maps/cs_italy_hpe/c-816_1488_40.vtf,4968,4968
materials/maps/cs_italy_hpe/c-816_704_64.hdr.vtf,76536,76536
materials/maps/cs_italy_hpe/c-816_704_64.vtf,4968,4968
materials/maps/cs_italy_hpe/c-816_960_-128.hdr.vtf,76536,76536
materials/maps/cs_italy_hpe/c-816_960_-128.vtf,4968,4968
materials/maps/cs_italy_hpe/c-816_960_40.hdr.vtf,76536,76536
materials/maps/cs_italy_hpe/c-816_960_40.vtf,4968,4968
materials/maps/cs_italy_hpe/c-824_1272_40.hdr.vtf,76536,76536
materials/maps/cs_italy_hpe/c-824_1272_40.vtf,4968,4968
materials/maps/cs_italy_hpe/c-856_-1040_-128.hdr.vtf,76536,76536
materials/maps/cs_italy_hpe/c-856_-1040_-128.vtf,4968,4968
materials/maps/cs_italy_hpe/c-88_2440_40.hdr.vtf,76536,76536
materials/maps/cs_italy_hpe/c-88_2440_40.vtf,4968,4968
materials/maps/cs_italy_hpe/c-960_-312_-72.hdr.vtf,76536,76536
materials/maps/cs_italy_hpe/c-960_-312_-72.vtf,4968,4968
materials/maps/cs_italy_hpe/c296_104_-88.hdr.vtf,76536,76536
materials/maps/cs_italy_hpe/c296_104_-88.vtf,4968,4968
materials/maps/cs_italy_hpe/c304_1944_40.hdr.vtf,76536,76536
materials/maps/cs_italy_hpe/c304_1944_40.vtf,4968,4968
materials/maps/cs_italy_hpe/c312_-424_-88.hdr.vtf,76536,76536
materials/maps/cs_italy_hpe/c312_-424_-88.vtf,4968,4968
materials/maps/cs_italy_hpe/c320_2448_40.hdr.vtf,76536,76536
materials/maps/cs_italy_hpe/c320_2448_40.vtf,4968,4968
materials/maps/cs_italy_hpe/c320_744_-88.hdr.vtf,76536,76536
materials/maps/cs_italy_hpe/c320_744_-88.vtf,4968,4968
materials/maps/cs_italy_hpe/c392_392_-88.hdr.vtf,76536,76536
materials/maps/cs_italy_hpe/c392_392_-88.vtf,4968,4968
materials/maps/cs_italy_hpe/c552_-144_-88.hdr.vtf,76536,76536
materials/maps/cs_italy_hpe/c552_-144_-88.vtf,4968,4968
materials/maps/cs_italy_hpe/c552_-384_-88.hdr.vtf,76536,76536
materials/maps/cs_italy_hpe/c552_-384_-88.vtf,4968,4968
materials/maps/cs_italy_hpe/c552_-608_-88.hdr.vtf,76536,76536
materials/maps/cs_italy_hpe/c552_-608_-88.vtf,4968,4968
materials/maps/cs_italy_hpe/c704_2392_168.hdr.vtf,76536,76536
materials/maps/cs_italy_hpe/c704_2392_168.vtf,4968,4968
materials/maps/cs_italy_hpe/c704_2392_40.hdr.vtf,76536,76536
materials/maps/cs_italy_hpe/c704_2392_40.vtf,4968,4968
materials/maps/cs_italy_hpe/c712_2000_176.hdr.vtf,76536,76536
materials/maps/cs_italy_hpe/c712_2000_176.vtf,4968,4968
materials/maps/cs_italy_hpe/c712_2000_40.hdr.vtf,76536,76536
materials/maps/cs_italy_hpe/c712_2000_40.vtf,4968,4968
materials/maps/cs_italy_hpe/c712_2208_176.hdr.vtf,76536,76536
materials/maps/cs_italy_hpe/c712_2208_176.vtf,4968,4968
materials/maps/cs_italy_hpe/c712_2208_40.hdr.vtf,76536,76536
materials/maps/cs_italy_hpe/c712_2208_40.vtf,4968,4968
materials/maps/cs_italy_hpe/c752_1568_40.hdr.vtf,76536,76536
materials/maps/cs_italy_hpe/c752_1568_40.vtf,4968,4968
materials/maps/cs_italy_hpe/c760_360_-88.hdr.vtf,76536,76536
materials/maps/cs_italy_hpe/c760_360_-88.vtf,4968,4968
materials/maps/cs_italy_hpe/c768_768_-64.hdr.vtf,76536,76536
materials/maps/cs_italy_hpe/c768_768_-64.vtf,4968,4968
materials/maps/cs_italy_hpe/c792_-392_-88.hdr.vtf,76536,76536
materials/maps/cs_italy_hpe/c792_-392_-88.vtf,4968,4968
materials/maps/cs_italy_hpe/c800_1360_24.hdr.vtf,76536,76536
materials/maps/cs_italy_hpe/c800_1360_24.vtf,4968,4968
materials/maps/cs_italy_hpe/c808_1144_-24.hdr.vtf,76536,76536
materials/maps/cs_italy_hpe/c808_1144_-24.vtf,4968,4968
materials/maps/cs_italy_hpe/c936_1992_176.hdr.vtf,76536,76536
materials/maps/cs_italy_hpe/c936_1992_176.vtf,4968,4968
materials/maps/cs_italy_hpe/c936_1992_40.hdr.vtf,76536,76536
materials/maps/cs_italy_hpe/c936_1992_40.vtf,4968,4968
materials/maps/cs_italy_hpe/c944_2208_176.hdr.vtf,76536,76536
materials/maps/cs_italy_hpe/c944_2208_176.vtf,4968,4968
materials/maps/cs_italy_hpe/c944_2208_40.hdr.vtf,76536,76536
materials/maps/cs_italy_hpe/c944_2208_40.vtf,4968,4968
materials/maps/cs_italy_hpe/c952_96_-88.hdr.vtf,76536,76536
materials/maps/cs_italy_hpe/c952_96_-88.vtf,4968,4968
materials/maps/cs_italy_hpe/c992_2440_168.hdr.vtf,76536,76536
materials/maps/cs_italy_hpe/c992_2440_168.vtf,4968,4968
materials/maps/cs_italy_hpe/concrete/blend_concrete_01_wvt_patch.vmt,260,260
materials/maps/cs_italy_hpe/cs_italy/cobble02_-1024_1560_-24.vmt,131,131
materials/maps/cs_italy_hpe/cs_italy/cobble02_-1032_1280_64.vmt,130,130
materials/maps/cs_italy_hpe/cs_italy/cobble02_-104_1936_-104.vmt,131,131
materials/maps/cs_italy_hpe/cs_italy/cobble02_-112_912_-88.vmt,129,129
materials/maps/cs_italy_hpe/cs_italy/cobble02_-1240_48_-72.vmt,129,129
materials/maps/cs_italy_hpe/cs_italy/cobble02_-336_-424_-88.vmt,130,130
materials/maps/cs_italy_hpe/cs_italy/cobble02_-336_400_64.vmt,128,128
materials/maps/cs_italy_hpe/cs_italy/cobble02_-660_-1756_-140.vmt,132,132
materials/maps/cs_italy_hpe/cs_italy/cobble02_-800_1928_40.vmt,129,129
materials/maps/cs_italy_hpe/cs_italy/cobble02_-816_960_-128.vmt,130,130
materials/maps/cs_italy_hpe/cs_italy/cobble02_-960_-312_-72.vmt,130,130
materials/maps/cs_italy_hpe/cs_italy/cobble02_296_104_-88.vmt,128,128
materials/maps/cs_italy_hpe/cs_italy/cobble02_304_1944_40.vmt,128,128
materials/maps/cs_italy_hpe/cs_italy/cobble02_320_2448_40.vmt,128,128
materials/maps/cs_italy_hpe/cs_italy/cobble02_320_744_-88.vmt,128,128
materials/maps/cs_italy_hpe/cs_italy/cobble02_392_392_-88.vmt,128,128
materials/maps/cs_italy_hpe/cs_italy/cobble02_552_-144_-88.vmt,129,129
materials/maps/cs_italy_hpe/cs_italy/cobble02_552_-608_-88.vmt,129,129
materials/maps/cs_italy_hpe/cs_italy/cobble02_712_2000_40.vmt,128,128
materials/maps/cs_italy_hpe/cs_italy/cobble02_752_1568_40.vmt,128,128
materials/maps/cs_italy_hpe/cs_italy/cobble02_768_768_-64.vmt,128,128
materials/maps/cs_italy_hpe/cs_italy/cobble02_952_96_-88.vmt,127,127
materials/maps/cs_italy_hpe/cs_italy/cobble04_-660_-1756_-140.vmt,132,132
materials/maps/cs_italy_hpe/cs_italy/cobble04_304_1944_40.vmt,128,128
materials/maps/cs_italy_hpe/cs_italy/cobble04_312_-424_-88.vmt,129,129
materials/maps/cs_italy_hpe/cs_italy/cobble04_320_2448_40.vmt,128,128
materials/maps/cs_italy_hpe/cs_italy/cobble04_392_392_-88.vmt,128,128
materials/maps/cs_italy_hpe/cs_italy/cobble04_552_-144_-88.vmt,129,129
materials/maps/cs_italy_hpe/cs_italy/cobble04_552_-608_-88.vmt,129,129
materials/maps/cs_italy_hpe/cs_italy/cobble04_760_360_-88.vmt,128,128
materials/maps/cs_italy_hpe/cs_italy/cobble04_792_-392_-88.vmt,129,129
materials/maps/cs_italy_hpe/cubemapdefault.hdr.vtf,28753,28753
materials/maps/cs_italy_hpe/cubemapdefault.vtf,9832,9832
materials/maps/cs_italy_hpe/de_chateau/floor02_-1024_1560_-24.vmt,132,132
materials/maps/cs_italy_hpe/glass/glass01_320_744_-88.vmt,204,204
materials/maps/cs_italy_hpe/glass/glass01opaque_-1032_1280_64.vmt,132,132
materials/maps/cs_italy_hpe/glass/glass01opaque_-1032_968_48.vmt,131,131
materials/maps/cs_italy_hpe/glass/glass01opaque_-104_1936_-104.vmt,133,133
materials/maps/cs_italy_hpe/glass/glass01opaque_-104_1936_40.vmt,131,131
materials/maps/cs_italy_hpe/glass/glass01opaque_-112_912_-88.vmt,131,131
materials/maps/cs_italy_hpe/glass/glass01opaque_-1240_48_-72.vmt,131,131
materials/maps/cs_italy_hpe/glass/glass01opaque_-336_1952_-104.vmt,133,133
materials/maps/cs_italy_hpe/glass/glass01opaque_-616_-128_24.vmt,131,131
materials/maps/cs_italy_hpe/glass/glass01opaque_-624_2160_-104.vmt,133,133
materials/maps/cs_italy_hpe/glass/glass01opaque_-660_-1756_-140.vmt,134,134
materials/maps/cs_italy_hpe/glass/glass01opaque_-816_960_-128.vmt,132,132
materials/maps/cs_italy_hpe/glass/glass01opaque_-824_1272_40.vmt,131,131
materials/maps/cs_italy_hpe/glass/glass01opaque_-856_-1040_-128.vmt,134,134
materials/maps/cs_italy_hpe/glass/glass01opaque_-88_2440_40.vmt,130,130
materials/maps/cs_italy_hpe/glass/glass01opaque_-960_-312_-72.vmt,132,132
materials/maps/cs_italy_hpe/glass/glass01opaque_320_2448_40.vmt,130,130
materials/maps/cs_italy_hpe/glass/glass01opaque_552_-144_-88.vmt,131,131
materials/maps/cs_italy_hpe/glass/glass01opaque_552_-608_-88.vmt,131,131
materials/maps/cs_italy_hpe/glass/glass01opaque_704_2392_168.vmt,131,131
materials/maps/cs_italy_hpe/glass/glass01opaque_712_2000_40.vmt,130,130
materials/maps/cs_italy_hpe/glass/glass01opaque_792_-392_-88.vmt,131,131
materials/maps/cs_italy_hpe/glass/glasswindow032a_-112_912_-88.vmt,133,133
materials/maps/cs_italy_hpe/glass/glasswindowbreak070b_320_744_-88.vmt,137,137
materials/maps/cs_italy_hpe/plaster/plasterwall044c_-1024_1560_-24.vmt,137,137
materials/maps/cs_italy_hpe/plaster/plasterwall044c_-1032_1280_64.vmt,136,136
materials/maps/cs_italy_hpe/stone/blend_building_sidewalk_wvt_patch.vmt,110,110
materials/maps/cs_italy_hpe/stone/blendstonefloor003asphalt_wvt_patch.vmt,299,299
materials/maps/cs_italy_hpe/stone/infwllf2_-1032_-1704_-96.vmt,129,129
materials/maps/cs_italy_hpe/stone/infwllf2_-1032_1280_64.vmt,127,127
materials/maps/cs_italy_hpe/stone/infwllf2_-104_1936_-104.vmt,128,128
materials/maps/cs_italy_hpe/stone/infwllf2_-1240_48_-72.vmt,126,126
materials/maps/cs_italy_hpe/stone/infwllf2_-1256_1256_64.vmt,127,127
materials/maps/cs_italy_hpe/stone/infwllf2_-1280_976_48.vmt,126,126
materials/maps/cs_italy_hpe/stone/infwllf2_-32_-440_-88.vmt,126,126
materials/maps/cs_italy_hpe/stone/infwllf2_-336_-424_-88.vmt,127,127
materials/maps/cs_italy_hpe/stone/infwllf2_-344_-128_24.vmt,126,126
materials/maps/cs_italy_hpe/stone/infwllf2_-448_-1032_-128.vmt,129,129
materials/maps/cs_italy_hpe/stone/infwllf2_-660_-1756_-140.vmt,129,129
materials/maps/cs_italy_hpe/stone/infwllf2_-816_704_64.vmt,125,125
materials/maps/cs_italy_hpe/stone/infwllf2_-816_960_-128.vmt,127,127
materials/maps/cs_italy_hpe/stone/infwllf2_-856_-1040_-128.vmt,129,129
materials/maps/cs_italy_hpe/stone/infwllf2_-88_2440_40.vmt,125,125
materials/maps/cs_italy_hpe/stone/infwllf2_-960_-312_-72.vmt,127,127
materials/maps/cs_italy_hpe/stone/infwllf2_296_104_-88.vmt,125,125
materials/maps/cs_italy_hpe/stone/infwllf2_312_-424_-88.vmt,126,126
materials/maps/cs_italy_hpe/stone/infwllf2_320_2448_40.vmt,125,125
materials/maps/cs_italy_hpe/stone/infwllf2_552_-144_-88.vmt,126,126
materials/maps/cs_italy_hpe/stone/infwllf2_552_-608_-88.vmt,126,126
materials/maps/cs_italy_hpe/stone/infwllf2_704_2392_168.vmt,126,126
materials/maps/cs_italy_hpe/stone/infwllf2_704_2392_40.vmt,125,125
materials/maps/cs_italy_hpe/stone/infwllf2_760_360_-88.vmt,125,125
materials/maps/cs_italy_hpe/stone/infwllf2_792_-392_-88.vmt,126,126
materials/maps/cs_italy_hpe/stone/infwllf2_808_1144_-24.vmt,126,126
materials/maps/cs_italy_hpe/stone/infwllf2_936_1992_40.vmt,125,125
materials/maps/cs_italy_hpe/stone/infwllf2_952_96_-88.vmt,124,124
materials/maps/cs_italy_hpe/stone/infwllf_sidewalk_-1024_1560_-24.vmt,136,136
materials/maps/cs_italy_hpe/stone/infwllf_sidewalk_-1032_-1704_-96.vmt,137,137
materials/maps/cs_italy_hpe/stone/infwllf_sidewalk_-104_1936_-104.vmt,136,136
materials/maps/cs_italy_hpe/stone/infwllf_sidewalk_-448_-1032_-128.vmt,137,137
materials/maps/cs_italy_hpe/stone/infwllf_sidewalk_-660_-1756_-140.vmt,137,137
materials/maps/cs_italy_hpe/stone/infwllf_sidewalk_-816_960_-128.vmt,135,135
materials/maps/cs_italy_hpe/stone/infwllf_sidewalk_-856_-1040_-128.vmt,137,137
materials/maps/cs_italy_hpe/stone/infwllf_sidewalk_-88_2440_40.vmt,133,133
materials/maps/cs_italy_hpe/stone/infwllf_sidewalk_296_104_-88.vmt,133,133
materials/maps/cs_italy_hpe/stone/infwllf_sidewalk_320_2448_40.vmt,133,133
materials/maps/cs_italy_hpe/stone/infwllf_sidewalk_552_-144_-88.vmt,134,134
materials/maps/cs_italy_hpe/stone/infwllf_sidewalk_552_-608_-88.vmt,134,134
materials/maps/cs_italy_hpe/stone/infwllf_sidewalk_704_2392_40.vmt,133,133
materials/maps/cs_italy_hpe/stone/infwllf_sidewalk_952_96_-88.vmt,132,132
materials/maps/cs_italy_hpe/stone/infwllftop2_-856_-1040_-128.vmt,132,132
materials/maps/cs_italy_hpe/stone/stonefloor003a_-1032_-1704_-96.vmt,135,135
materials/maps/cs_italy_hpe/stone/stonefloor003a_-104_1936_-104.vmt,134,134
materials/maps/cs_italy_hpe/stone/stonefloor003a_-816_960_-128.vmt,133,133
materials/maps/cs_italy_hpe/stone/stonefloor003a_-88_2440_40.vmt,131,131
materials/maps/cs_italy_hpe/stone/stonefloor003a_296_104_-88.vmt,131,131
materials/maps/cs_italy_hpe/stone/stonefloor003a_312_-424_-88.vmt,132,132
materials/maps/cs_italy_hpe/stone/stonefloor003a_320_2448_40.vmt,131,131
materials/maps/cs_italy_hpe/stone/stonefloor003a_392_392_-88.vmt,131,131
materials/maps/cs_italy_hpe/stone/stonefloor003a_552_-144_-88.vmt,132,132
materials/maps/cs_italy_hpe/stone/stonefloor003a_552_-608_-88.vmt,132,132
materials/maps/cs_italy_hpe/stone/stonefloor003a_752_1568_40.vmt,131,131
materials/maps/cs_italy_hpe/stone/stonefloor003a_792_-392_-88.vmt,132,132
materials/maps/cs_italy_hpe/stone/stonefloor003a_808_1144_-24.vmt,132,132
materials/maps/cs_italy_hpe/stone/stonefloor008a_-104_1936_40.vmt,132,132
materials/maps/cs_italy_hpe/stone/stonefloor008a_-32_-440_-88.vmt,132,132
materials/maps/cs_italy_hpe/stone/stonefloor008a_-336_-424_-88.vmt,133,133
materials/maps/cs_italy_hpe/stone/stonefloor008a_-336_1952_-104.vmt,134,134
materials/maps/cs_italy_hpe/stone/stonefloor008a_-344_-128_24.vmt,132,132
materials/maps/cs_italy_hpe/stone/stonefloor008a_-448_-1032_-128.vmt,135,135
materials/maps/cs_italy_hpe/stone/stonefloor008a_-660_-1756_-140.vmt,135,135
materials/maps/cs_italy_hpe/stone/stonefloor008a_-856_-1040_-128.vmt,135,135
materials/maps/cs_italy_hpe/stone/stonefloor008a_-88_2440_40.vmt,131,131
materials/maps/cs_italy_hpe/stone/stonefloor008a_312_-424_-88.vmt,132,132
materials/maps/cs_italy_hpe/stone/stonefloor008a_552_-144_-88.vmt,132,132
materials/maps/cs_italy_hpe/stone/stonefloor008a_552_-608_-88.vmt,132,132
materials/maps/cs_italy_hpe/stone/stonefloor008a_712_2000_40.vmt,131,131
materials/maps/cs_italy_hpe/stone/stonefloor008a_792_-392_-88.vmt,132,132
materials/maps/cs_italy_hpe/stone/stonefloor008a_952_96_-88.vmt,130,130
materials/maps/cs_italy_hpe/stone/stonefloor008a_light_-104_1936_-104.vmt,140,140
materials/maps/cs_italy_hpe/stone/stonefloor008a_light_-104_1936_40.vmt,138,138
materials/maps/cs_italy_hpe/stone/stonefloor008a_light_-660_-1756_-140.vmt,141,141
materials/maps/cs_italy_hpe/stone/stonefloor008a_light_-824_1272_40.vmt,138,138
materials/maps/cs_italy_hpe/stone/stonefloor008a_light_304_1944_40.vmt,137,137
materials/maps/cs_italy_hpe/stone/stonefloor008a_light_320_2448_40.vmt,137,137
materials/maps/cs_italy_hpe/stone/stonefloor008a_light_712_2000_40.vmt,137,137
materials/maps/cs_italy_hpe/stone/stonefloor008a_light_712_2208_40.vmt,137,137
materials/maps/cs_italy_hpe/stone/stonefloor008a_light_752_1568_40.vmt,137,137
materials/maps/cs_italy_hpe/stone/stonefloor008a_light_936_1992_40.vmt,137,137
materials/models/cs_italy/ClothesLine_DIFF.vmt,95,95
materials/models/cs_italy/ClothesLine_DIFF.vtf,349760,349760
materials/models/cs_italy/HangingFlag.vmt,90,90
materials/models/cs_italy/HangingFlag.vtf,87616,87616
materials/models/cs_italy/eggplant01.vmt,72,72
materials/models/cs_italy/eggplant01.vtf,87616,87616
materials/models/cs_italy/market_dolly01.vmt,76,76
materials/models/cs_italy/market_dolly01.vtf,174984,174984
materials/models/cs_italy/market_table01.vmt,76,76
materials/models/cs_italy/market_table01.vtf,174984,174984
materials/models/cs_italy/market_vegbin01.vmt,77,77
materials/models/cs_italy/market_vegbin01.vtf,174984,174984
materials/models/cs_italy/market_vegcrate01.vmt,79,79
materials/models/cs_italy/market_vegcrate01.vtf,174984,174984
materials/models/cs_italy/pricetags01.vmt,73,73
materials/models/cs_italy/pricetags01.vtf,43912,43912
materials/models/cs_italy/streetsigns01.vmt,75,75
materials/models/cs_italy/streetsigns01.vtf,174984,174984
materials/models/cs_italy/tomatoes01.vmt,72,72
materials/models/cs_italy/tomatoes01.vtf,43912,43912
materials/models/gibs/furniture_gibs/furnituretable001a.vmt,145,145
materials/models/gibs/furniture_gibs/furniturewooddrawers001a.vmt,88,88
materials/models/props/cs_italy/bin01.vmt,73,73
materials/models/props/cs_italy/bin01.vtf,174984,174984
materials/models/props/cs_italy/brick_arch01.vmt,161,161
materials/models/props/cs_italy/brick_arch01.vtf,174984,174984
materials/models/props/cs_italy/brick_arch01_normal.vtf,174984,174984
materials/models/props/cs_italy/chianti.vmt,75,75
materials/models/props/cs_italy/chianti.vtf,699272,699272
materials/models/props/cs_italy/chianti02.vmt,77,77
materials/models/props/cs_italy/chianti02.vtf,699272,699272
materials/models/props/cs_italy/hpe_italy_pipe_wall.vmt,136,136
materials/models/props/cs_italy/hpe_italy_pipe_wall.vtf,2952,2952
materials/models/props/cs_italy/italy_door_mailbox.vmt,82,82
materials/models/props/cs_italy/italy_door_mailbox.vtf,43912,43912
materials/models/props/cs_italy/italy_doorbell.vmt,78,78
materials/models/props/cs_italy/italy_doorbell.vtf,11144,11144
materials/models/props/cs_italy/italy_interior_doorframe.vmt,140,140
materials/models/props/cs_italy/italy_interior_doorframe.vtf,22008,22008
materials/models/props/cs_italy/italy_round_door.vmt,136,136
materials/models/props/cs_italy/italy_round_door.vtf,174984,174984
materials/models/props/cs_italy/italy_signage.vmt,130,130
materials/models/props/cs_italy/italy_signage.vtf,174984,174984
materials/models/props/cs_italy/italy_signs_post.vmt,133,133
materials/models/props/cs_italy/italy_signs_post.vtf,43912,43912
materials/models/props/cs_italy/italy_tile_roof.vmt,186,186
materials/models/props/cs_italy/italy_tile_roof.vtf,349760,349760
materials/models/props/cs_italy/italy_tile_roof_normal.vtf,174984,174984
materials/models/props/cs_italy/italy_window_bars.vmt,134,134
materials/models/props/cs_italy/italy_window_bars.vtf,2952,2952
materials/models/props/cs_italy/italy_wires_ctspawn.vmt,83,83
materials/models/props/cs_italy/italy_wires_ctspawn.vtf,43912,43912
materials/models/props/cs_italy/paint_roller.vmt,76,76
materials/models/props/cs_italy/paint_roller.vtf,43912,43912
materials/models/props/cs_italy/plaster.vmt,75,75
materials/models/props/cs_italy/plaster.vtf,11144,11144
materials/models/props/cs_italy/radio.vmt,73,73
materials/models/props/cs_italy/radio.vtf,174984,174984
materials/models/props/cs_italy/trellis01.vmt,222,222
materials/models/props/cs_italy/trellis01.vtf,1398336,1398336
materials/models/props/cs_italy/weed_tuft01.vmt,167,167
materials/models/props/cs_italy/weed_tuft01.vtf,349760,349760
materials/models/props/cs_italy/wndpane1.vmt,76,76
materials/models/props/cs_italy/wndpane1.vtf,22008,22008
materials/models/props/cs_italy/wndx1.vmt,73,73
materials/models/props/cs_italy/wndx1.vtf,43912,43912
materials/models/props/cs_italy/wndx1b.vmt,74,74
materials/models/props/cs_italy/wndx1b.vtf,43912,43912
materials/models/props/cs_italy/wndx1r.vmt,74,74
materials/models/props/cs_italy/wndx1r.vtf,43912,43912
materials/models/props/cs_italy/wndx1y.vmt,74,74
materials/models/props/cs_italy/wndx1y.vtf,43912,43912
materials/models/props/cs_italy/wndx2.vmt,73,73
materials/models/props/cs_italy/wndx2.vtf,87544,87544
materials/models/props/cs_italy/wndx2b.vmt,74,74
materials/models/props/cs_italy/wndx2b.vtf,87544,87544
materials/models/props/cs_italy/wndx2r.vmt,74,74
materials/models/props/cs_italy/wndx2r.vtf,87544,87544
materials/models/props/cs_italy/wndx2y.vmt,74,74
materials/models/props/cs_italy/wndx2y.vtf,87544,87544
materials/models/props/cs_office/ladder_office.vmt,82,82
materials/models/props/cs_office/ladder_office.vtf,174984,174984
materials/models/props/de_aztec/grasstuft01.vmt,162,162
materials/models/props/de_aztec/grasstuft01.vtf,87616,87616
materials/models/props/de_aztec/grasstuft02.vmt,162,162
materials/models/props/de_aztec/grasstuft02.vtf,87616,87616
materials/models/props_c17/furniturechair001a.vmt,95,95
materials/models/props_c17/furniturechair001a.vtf,43936,43936
materials/models/props_c17/furnituredresser001a.vmt,84,84
materials/models/props_c17/furnituretable001a.vmt,95,95
materials/models/props_c17/furnituretable001a.vtf,87568,87568
materials/models/props_downtown/bedding_pile02.pwl.vtf,175008,175008
materials/models/props_downtown/bedding_pile02.vmt,235,235
materials/models/props_downtown/bedding_pile02.vtf,175008,175008
materials/models/props_downtown/dresser.pwl.vtf,349720,349720
materials/models/props_downtown/dresser.vmt,228,228
materials/models/props_downtown/dresser.vtf,349720,349720
materials/models/props_foliage/Urban_Tree03.vmt,79,79
materials/models/props_foliage/Urban_Tree03.vtf,174984,174984
materials/models/props_foliage/Urban_Tree03_branches.vmt,190,190
materials/models/props_foliage/Urban_Tree03_branches.vtf,1398336,1398336
materials/models/props_foliage/flower_A.vmt,177,177
materials/models/props_foliage/flower_A.vtf,22080,22080
materials/models/props_foliage/flower_B.vmt,177,177
materials/models/props_foliage/flower_B.vtf,22080,22080
materials/models/props_foliage/flower_C.vmt,177,177
materials/models/props_foliage/flower_C.vtf,22080,22080
materials/models/props_foliage/flower_D.vmt,177,177
materials/models/props_foliage/flower_D.vtf,22080,22080
materials/models/props_foliage/mall_large_pots01.vmt,182,182
materials/models/props_foliage/mall_large_pots01.vtf,175008,175008
materials/models/props_foliage/mall_large_pots01_ref.vtf,43936,43936
materials/models/props_foliage/mall_large_pots02.vmt,182,182
materials/models/props_foliage/mall_large_pots02.vtf,175008,175008
materials/models/props_foliage/mall_trees_barks01.vmt,96,96
materials/models/props_foliage/mall_trees_barks01.vtf,699296,699296
materials/models/props_foliage/mall_trees_branches01.vmt,186,186
materials/models/props_foliage/mall_trees_branches01.vtf,5592672,5592672
materials/models/props_foliage/mall_trees_branches02.vmt,189,189
materials/models/props_foliage/mall_trees_branches02.vtf,1398360,1398360
materials/models/props_foliage/tree_include.vmt,458,458
materials/models/props_foliage/tree_include_small.vmt,456,456
materials/models/props_foliage/urban_trees_barks01.vtf,1398288,1398288
materials/models/props_foliage/urban_trees_barks01_still.vmt,99,99
materials/models/props_foliage/urban_trees_branches02_mip0.vmt,114,114
materials/models/props_foliage/urban_trees_branches02_mip0.vtf,5592672,5592672
materials/models/props_foliage/urban_trees_branches02_still.vmt,192,192
materials/models/props_foliage/urban_trees_branches03.vmt,668,668
materials/models/props_foliage/urban_trees_branches03_mip0.vtf,5592664,5592664
materials/models/props_foliage/urban_trees_branches03_small.vmt,260,260
materials/models/props_furniture/cafe_barstool1.vmt,78,78
materials/models/props_furniture/cafe_barstool1.vtf,87568,87568
materials/models/props_furniture/furnituredresser001a.vtf,175008,175008
materials/models/props_furniture/furniturewooddrawers001a.vtf,175008,175008
materials/models/props_furniture/kitchen_countertop1.vmt,83,83
materials/models/props_furniture/kitchen_countertop1.vtf,175008,175008
materials/models/props_furniture/kitchen_shelf1.vmt,78,78
materials/models/props_furniture/kitchen_shelf1.vtf,87568,87568
materials/models/props_interiors/alarm_clock_off.vmt,235,235
materials/models/props_interiors/alarm_clock_off.vtf,43936,43936
materials/models/props_interiors/alarm_clock_on.vmt,246,246
materials/models/props_interiors/alarm_clock_on.vtf,175048,175048
materials/models/props_interiors/alarm_clock_ref.vtf,11168,11168
materials/models/props_interiors/bed.vmt,67,67
materials/models/props_interiors/bed.vtf,175008,175008
materials/models/props_interiors/clothing_pile1.vmt,78,78
materials/models/props_interiors/clothing_pile1.vtf,43936,43936
materials/models/props_interiors/clothing_pile3.vmt,78,78
materials/models/props_interiors/clothing_pile3.vtf,43936,43936
materials/models/props_interiors/refrigerator02.vmt,182,182
materials/models/props_interiors/refrigerator02.vtf,175008,175008
materials/models/props_interiors/refrigerator02_new.vmt,190,190
materials/models/props_interiors/refrigerator02_new.vtf,175008,175008
materials/models/props_interiors/refrigerator02_new_on.vmt,207,207
materials/models/props_interiors/refrigerator02_new_on.vtf,349784,349784
materials/models/props_interiors/refrigerator02_new_ref.vtf,43936,43936
materials/models/props_interiors/refrigerator02_ref.vtf,11168,11168
materials/models/props_interiors/sink_kitchen.vmt,250,250
materials/models/props_interiors/sink_kitchen.vtf,43936,43936
materials/models/props_interiors/table_kitchen.vmt,97,97
materials/models/props_interiors/table_kitchen.vtf,175008,175008
materials/models/props_interiors/trashcankitchen01.vmt,190,190
materials/models/props_interiors/trashcankitchen01.vtf,43936,43936
materials/models/props_interiors/trashcankitchen01_ref.vtf,11168,11168
materials/models/props_junk/cinderblock01a.vmt,98,98
materials/models/props_junk/cinderblock01a.vtf,43936,43936
materials/models/props_junk/metalbucket01a.vmt,73,73
materials/models/props_junk/metalbucket01a.vtf,43936,43936
materials/models/props_junk/physics_trash.vmt,92,92
materials/models/props_junk/physics_trash.vtf,699296,699296
materials/models/props_junk/physics_trash_hospital.vmt,101,101
materials/models/props_junk/physics_trash_hospital.vtf,349712,349712
materials/models/props_junk/trashclusters01.vmt,201,201
materials/models/props_junk/trashclusters01.vtf,175008,175008
materials/models/props_junk/trashclusters01_specular.vtf,43936,43936
materials/models/props_lighting/lampbedside01.vmt,177,177
materials/models/props_lighting/lampbedside01_on.vmt,222,222
materials/models/props_lighting/lampbedside01_on.vtf,87640,87640
materials/models/props_lighting/lampbedside01_ref.vtf,11168,11168
materials/models/props_lighting/lightbulb01a.vmt,87,87
materials/models/props_lighting/lightbulb01a.vtf,43896,43896
materials/models/props_lighting/lightbulb01a_off.vmt,73,73
materials/models/props_mall/cash_register.vmt,80,80
materials/models/props_mall/cash_register.vtf,43936,43936
materials/models/props_mall/mall_bench.vmt,73,73
materials/models/props_mall/mall_bench.vtf,699304,699304
materials/models/props_rooftop/acunit01.vmt,90,90
materials/models/props_rooftop/acunit01.vtf,175008,175008
materials/models/props_rooftop/rooftopcluster06a.vmt,79,79
materials/models/props_rooftop/rooftopcluster06a.vtf,175008,175008
materials/models/props_street/electrical_boxes.vmt,75,75
materials/models/props_street/electrical_boxes.vtf,175008,175008
materials/models/props_street/garbage_can.vmt,473,473
materials/models/props_street/garbage_can.vtf,175008,175008
materials/models/props_urban/chimneys001.vmt,75,75
materials/models/props_urban/chimneys001.vtf,175008,175008
materials/models/props_urban/curbs001.vmt,72,72
materials/models/props_urban/curbs001.vtf,175008,175008
materials/models/props_urban/curbs002.vmt,70,70
materials/models/props_urban/curbs002.vtf,175008,175008
materials/models/props_urban/garbage_can001.vmt,151,151
materials/models/props_urban/garbage_can001.vtf,349784,349784
materials/models/props_urban/garden_hose001.vmt,78,78
materials/models/props_urban/garden_hose001.vtf,175008,175008
materials/models/props_urban/plaster_edge01.vmt,74,74
materials/models/props_urban/plaster_edge01.vtf,175008,175008
materials/models/props_windows/window_uban_apt_glass.vtf,87640,87640
materials/models/props_windows/window_uban_apt_glass_ref.vtf,2976,2976
materials/overlays/plaster_side_01.vmt,166,166
materials/overlays/plaster_side_01.vtf,43928,43928
materials/overlays/plaster_side_05.vmt,166,166
materials/overlays/plaster_side_05.vtf,43928,43928
materials/overlays/rug001a.vmt,138,138
materials/overlays/rug001a.vtf,699256,699256
materials/overlays/urban_paintswatch_01a.vmt,131,131
materials/overlays/urban_paintswatch_01a.vtf,174968,174968
materials/overlays/urban_paintswatch_02a.vmt,131,131
materials/overlays/urban_paintswatch_02a.vtf,174968,174968
materials/overlays/urban_paintswatch_03a.vmt,119,119
materials/overlays/urban_paintswatch_03a.vtf,174968,174968
materials/overlays/urban_paintswatch_04a.vmt,119,119
materials/overlays/urban_paintswatch_04a.vtf,174968,174968
materials/plaster/plaster_ext_06.vmt,105,105
materials/plaster/plaster_ext_06.vtf,175008,175008
materials/plaster/plaster_ext_15.vmt,105,105
materials/plaster/plaster_ext_15.vtf,175008,175008
materials/plaster/plaster_ext_17.vmt,106,106
materials/plaster/plaster_ext_17.vtf,175008,175008
materials/props/carpetfloor004a.vmt,87,87
materials/props/carpetfloor004a.vtf,43936,43936
materials/skybox/italybk.vmt,82,82
materials/skybox/italybk.vtf,174984,174984
materials/skybox/italydn.vmt,82,82
materials/skybox/italydn.vtf,174984,174984
materials/skybox/italyft.vmt,82,82
materials/skybox/italyft.vtf,174984,174984
materials/skybox/italylf.vmt,82,82
materials/skybox/italylf.vtf,174984,174984
materials/skybox/italyrt.vmt,82,82
materials/skybox/italyrt.vtf,174984,174984
materials/skybox/italyup.vmt,82,82
materials/skybox/italyup.vtf,174984,174984
materials/stone/blend_building_sidewalk.vmt,157,157
materials/stone/infwllf2.vmt,230,230
materials/stone/infwllf2.vtf,349688,349688
materials/stone/infwllf_normal.vtf,699232,699232
materials/stone/infwllf_sidewalk.vmt,223,223
materials/stone/infwllf_sidewalk.vtf,43832,43832
materials/stone/infwllf_sidewalk_normal.vtf,87552,87552
materials/stone/infwllftop2.vmt,213,213
materials/stone/infwllftop2.vtf,174984,174984
materials/stone/infwllftop2_normal.vtf,349760,349760
materials/stone/stone_floor_01.vmt,162,162
materials/stone/stone_floor_01.vtf,175008,175008
materials/stone/stone_floor_01_height-ssbump.vtf,175008,175008
materials/stone/stone_floor_03.vmt,180,180
materials/stone/stone_floor_03.vtf,175008,175008
materials/stone/stone_floor_03_dark.vtf,174984,174984
materials/stone/stone_floor_03_height-ssbump.vtf,175008,175008
materials/stone/stonefloor008a_light.vmt,251,251
materials/stone/stonefloor008a_light.vtf,174984,174984
materials/tools/toolsblockbullets-dx10.vtf,5720,5720
materials/tools/toolsblockbullets.vmt,201,201
materials/tools/toolsblockbullets.vtf,5720,5720
materials/tools/toolsblocklight.vmt,156,156
materials/tools/toolsblocklight.vtf,5720,5720
materials/tools/toolsclip-dx10.vtf,5720,5720
materials/tools/toolsclip.vmt,358,358
materials/tools/toolsclip.vtf,5720,5720
materials/tools/toolshint-dx10.vtf,5720,5720
materials/tools/toolshint.vmt,324,324
materials/tools/toolshint.vtf,5720,5720
materials/tools/toolsnodraw.vmt,254,254
materials/tools/toolsnodraw.vtf,2976,2976
materials/tools/toolsskybox.vmt,285,285
materials/tools/toolsskybox.vtf,11168,11168
materials/tools/toolstrigger-dx10.vtf,5720,5720
materials/tools/toolstrigger.vmt,394,394
materials/tools/toolstrigger.vtf,5720,5720
materials/wood/barn01.vmt,73,73
materials/wood/barn01.vtf,175008,175008
materials/wood/floor02.vmt,84,84
materials/wood/floor02.vtf,175008,175008
models/cs_italy/italy_interior_doorframe.dx80.vtx,2349,2349
models/cs_italy/italy_interior_doorframe.dx90.vtx,2349,2349
models/cs_italy/italy_interior_doorframe.mdl,1736,1736
models/cs_italy/italy_interior_doorframe.phy,1996,1996
models/cs_italy/italy_interior_doorframe.sw.vtx,2349,2349
models/cs_italy/italy_interior_doorframe.vvd,9792,9792
models/cs_italy/italy_pipe_wall_cap.dx80.vtx,2917,2917
models/cs_italy/italy_pipe_wall_cap.dx90.vtx,2917,2917
models/cs_italy/italy_pipe_wall_cap.mdl,1768,1768
models/cs_italy/italy_pipe_wall_cap.sw.vtx,2917,2917
models/cs_italy/italy_pipe_wall_cap.vvd,12864,12864
models/cs_italy/italy_pipe_wall_curve.dx80.vtx,3994,3994
models/cs_italy/italy_pipe_wall_curve.dx90.vtx,3994,3994
models/cs_italy/italy_pipe_wall_curve.mdl,1768,1768
models/cs_italy/italy_pipe_wall_curve.sw.vtx,3994,3994
models/cs_italy/italy_pipe_wall_curve.vvd,15744,15744
models/cs_italy/italy_pipe_wall_straight_128.dx80.vtx,2932,2932
models/cs_italy/italy_pipe_wall_straight_128.dx90.vtx,2932,2932
models/cs_italy/italy_pipe_wall_straight_128.mdl,1776,1776
models/cs_italy/italy_pipe_wall_straight_128.sw.vtx,2932,2932
models/cs_italy/italy_pipe_wall_straight_128.vvd,12288,12288
models/cs_italy/italy_round_door.dx80.vtx,8974,8974
models/cs_italy/italy_round_door.dx90.vtx,8974,8974
models/cs_italy/italy_round_door.mdl,1764,1764
models/cs_italy/italy_round_door.phy,2408,2408
models/cs_italy/italy_round_door.sw.vtx,8974,8974
models/cs_italy/italy_round_door.vvd,42112,42112
models/cs_italy/italy_signs_arrow.dx80.vtx,2005,2005
models/cs_italy/italy_signs_arrow.dx90.vtx,2005,2005
models/cs_italy/italy_signs_arrow.mdl,1696,1696
models/cs_italy/italy_signs_arrow.phy,713,713
models/cs_italy/italy_signs_arrow.sw.vtx,2005,2005
models/cs_italy/italy_signs_arrow.vvd,7232,7232
models/cs_italy/italy_signs_dne.dx80.vtx,2335,2335
models/cs_italy/italy_signs_dne.dx90.vtx,2335,2335
models/cs_italy/italy_signs_dne.mdl,1756,1756
models/cs_italy/italy_signs_dne.phy,1670,1670
models/cs_italy/italy_signs_dne.sw.vtx,2335,2335
models/cs_italy/italy_signs_dne.vvd,9408,9408
models/cs_italy/italy_signs_dnp.dx80.vtx,2335,2335
models/cs_italy/italy_signs_dnp.dx90.vtx,2335,2335
models/cs_italy/italy_signs_dnp.mdl,1756,1756
models/cs_italy/italy_signs_dnp.phy,1670,1670
models/cs_italy/italy_signs_dnp.sw.vtx,2335,2335
models/cs_italy/italy_signs_dnp.vvd,9408,9408
models/cs_italy/italy_signs_noparking.dx80.vtx,2005,2005
models/cs_italy/italy_signs_noparking.dx90.vtx,2005,2005
models/cs_italy/italy_signs_noparking.mdl,1700,1700
models/cs_italy/italy_signs_noparking.phy,713,713
models/cs_italy/italy_signs_noparking.sw.vtx,2005,2005
models/cs_italy/italy_signs_noparking.vvd,7232,7232
models/cs_italy/italy_signs_phone.dx80.vtx,2335,2335
models/cs_italy/italy_signs_phone.dx90.vtx,2335,2335
models/cs_italy/italy_signs_phone.mdl,1760,1760
models/cs_italy/italy_signs_phone.phy,1670,1670
models/cs_italy/italy_signs_phone.sw.vtx,2335,2335
models/cs_italy/italy_signs_phone.vvd,9408,9408
models/cs_italy/italy_signs_post.dx80.vtx,4039,4039
models/cs_italy/italy_signs_post.dx90.vtx,4039,4039
models/cs_italy/italy_signs_post.mdl,1760,1760
models/cs_italy/italy_signs_post.phy,1439,1439
models/cs_italy/italy_signs_post.sw.vtx,4039,4039
models/cs_italy/italy_signs_post.vvd,19136,19136
models/cs_italy/italy_signs_street_bixio.dx80.vtx,2005,2005
models/cs_italy/italy_signs_street_bixio.dx90.vtx,2005,2005
models/cs_italy/italy_signs_street_bixio.mdl,1700,1700
models/cs_italy/italy_signs_street_bixio.phy,713,713
models/cs_italy/italy_signs_street_bixio.sw.vtx,2005,2005
models/cs_italy/italy_signs_street_bixio.vvd,7232,7232
models/cs_italy/italy_signs_street_pedrizzetti.dx80.vtx,2005,2005
models/cs_italy/italy_signs_street_pedrizzetti.dx90.vtx,2005,2005
models/cs_italy/italy_signs_street_pedrizzetti.mdl,1708,1708
models/cs_italy/italy_signs_street_pedrizzetti.phy,713,713
models/cs_italy/italy_signs_street_pedrizzetti.sw.vtx,2005,2005
models/cs_italy/italy_signs_street_pedrizzetti.vvd,7232,7232
models/cs_italy/italy_signs_street_rimini.dx80.vtx,2005,2005
models/cs_italy/italy_signs_street_rimini.dx90.vtx,2005,2005
models/cs_italy/italy_signs_street_rimini.mdl,1704,1704
models/cs_italy/italy_signs_street_rimini.phy,713,713
models/cs_italy/italy_signs_street_rimini.sw.vtx,2005,2005
models/cs_italy/italy_signs_street_rimini.vvd,7232,7232
models/cs_italy/italy_signs_street_turrisi.dx80.vtx,2005,2005
models/cs_italy/italy_signs_street_turrisi.dx90.vtx,2005,2005
models/cs_italy/italy_signs_street_turrisi.mdl,1704,1704
models/cs_italy/italy_signs_street_turrisi.phy,713,713
models/cs_italy/italy_signs_street_turrisi.sw.vtx,2005,2005
models/cs_italy/italy_signs_street_turrisi.vvd,7232,7232
models/cs_italy/italy_signs_street_volturno.dx80.vtx,2005,2005
models/cs_italy/italy_signs_street_volturno.dx90.vtx,2005,2005
models/cs_italy/italy_signs_street_volturno.mdl,1704,1704
models/cs_italy/italy_signs_street_volturno.phy,713,713
models/cs_italy/italy_signs_street_volturno.sw.vtx,2005,2005
models/cs_italy/italy_signs_street_volturno.vvd,7232,7232
models/cs_italy/italy_signs_telecom.dx80.vtx,2005,2005
models/cs_italy/italy_signs_telecom.dx90.vtx,2005,2005
models/cs_italy/italy_signs_telecom.mdl,1696,1696
models/cs_italy/italy_signs_telecom.phy,713,713
models/cs_italy/italy_signs_telecom.sw.vtx,2005,2005
models/cs_italy/italy_signs_telecom.vvd,7232,7232
models/cs_italy/italy_signs_wall_post.dx80.vtx,1579,1579
models/cs_italy/italy_signs_wall_post.dx90.vtx,1579,1579
models/cs_italy/italy_signs_wall_post.mdl,1764,1764
models/cs_italy/italy_signs_wall_post.phy,905,905
models/cs_italy/italy_signs_wall_post.sw.vtx,1579,1579
models/cs_italy/italy_signs_wall_post.vvd,6848,6848
models/cs_italy/italy_tile_roof.dx80.vtx,1669,1669
models/cs_italy/italy_tile_roof.dx90.vtx,1669,1669
models/cs_italy/italy_tile_roof.mdl,1756,1756
models/cs_italy/italy_tile_roof.sw.vtx,1669,1669
models/cs_italy/italy_tile_roof.vvd,6720,6720
models/cs_italy/italy_tile_roof_long.dx80.vtx,18301,18301
models/cs_italy/italy_tile_roof_long.dx90.vtx,18301,18301
models/cs_italy/italy_tile_roof_long.mdl,1764,1764
models/cs_italy/italy_tile_roof_long.sw.vtx,18301,18301
models/cs_italy/italy_tile_roof_long.vvd,79936,79936
models/cs_italy/italy_window_bars.dx80.vtx,12667,12667
models/cs_italy/italy_window_bars.dx90.vtx,12667,12667
models/cs_italy/italy_window_bars.mdl,1764,1764
models/cs_italy/italy_window_bars.sw.vtx,12667,12667
models/cs_italy/italy_window_bars.vvd,57280,57280
models/cs_italy/italy_wires_ctspawn.dx80.vtx,13920,13920
models/cs_italy/italy_wires_ctspawn.dx90.vtx,13920,13920
models/cs_italy/italy_wires_ctspawn.mdl,1732,1732
models/cs_italy/italy_wires_ctspawn.sw.vtx,13920,13920
models/cs_italy/italy_wires_ctspawn.vvd,55424,55424
models/gibs/furniture_gibs/furnituretable001a_chunk01.dx80.vtx,2223,2223
models/gibs/furniture_gibs/furnituretable001a_chunk01.dx90.vtx,2239,2239
models/gibs/furniture_gibs/furnituretable001a_chunk01.mdl,1956,1956
models/gibs/furniture_gibs/furnituretable001a_chunk01.phy,1107,1107
models/gibs/furniture_gibs/furnituretable001a_chunk01.vtx,2223,2223
models/gibs/furniture_gibs/furnituretable001a_chunk01.vvd,9408,9408
models/gibs/furniture_gibs/furnituretable001a_chunk02.dx80.vtx,1941,1941
models/gibs/furniture_gibs/furnituretable001a_chunk02.dx90.vtx,1957,1957
models/gibs/furniture_gibs/furnituretable001a_chunk02.mdl,1956,1956
models/gibs/furniture_gibs/furnituretable001a_chunk02.phy,1010,1010
models/gibs/furniture_gibs/furnituretable001a_chunk02.vtx,1941,1941
models/gibs/furniture_gibs/furnituretable001a_chunk02.vvd,8512,8512
models/gibs/furniture_gibs/furnituretable001a_chunk03.dx80.vtx,2961,2961
models/gibs/furniture_gibs/furnituretable001a_chunk03.dx90.vtx,2977,2977
models/gibs/furniture_gibs/furnituretable001a_chunk03.mdl,1956,1956
models/gibs/furniture_gibs/furnituretable001a_chunk03.phy,914,914
models/gibs/furniture_gibs/furnituretable001a_chunk03.vtx,2961,2961
models/gibs/furniture_gibs/furnituretable001a_chunk03.vvd,13632,13632
models/gibs/furniture_gibs/furnituretable001a_chunk04.dx80.vtx,1110,1110
models/gibs/furniture_gibs/furnituretable001a_chunk04.dx90.vtx,1126,1126
models/gibs/furniture_gibs/furnituretable001a_chunk04.mdl,1956,1956
models/gibs/furniture_gibs/furnituretable001a_chunk04.phy,817,817
models/gibs/furniture_gibs/furnituretable001a_chunk04.vtx,1110,1110
models/gibs/furniture_gibs/furnituretable001a_chunk04.vvd,4480,4480
models/gibs/furniture_gibs/furnituretable001a_chunk05.dx80.vtx,2796,2796
models/gibs/furniture_gibs/furnituretable001a_chunk05.dx90.vtx,2812,2812
models/gibs/furniture_gibs/furnituretable001a_chunk05.mdl,1956,1956
models/gibs/furniture_gibs/furnituretable001a_chunk05.phy,2458,2458
models/gibs/furniture_gibs/furnituretable001a_chunk05.vtx,2796,2796
models/gibs/furniture_gibs/furnituretable001a_chunk05.vvd,13312,13312
models/gibs/furniture_gibs/furnituretable001a_chunk06.dx80.vtx,966,966
models/gibs/furniture_gibs/furnituretable001a_chunk06.dx90.vtx,982,982
models/gibs/furniture_gibs/furnituretable001a_chunk06.mdl,1876,1876
models/gibs/furniture_gibs/furnituretable001a_chunk06.phy,816,816
models/gibs/furniture_gibs/furnituretable001a_chunk06.vtx,966,966
models/gibs/furniture_gibs/furnituretable001a_chunk06.vvd,3968,3968
models/gibs/furniture_gibs/furnituretable001a_chunk07.dx80.vtx,1101,1101
models/gibs/furniture_gibs/furnituretable001a_chunk07.dx90.vtx,1117,1117
models/gibs/furniture_gibs/furnituretable001a_chunk07.mdl,1956,1956
models/gibs/furniture_gibs/furnituretable001a_chunk07.phy,1009,1009
models/gibs/furniture_gibs/furnituretable001a_chunk07.vtx,1101,1101
models/gibs/furniture_gibs/furnituretable001a_chunk07.vvd,4672,4672
models/gibs/furniture_gibs/furnituretable001a_shard01.dx80.vtx,675,675
models/gibs/furniture_gibs/furnituretable001a_shard01.dx90.vtx,691,691
models/gibs/furniture_gibs/furnituretable001a_shard01.mdl,1884,1884
models/gibs/furniture_gibs/furnituretable001a_shard01.phy,624,624
models/gibs/furniture_gibs/furnituretable001a_shard01.vtx,675,675
models/gibs/furniture_gibs/furnituretable001a_shard01.vvd,2752,2752
models/props/cs_italy/HangingFlag.dx80.vtx,2713,2713
models/props/cs_italy/HangingFlag.dx90.vtx,2713,2713
models/props/cs_italy/HangingFlag.mdl,1752,1752
models/props/cs_italy/HangingFlag.phy,704,704
models/props/cs_italy/HangingFlag.sw.vtx,2713,2713
models/props/cs_italy/HangingFlag.vvd,10048,10048
models/props/cs_italy/arch_146_160.dx80.vtx,4861,4861
models/props/cs_italy/arch_146_160.dx90.vtx,4861,4861
models/props/cs_italy/arch_146_160.mdl,1768,1768
models/props/cs_italy/arch_146_160.phy,3760,3760
models/props/cs_italy/arch_146_160.sw.vtx,4861,4861
models/props/cs_italy/arch_146_160.vvd,18496,18496
models/props/cs_italy/arch_149_120.dx80.vtx,4213,4213
models/props/cs_italy/arch_149_120.dx90.vtx,4213,4213
models/props/cs_italy/arch_149_120.mdl,1768,1768
models/props/cs_italy/arch_149_120.phy,4072,4072
models/props/cs_italy/arch_149_120.sw.vtx,4213,4213
models/props/cs_italy/arch_149_120.vvd,13888,13888
models/props/cs_italy/arch_157_160.dx80.vtx,4213,4213
models/props/cs_italy/arch_157_160.dx90.vtx,4213,4213
models/props/cs_italy/arch_157_160.mdl,1768,1768
models/props/cs_italy/arch_157_160.phy,3776,3776
models/props/cs_italy/arch_157_160.sw.vtx,4213,4213
models/props/cs_italy/arch_157_160.vvd,13888,13888
models/props/cs_italy/arch_168_224.dx80.vtx,4213,4213
models/props/cs_italy/arch_168_224.dx90.vtx,4213,4213
models/props/cs_italy/arch_168_224.mdl,1768,1768
models/props/cs_italy/arch_168_224.phy,4097,4097
models/props/cs_italy/arch_168_224.sw.vtx,4213,4213
models/props/cs_italy/arch_168_224.vvd,13888,13888
models/props/cs_italy/arch_168_256.dx80.vtx,4213,4213
models/props/cs_italy/arch_168_256.dx90.vtx,4213,4213
models/props/cs_italy/arch_168_256.mdl,1768,1768
models/props/cs_italy/arch_168_256.phy,4297,4297
models/props/cs_italy/arch_168_256.sw.vtx,4213,4213
models/props/cs_italy/arch_168_256.vvd,13888,13888
models/props/cs_italy/arch_169_192.dx80.vtx,4861,4861
models/props/cs_italy/arch_169_192.dx90.vtx,4861,4861
models/props/cs_italy/arch_169_192.mdl,1768,1768
models/props/cs_italy/arch_169_192.phy,3937,3937
models/props/cs_italy/arch_169_192.sw.vtx,4861,4861
models/props/cs_italy/arch_169_192.vvd,18496,18496
models/props/cs_italy/bin01.dx80.vtx,8785,8785
models/props/cs_italy/bin01.dx90.vtx,8785,8785
models/props/cs_italy/bin01.mdl,1760,1760
models/props/cs_italy/bin01.phy,709,709
models/props/cs_italy/bin01.sw.vtx,8785,8785
models/props/cs_italy/bin01.vvd,42304,42304
models/props/cs_italy/bin02.dx80.vtx,8785,8785
models/props/cs_italy/bin02.dx90.vtx,8785,8785
models/props/cs_italy/bin02.mdl,1760,1760
models/props/cs_italy/bin02.phy,709,709
models/props/cs_italy/bin02.sw.vtx,8785,8785
models/props/cs_italy/bin02.vvd,42304,42304
models/props/cs_italy/bin03.dx80.vtx,8785,8785
models/props/cs_italy/bin03.dx90.vtx,8785,8785
models/props/cs_italy/bin03.mdl,1760,1760
models/props/cs_italy/bin03.phy,709,709
models/props/cs_italy/bin03.sw.vtx,8785,8785
models/props/cs_italy/bin03.vvd,42304,42304
models/props/cs_italy/chianti02.dx80.vtx,16962,16962
models/props/cs_italy/chianti02.dx90.vtx,16962,16962
models/props/cs_italy/chianti02.mdl,1736,1736
models/props/cs_italy/chianti02.phy,2300,2300
models/props/cs_italy/chianti02.sw.vtx,16962,16962
models/props/cs_italy/chianti02.vvd,59776,59776
models/props/cs_italy/chianti_bottle.dx80.vtx,11086,11086
models/props/cs_italy/chianti_bottle.dx90.vtx,11086,11086
models/props/cs_italy/chianti_bottle.mdl,1768,1768
models/props/cs_italy/chianti_bottle.phy,2144,2144
models/props/cs_italy/chianti_bottle.sw.vtx,11086,11086
models/props/cs_italy/chianti_bottle.vvd,38016,38016
models/props/cs_italy/clothesline.dx80.vtx,46698,46698
models/props/cs_italy/clothesline.dx90.vtx,46698,46698
models/props/cs_italy/clothesline.mdl,13620,13620
models/props/cs_italy/clothesline.phy,706,706
models/props/cs_italy/clothesline.sw.vtx,46586,46586
models/props/cs_italy/clothesline.vvd,190336,190336
models/props/cs_italy/eggplant01.dx80.vtx,24484,24484
models/props/cs_italy/eggplant01.dx90.vtx,24484,24484
models/props/cs_italy/eggplant01.mdl,1760,1760
models/props/cs_italy/eggplant01.phy,702,702
models/props/cs_italy/eggplant01.sw.vtx,24484,24484
models/props/cs_italy/eggplant01.vvd,87040,87040
models/props/cs_italy/it_entarch2_pillar.dx80.vtx,2557,2557
models/props/cs_italy/it_entarch2_pillar.dx90.vtx,2557,2557
models/props/cs_italy/it_entarch2_pillar.mdl,1824,1824
models/props/cs_italy/it_entarch2_pillar.phy,9406,9406
models/props/cs_italy/it_entarch2_pillar.sw.vtx,2557,2557
models/props/cs_italy/it_entarch2_pillar.vvd,12864,12864
models/props/cs_italy/italy_door_mailbox.dx80.vtx,3381,3381
models/props/cs_italy/italy_door_mailbox.dx90.vtx,3381,3381
models/props/cs_italy/italy_door_mailbox.mdl,1732,1732
models/props/cs_italy/italy_door_mailbox.phy,699,699
models/props/cs_italy/italy_door_mailbox.sw.vtx,3381,3381
models/props/cs_italy/italy_door_mailbox.vvd,15424,15424
models/props/cs_italy/italy_doorbell.dx80.vtx,4476,4476
models/props/cs_italy/italy_doorbell.dx90.vtx,4476,4476
models/props/cs_italy/italy_doorbell.mdl,1728,1728
models/props/cs_italy/italy_doorbell.sw.vtx,4476,4476
models/props/cs_italy/italy_doorbell.vvd,17152,17152
models/props/cs_italy/market_dolly01.dx80.vtx,12124,12124
models/props/cs_italy/market_dolly01.dx90.vtx,12124,12124
models/props/cs_italy/market_dolly01.mdl,1768,1768
models/props/cs_italy/market_dolly01.phy,709,709
models/props/cs_italy/market_dolly01.sw.vtx,12124,12124
models/props/cs_italy/market_dolly01.vvd,49920,49920
models/props/cs_italy/market_table01.dx80.vtx,5449,5449
models/props/cs_italy/market_table01.dx90.vtx,5449,5449
models/props/cs_italy/market_table01.mdl,1772,1772
models/props/cs_italy/market_table01.phy,2684,2684
models/props/cs_italy/market_table01.sw.vtx,5449,5449
models/props/cs_italy/market_table01.vvd,20288,20288
models/props/cs_italy/market_vegbin01.dx80.vtx,2299,2299
models/props/cs_italy/market_vegbin01.dx90.vtx,2299,2299
models/props/cs_italy/market_vegbin01.mdl,1776,1776
models/props/cs_italy/market_vegbin01.phy,714,714
models/props/cs_italy/market_vegbin01.sw.vtx,2299,2299
models/props/cs_italy/market_vegbin01.vvd,9664,9664
models/props/cs_italy/market_vegcrate01.dx80.vtx,1789,1789
models/props/cs_italy/market_vegcrate01.dx90.vtx,1789,1789
models/props/cs_italy/market_vegcrate01.mdl,1780,1780
models/props/cs_italy/market_vegcrate01.phy,716,716
models/props/cs_italy/market_vegcrate01.sw.vtx,1789,1789
models/props/cs_italy/market_vegcrate01.vvd,7744,7744
models/props/cs_italy/paint_roller.dx80.vtx,5940,5940
models/props/cs_italy/paint_roller.dx90.vtx,5940,5940
models/props/cs_italy/paint_roller.mdl,1728,1728
models/props/cs_italy/paint_roller.phy,886,886
models/props/cs_italy/paint_roller.sw.vtx,5940,5940
models/props/cs_italy/paint_roller.vvd,20992,20992
models/props/cs_italy/pricetag03.dx80.vtx,253,253
models/props/cs_italy/pricetag03.dx90.vtx,253,253
models/props/cs_italy/pricetag03.mdl,1696,1696
models/props/cs_italy/pricetag03.phy,506,506
models/props/cs_italy/pricetag03.sw.vtx,253,253
models/props/cs_italy/pricetag03.vvd,576,576
models/props/cs_italy/pricetag04.dx80.vtx,253,253
models/props/cs_italy/pricetag04.dx90.vtx,253,253
models/props/cs_italy/pricetag04.mdl,1696,1696
models/props/cs_italy/pricetag04.phy,506,506
models/props/cs_italy/pricetag04.sw.vtx,253,253
models/props/cs_italy/pricetag04.vvd,576,576
models/props/cs_italy/pricetag05.dx80.vtx,253,253
models/props/cs_italy/pricetag05.dx90.vtx,253,253
models/props/cs_italy/pricetag05.mdl,1696,1696
models/props/cs_italy/pricetag05.phy,506,506
models/props/cs_italy/pricetag05.sw.vtx,253,253
models/props/cs_italy/pricetag05.vvd,576,576
models/props/cs_italy/radio_DM01.dx80.vtx,4248,4248
models/props/cs_italy/radio_DM01.dx90.vtx,4248,4248
models/props/cs_italy/radio_DM01.mdl,1784,1784
models/props/cs_italy/radio_DM01.phy,875,875
models/props/cs_italy/radio_DM01.sw.vtx,4248,4248
models/props/cs_italy/radio_DM01.vvd,18176,18176
models/props/cs_italy/radio_DM02.dx80.vtx,5607,5607
models/props/cs_italy/radio_DM02.dx90.vtx,5607,5607
models/props/cs_italy/radio_DM02.mdl,1784,1784
models/props/cs_italy/radio_DM02.phy,827,827
models/props/cs_italy/radio_DM02.sw.vtx,5607,5607
models/props/cs_italy/radio_DM02.vvd,25792,25792
models/props/cs_italy/radio_DM03.dx80.vtx,3546,3546
models/props/cs_italy/radio_DM03.dx90.vtx,3546,3546
models/props/cs_italy/radio_DM03.mdl,1784,1784
models/props/cs_italy/radio_DM03.phy,1259,1259
models/props/cs_italy/radio_DM03.sw.vtx,3546,3546
models/props/cs_italy/radio_DM03.vvd,16256,16256
models/props/cs_italy/radio_DM04.dx80.vtx,6003,6003
models/props/cs_italy/radio_DM04.dx90.vtx,6003,6003
models/props/cs_italy/radio_DM04.mdl,1784,1784
models/props/cs_italy/radio_DM04.phy,1019,1019
models/props/cs_italy/radio_DM04.sw.vtx,6003,6003
models/props/cs_italy/radio_DM04.vvd,26048,26048
models/props/cs_italy/radio_DM05.dx80.vtx,2925,2925
models/props/cs_italy/radio_DM05.dx90.vtx,2925,2925
models/props/cs_italy/radio_DM05.mdl,1784,1784
models/props/cs_italy/radio_DM05.phy,875,875
models/props/cs_italy/radio_DM05.sw.vtx,2925,2925
models/props/cs_italy/radio_DM05.vvd,13632,13632
models/props/cs_italy/radio_DM06.dx80.vtx,3771,3771
models/props/cs_italy/radio_DM06.dx90.vtx,3771,3771
models/props/cs_italy/radio_DM06.mdl,1784,1784
models/props/cs_italy/radio_DM06.phy,923,923
models/props/cs_italy/radio_DM06.sw.vtx,3771,3771
models/props/cs_italy/radio_DM06.vvd,16320,16320
models/props/cs_italy/radio_DM07.dx80.vtx,3399,3399
models/props/cs_italy/radio_DM07.dx90.vtx,3399,3399
models/props/cs_italy/radio_DM07.mdl,1784,1784
models/props/cs_italy/radio_DM07.phy,683,683
models/props/cs_italy/radio_DM07.sw.vtx,3399,3399
models/props/cs_italy/radio_DM07.vvd,15040,15040
models/props/cs_italy/radio_DM08.dx80.vtx,1950,1950
models/props/cs_italy/radio_DM08.dx90.vtx,1950,1950
models/props/cs_italy/radio_DM08.mdl,1784,1784
models/props/cs_italy/radio_DM08.phy,1116,1116
models/props/cs_italy/radio_DM08.sw.vtx,1950,1950
models/props/cs_italy/radio_DM08.vvd,7552,7552
models/props/cs_italy/radio_DM09.dx80.vtx,7005,7005
models/props/cs_italy/radio_DM09.dx90.vtx,7005,7005
models/props/cs_italy/radio_DM09.mdl,1784,1784
models/props/cs_italy/radio_DM09.phy,924,924
models/props/cs_italy/radio_DM09.sw.vtx,7005,7005
models/props/cs_italy/radio_DM09.vvd,30272,30272
models/props/cs_italy/radio_DM10.dx80.vtx,4581,4581
models/props/cs_italy/radio_DM10.dx90.vtx,4581,4581
models/props/cs_italy/radio_DM10.mdl,1784,1784
models/props/cs_italy/radio_DM10.phy,1403,1403
models/props/cs_italy/radio_DM10.sw.vtx,4581,4581
models/props/cs_italy/radio_DM10.vvd,21312,21312
models/props/cs_italy/radio_DM11.dx80.vtx,886,886
models/props/cs_italy/radio_DM11.dx90.vtx,886,886
models/props/cs_italy/radio_DM11.mdl,1812,1812
models/props/cs_italy/radio_DM11.phy,923,923
models/props/cs_italy/radio_DM11.sw.vtx,886,886
models/props/cs_italy/radio_DM11.vvd,3584,3584
models/props/cs_italy/radio_DM13.dx80.vtx,555,555
models/props/cs_italy/radio_DM13.dx90.vtx,555,555
models/props/cs_italy/radio_DM13.mdl,1784,1784
models/props/cs_italy/radio_DM13.sw.vtx,555,555
models/props/cs_italy/radio_DM13.vvd,1984,1984
models/props/cs_italy/radio_DM14.dx80.vtx,2814,2814
models/props/cs_italy/radio_DM14.dx90.vtx,2814,2814
models/props/cs_italy/radio_DM14.mdl,1784,1784
models/props/cs_italy/radio_DM14.phy,971,971
models/props/cs_italy/radio_DM14.sw.vtx,2814,2814
models/props/cs_italy/radio_DM14.vvd,11904,11904
models/props/cs_italy/radio_wooden.dx80.vtx,15897,15897
models/props/cs_italy/radio_wooden.dx90.vtx,15897,15897
models/props/cs_italy/radio_wooden.mdl,1784,1784
models/props/cs_italy/radio_wooden.phy,2323,2323
models/props/cs_italy/radio_wooden.sw.vtx,15897,15897
models/props/cs_italy/radio_wooden.vvd,70208,70208
models/props/cs_italy/streetsign01.dx80.vtx,4021,4021
models/props/cs_italy/streetsign01.dx90.vtx,4021,4021
models/props/cs_italy/streetsign01.mdl,1764,1764
models/props/cs_italy/streetsign01.phy,707,707
models/props/cs_italy/streetsign01.sw.vtx,4021,4021
models/props/cs_italy/streetsign01.vvd,18496,18496
models/props/cs_italy/streetsign02.dx80.vtx,4591,4591
models/props/cs_italy/streetsign02.dx90.vtx,4591,4591
models/props/cs_italy/streetsign02.mdl,1764,1764
models/props/cs_italy/streetsign02.phy,707,707
models/props/cs_italy/streetsign02.sw.vtx,4591,4591
models/props/cs_italy/streetsign02.vvd,20928,20928
models/props/cs_italy/streetsign03.dx80.vtx,5641,5641
models/props/cs_italy/streetsign03.dx90.vtx,5641,5641
models/props/cs_italy/streetsign03.mdl,1764,1764
models/props/cs_italy/streetsign03.phy,707,707
models/props/cs_italy/streetsign03.sw.vtx,5641,5641
models/props/cs_italy/streetsign03.vvd,26432,26432
models/props/cs_italy/tomatoes01.dx80.vtx,12325,12325
models/props/cs_italy/tomatoes01.dx90.vtx,12325,12325
models/props/cs_italy/tomatoes01.mdl,1760,1760
models/props/cs_italy/tomatoes01.phy,702,702
models/props/cs_italy/tomatoes01.sw.vtx,12325,12325
models/props/cs_italy/tomatoes01.vvd,45632,45632
models/props/cs_italy/trellis01.dx80.vtx,61696,61696
models/props/cs_italy/trellis01.dx90.vtx,61696,61696
models/props/cs_italy/trellis01.mdl,1768,1768
models/props/cs_italy/trellis01.phy,2732,2732
models/props/cs_italy/trellis01.sw.vtx,61696,61696
models/props/cs_italy/trellis01.vvd,326528,326528
models/props/cs_italy/weed_tuft01.dx80.vtx,1741,1741
models/props/cs_italy/weed_tuft01.dx90.vtx,1741,1741
models/props/cs_italy/weed_tuft01.mdl,1768,1768
models/props/cs_italy/weed_tuft01.phy,706,706
models/props/cs_italy/weed_tuft01.sw.vtx,1741,1741
models/props/cs_italy/weed_tuft01.vvd,6208,6208
models/props/cs_italy/window/it_wndx1.dx80.vtx,1472,1472
models/props/cs_italy/window/it_wndx1.dx90.vtx,1472,1472
models/props/cs_italy/window/it_wndx1.mdl,2200,2200
models/props/cs_italy/window/it_wndx1.phy,2606,2606
models/props/cs_italy/window/it_wndx1.sw.vtx,1472,1472
models/props/cs_italy/window/it_wndx1.vvd,6336,6336
models/props/cs_italy/window/it_wndx1open.dx80.vtx,2445,2445
models/props/cs_italy/window/it_wndx1open.dx90.vtx,2445,2445
models/props/cs_italy/window/it_wndx1open.mdl,2404,2404
models/props/cs_italy/window/it_wndx1open.phy,2442,2442
models/props/cs_italy/window/it_wndx1open.sw.vtx,2445,2445
models/props/cs_italy/window/it_wndx1open.vvd,10944,10944
models/props/cs_italy/window/it_wndx2.dx80.vtx,1472,1472
models/props/cs_italy/window/it_wndx2.dx90.vtx,1472,1472
models/props/cs_italy/window/it_wndx2.mdl,2200,2200
models/props/cs_italy/window/it_wndx2.phy,2590,2590
models/props/cs_italy/window/it_wndx2.sw.vtx,1472,1472
models/props/cs_italy/window/it_wndx2.vvd,6336,6336
models/props/cs_italy/window/it_wndx2open.dx80.vtx,2445,2445
models/props/cs_italy/window/it_wndx2open.dx90.vtx,2445,2445
models/props/cs_italy/window/it_wndx2open.mdl,2404,2404
models/props/cs_italy/window/it_wndx2open.phy,2442,2442
models/props/cs_italy/window/it_wndx2open.sw.vtx,2445,2445
models/props/cs_italy/window/it_wndx2open.vvd,10944,10944
models/props/cs_office/Ladder_office.dx80.vtx,15841,15841
models/props/cs_office/Ladder_office.dx90.vtx,15841,15841
models/props/cs_office/Ladder_office.sw.vtx,15841,15841
models/props/cs_office/ladder_office.mdl,1780,1780
models/props/cs_office/ladder_office.vvd,78656,78656
models/props/de_aztec/grasstuft01.dx80.vtx,673,673
models/props/de_aztec/grasstuft01.dx90.vtx,673,673
models/props/de_aztec/grasstuft01.mdl,1772,1772
models/props/de_aztec/grasstuft01.phy,698,698
models/props/de_aztec/grasstuft01.sw.vtx,673,673
models/props/de_aztec/grasstuft01.vvd,2368,2368
models/props/de_aztec/grasstuft02.dx80.vtx,544,544
models/props/de_aztec/grasstuft02.dx90.vtx,544,544
models/props/de_aztec/grasstuft02.mdl,1772,1772
models/props/de_aztec/grasstuft02.phy,697,697
models/props/de_aztec/grasstuft02.sw.vtx,544,544
models/props/de_aztec/grasstuft02.vvd,1792,1792
models/props/de_inferno/Railing03b.dx80.vtx,3842,3842
models/props/de_inferno/Railing03b.dx90.vtx,3842,3842
models/props/de_inferno/Railing03b.mdl,1960,1960
models/props/de_inferno/Railing03b.phy,1120,1120
models/props/de_inferno/Railing03b.sw.vtx,3842,3842
models/props/de_inferno/Railing03b.vvd,19264,19264
models/props/de_inferno/railing03_corner.dx80.vtx,5138,5138
models/props/de_inferno/railing03_corner.dx90.vtx,5138,5138
models/props/de_inferno/railing03_corner.mdl,1964,1964
models/props/de_inferno/railing03_corner.phy,1175,1175
models/props/de_inferno/railing03_corner.sw.vtx,5138,5138
models/props/de_inferno/railing03_corner.vvd,26176,26176
models/props/de_inferno/railing05_decline168_576.dx80.vtx,32834,32834
models/props/de_inferno/railing05_decline168_576.dx90.vtx,32834,32834
models/props/de_inferno/railing05_decline168_576.mdl,1972,1972
models/props/de_inferno/railing05_decline168_576.phy,1471,1471
models/props/de_inferno/railing05_decline168_576.sw.vtx,32834,32834
models/props/de_inferno/railing05_decline168_576.vvd,173888,173888
models/props/de_inferno/railing_gate.dx80.vtx,7286,7286
models/props/de_inferno/railing_gate.dx90.vtx,7286,7286
models/props/de_inferno/railing_gate.mdl,1960,1960
models/props/de_inferno/railing_gate.phy,1170,1170
models/props/de_inferno/railing_gate.sw.vtx,7286,7286
models/props/de_inferno/railing_gate.vvd,33600,33600
models/props_c17/furniturechair001a.dx80.vtx,4836,4836
models/props_c17/furniturechair001a.dx90.vtx,4852,4852
models/props_c17/furniturechair001a.mdl,1816,1816
models/props_c17/furniturechair001a.phy,6615,6615
models/props_c17/furniturechair001a.vtx,4836,4836
models/props_c17/furniturechair001a.vvd,22784,22784
models/props_c17/furniturechair001a_chunk01.dx80.vtx,5678,5678
models/props_c17/furniturechair001a_chunk01.dx90.vtx,5710,5710
models/props_c17/furniturechair001a_chunk01.mdl,1824,1824
models/props_c17/furniturechair001a_chunk01.phy,2722,2722
models/props_c17/furniturechair001a_chunk01.vtx,5678,5678
models/props_c17/furniturechair001a_chunk01.vvd,15680,15680
models/props_c17/furniturechair001a_chunk02.dx80.vtx,1761,1761
models/props_c17/furniturechair001a_chunk02.dx90.vtx,1777,1777
models/props_c17/furniturechair001a_chunk02.mdl,1824,1824
models/props_c17/furniturechair001a_chunk02.phy,1746,1746
models/props_c17/furniturechair001a_chunk02.vtx,1761,1761
models/props_c17/furniturechair001a_chunk02.vvd,7872,7872
models/props_c17/furniturechair001a_chunk03.dx80.vtx,1089,1089
models/props_c17/furniturechair001a_chunk03.dx90.vtx,1105,1105
models/props_c17/furniturechair001a_chunk03.mdl,1824,1824
models/props_c17/furniturechair001a_chunk03.phy,1601,1601
models/props_c17/furniturechair001a_chunk03.vtx,1089,1089
models/props_c17/furniturechair001a_chunk03.vvd,4928,4928
models/props_c17/furnituredresser001a.dx80.vtx,7164,7164
models/props_c17/furnituredresser001a.dx90.vtx,7180,7180
models/props_c17/furnituredresser001a.mdl,1844,1844
models/props_c17/furnituredresser001a.phy,3087,3087
models/props_c17/furnituredresser001a.vtx,7164,7164
models/props_c17/furnituredresser001a.vvd,33600,33600
models/props_c17/furnituretable001a.dx80.vtx,7095,7095
models/props_c17/furnituretable001a.dx90.vtx,7095,7095
models/props_c17/furnituretable001a.mdl,1796,1796
models/props_c17/furnituretable001a.phy,5605,5605
models/props_c17/furnituretable001a.vtx,7095,7095
models/props_c17/furnituretable001a.vvd,33472,33472
models/props_downtown/bedding_pile_02.dx90.vtx,7018,7018
models/props_downtown/bedding_pile_02.mdl,1756,1756
models/props_downtown/bedding_pile_02.vvd,22016,22016
models/props_downtown/side_table.dx90.vtx,7081,7081
models/props_downtown/side_table.mdl,1748,1748
models/props_downtown/side_table.phy,2485,2485
models/props_downtown/side_table.vvd,34368,34368
models/props_foliage/HangingVines_Corner.dx80.vtx,7165,7165
models/props_foliage/HangingVines_Corner.dx90.vtx,7165,7165
models/props_foliage/HangingVines_Corner.mdl,1780,1780
models/props_foliage/HangingVines_Corner.phy,697,697
models/props_foliage/HangingVines_Corner.sw.vtx,7165,7165
models/props_foliage/HangingVines_Corner.vvd,28480,28480
models/props_foliage/HangingVines_Straight.dx80.vtx,6709,6709
models/props_foliage/HangingVines_Straight.dx90.vtx,6709,6709
models/props_foliage/HangingVines_Straight.mdl,1780,1780
models/props_foliage/HangingVines_Straight.phy,699,699
models/props_foliage/HangingVines_Straight.sw.vtx,6709,6709
models/props_foliage/HangingVines_Straight.vvd,26688,26688
models/props_foliage/Urban_Balcony_planter01.sw.vtx,29826,29826
models/props_foliage/Urban_Balcony_planter01a.dx80.vtx,30708,30708
models/props_foliage/Urban_Balcony_planter01a.dx90.vtx,30708,30708
models/props_foliage/Urban_Balcony_planter01a.phy,720,720
models/props_foliage/Urban_Balcony_planter01a.sw.vtx,30708,30708
models/props_foliage/Urban_Tree_Italy.dx80.vtx,147812,147812
models/props_foliage/Urban_Tree_Italy.dx90.vtx,147812,147812
models/props_foliage/Urban_Tree_Italy.phy,902,902
models/props_foliage/Urban_Tree_Italy.sw.vtx,147812,147812
models/props_foliage/mall_big_plant01.dx80.vtx,10641,10641
models/props_foliage/mall_big_plant01.dx90.vtx,10657,10657
models/props_foliage/mall_big_plant01.mdl,1772,1772
models/props_foliage/mall_big_plant01.vtx,10641,10641
models/props_foliage/mall_big_plant01.vvd,39488,39488
models/props_foliage/mall_bigleaves_plant01_medium.dx80.vtx,16086,16086
models/props_foliage/mall_bigleaves_plant01_medium.dx90.vtx,16118,16118
models/props_foliage/mall_bigleaves_plant01_medium.mdl,1988,1988
models/props_foliage/mall_bigleaves_plant01_medium.vtx,16086,16086
models/props_foliage/mall_bigleaves_plant01_medium.vvd,61888,61888
models/props_foliage/mall_bush02.dx80.vtx,24273,24273
models/props_foliage/mall_bush02.dx90.vtx,24289,24289
models/props_foliage/mall_bush02.mdl,1768,1768
models/props_foliage/mall_bush02.vtx,24273,24273
models/props_foliage/mall_bush02.vvd,103744,103744
models/props_foliage/mall_fern01.dx80.vtx,18390,18390
models/props_foliage/mall_fern01.dx90.vtx,18406,18406
models/props_foliage/mall_fern01.mdl,1768,1768
models/props_foliage/mall_fern01.vtx,18390,18390
models/props_foliage/mall_fern01.vvd,76928,76928
models/props_foliage/mall_grass_bush01.dx80.vtx,23493,23493
models/props_foliage/mall_grass_bush01.dx90.vtx,23509,23509
models/props_foliage/mall_grass_bush01.mdl,1772,1772
models/props_foliage/mall_grass_bush01.vtx,23493,23493
models/props_foliage/mall_grass_bush01.vvd,106816,106816
models/props_foliage/mall_pot_large01.dx80.vtx,4560,4560
models/props_foliage/mall_pot_large01.dx90.vtx,4576,4576
models/props_foliage/mall_pot_large01.mdl,1856,1856
models/props_foliage/mall_pot_large01.phy,1775,1775
models/props_foliage/mall_pot_large01.vtx,4560,4560
models/props_foliage/mall_pot_large01.vvd,17920,17920
models/props_foliage/mall_pot_square01.dx80.vtx,1290,1290
models/props_foliage/mall_pot_square01.dx90.vtx,1306,1306
models/props_foliage/mall_pot_square01.mdl,1856,1856
models/props_foliage/mall_pot_square01.phy,912,912
models/props_foliage/mall_pot_square01.vtx,1290,1290
models/props_foliage/mall_pot_square01.vvd,5504,5504
models/props_foliage/mall_pot_xlarge01.dx80.vtx,5865,5865
models/props_foliage/mall_pot_xlarge01.dx90.vtx,5881,5881
models/props_foliage/mall_pot_xlarge01.mdl,1856,1856
models/props_foliage/mall_pot_xlarge01.phy,2065,2065
models/props_foliage/mall_pot_xlarge01.vtx,5865,5865
models/props_foliage/mall_pot_xlarge01.vvd,22848,22848
models/props_foliage/mall_tree_large01.dx80.vtx,62088,62088
models/props_foliage/mall_tree_large01.dx90.vtx,62120,62120
models/props_foliage/mall_tree_large01.mdl,1972,1972
models/props_foliage/mall_tree_large01.phy,4118,4118
models/props_foliage/mall_tree_large01.vtx,62088,62088
models/props_foliage/mall_tree_large01.vvd,266816,266816
models/props_foliage/urban_balcony_planter01.dx80.vtx,29826,29826
models/props_foliage/urban_balcony_planter01.dx90.vtx,9491,9491
models/props_foliage/urban_balcony_planter01.mdl,1992,1992
models/props_foliage/urban_balcony_planter01.phy,723,723
models/props_foliage/urban_balcony_planter01.vtx,9459,9459
models/props_foliage/urban_balcony_planter01.vvd,41472,41472
models/props_foliage/urban_balcony_planter01a.mdl,2440,2440
models/props_foliage/urban_balcony_planter01a.vvd,144128,144128
models/props_foliage/urban_balcony_planter02.dx80.vtx,11118,11118
models/props_foliage/urban_balcony_planter02.dx90.vtx,11150,11150
models/props_foliage/urban_balcony_planter02.mdl,1992,1992
models/props_foliage/urban_balcony_planter02.phy,723,723
models/props_foliage/urban_balcony_planter02.vtx,11118,11118
models/props_foliage/urban_balcony_planter02.vvd,47552,47552
models/props_foliage/urban_fern01.dx80.vtx,18390,18390
models/props_foliage/urban_fern01.dx90.vtx,18406,18406
models/props_foliage/urban_fern01.mdl,1776,1776
models/props_foliage/urban_fern01.vtx,18390,18390
models/props_foliage/urban_fern01.vvd,76928,76928
models/props_foliage/urban_tree_italy.mdl,1968,1968
models/props_foliage/urban_tree_italy.vvd,724544,724544
models/props_foliage/urban_vine01.dx80.vtx,18762,18762
models/props_foliage/urban_vine01.dx90.vtx,18778,18778
models/props_foliage/urban_vine01.mdl,1772,1772
models/props_foliage/urban_vine01.vtx,18762,18762
models/props_foliage/urban_vine01.vvd,84480,84480
models/props_foliage/urban_vine02.dx80.vtx,29964,29964
models/props_foliage/urban_vine02.dx90.vtx,29980,29980
models/props_foliage/urban_vine02.mdl,1772,1772
models/props_foliage/urban_vine02.vtx,29964,29964
models/props_foliage/urban_vine02.vvd,135552,135552
models/props_foliage/urban_vine03.dx80.vtx,12933,12933
models/props_foliage/urban_vine03.dx90.vtx,12949,12949
models/props_foliage/urban_vine03.mdl,1772,1772
models/props_foliage/urban_vine03.vtx,12933,12933
models/props_foliage/urban_vine03.vvd,58176,58176
models/props_foliage/urban_vine04.dx80.vtx,1047,1047
models/props_foliage/urban_vine04.dx90.vtx,1063,1063
models/props_foliage/urban_vine04.mdl,1772,1772
models/props_foliage/urban_vine04.vtx,1047,1047
models/props_foliage/urban_vine04.vvd,3776,3776
models/props_furniture/cafe_barstool1.dx80.vtx,5034,5034
models/props_furniture/cafe_barstool1.dx90.vtx,5050,5050
models/props_furniture/cafe_barstool1.mdl,1840,1840
models/props_furniture/cafe_barstool1.phy,3414,3414
models/props_furniture/cafe_barstool1.vtx,5034,5034
models/props_furniture/cafe_barstool1.vvd,21632,21632
models/props_furniture/kitchen_countertop1.dx80.vtx,3249,3249
models/props_furniture/kitchen_countertop1.dx90.vtx,3265,3265
models/props_furniture/kitchen_countertop1.mdl,1776,1776
models/props_furniture/kitchen_countertop1.phy,701,701
models/props_furniture/kitchen_countertop1.vtx,3249,3249
models/props_furniture/kitchen_countertop1.vvd,15424,15424
models/props_furniture/kitchen_shelf1.dx80.vtx,4125,4125
models/props_furniture/kitchen_shelf1.dx90.vtx,4141,4141
models/props_furniture/kitchen_shelf1.mdl,1764,1764
models/props_furniture/kitchen_shelf1.phy,792,792
models/props_furniture/kitchen_shelf1.vtx,4125,4125
models/props_furniture/kitchen_shelf1.vvd,18496,18496
models/props_interiors/alarm_clock.dx80.vtx,1665,1665
models/props_interiors/alarm_clock.dx90.vtx,1681,1681
models/props_interiors/alarm_clock.mdl,1920,1920
models/props_interiors/alarm_clock.phy,710,710
models/props_interiors/alarm_clock.vtx,1665,1665
models/props_interiors/alarm_clock.vvd,6720,6720
models/props_interiors/bed.dx80.vtx,44575,44575
models/props_interiors/bed.dx90.vtx,44623,44623
models/props_interiors/bed.mdl,1760,1760
models/props_interiors/bed.phy,2354,2354
models/props_interiors/bed.vtx,44575,44575
models/props_interiors/bed.vvd,105344,105344
models/props_interiors/clothing_pile1.dx80.vtx,14021,14021
models/props_interiors/clothing_pile1.dx90.vtx,14053,14053
models/props_interiors/clothing_pile1.mdl,1776,1776
models/props_interiors/clothing_pile1.vtx,14021,14021
models/props_interiors/clothing_pile1.vvd,48512,48512
models/props_interiors/clothing_pile3.dx80.vtx,15263,15263
models/props_interiors/clothing_pile3.dx90.vtx,15295,15295
models/props_interiors/clothing_pile3.mdl,1776,1776
models/props_interiors/clothing_pile3.vtx,15263,15263
models/props_interiors/clothing_pile3.vvd,63040,63040
models/props_interiors/coffee_maker.dx90.vtx,12814,12814
models/props_interiors/coffee_maker.mdl,1836,1836
models/props_interiors/coffee_maker.phy,3098,3098
models/props_interiors/coffee_maker.vvd,42752,42752
models/props_interiors/refrigerator02_freezerdoor.dx80.vtx,5853,5853
models/props_interiors/refrigerator02_freezerdoor.dx90.vtx,5869,5869
models/props_interiors/refrigerator02_freezerdoor.mdl,1880,1880
models/props_interiors/refrigerator02_freezerdoor.phy,1190,1190
models/props_interiors/refrigerator02_freezerdoor.vtx,5853,5853
models/props_interiors/refrigerator02_freezerdoor.vvd,27712,27712
models/props_interiors/refrigerator02_lowerdoor.dx80.vtx,8181,8181
models/props_interiors/refrigerator02_lowerdoor.dx90.vtx,8197,8197
models/props_interiors/refrigerator02_lowerdoor.mdl,1880,1880
models/props_interiors/refrigerator02_lowerdoor.phy,1429,1429
models/props_interiors/refrigerator02_lowerdoor.vtx,8181,8181
models/props_interiors/refrigerator02_lowerdoor.vvd,39744,39744
models/props_interiors/refrigerator02_main.dx80.vtx,13503,13503
models/props_interiors/refrigerator02_main.dx90.vtx,13519,13519
models/props_interiors/refrigerator02_main.mdl,1876,1876
models/props_interiors/refrigerator02_main.phy,1184,1184
models/props_interiors/refrigerator02_main.vtx,13503,13503
models/props_interiors/refrigerator02_main.vvd,67008,67008
models/props_interiors/refrigerator03.dx80.vtx,8967,8967
models/props_interiors/refrigerator03.dx90.vtx,8983,8983
models/props_interiors/refrigerator03.mdl,1924,1924
models/props_interiors/refrigerator03.phy,2100,2100
models/props_interiors/refrigerator03.vtx,8967,8967
models/props_interiors/refrigerator03.vvd,42432,42432
models/props_interiors/refrigerator03_damaged_01.dx80.vtx,19008,19008
models/props_interiors/refrigerator03_damaged_01.dx90.vtx,19024,19024
models/props_interiors/refrigerator03_damaged_01.mdl,1860,1860
models/props_interiors/refrigerator03_damaged_01.phy,2002,2002
models/props_interiors/refrigerator03_damaged_01.vtx,19008,19008
models/props_interiors/refrigerator03_damaged_01.vvd,83712,83712
models/props_interiors/refrigerator03_damaged_04.dx80.vtx,1248,1248
models/props_interiors/refrigerator03_damaged_04.dx90.vtx,1264,1264
models/props_interiors/refrigerator03_damaged_04.mdl,1972,1972
models/props_interiors/refrigerator03_damaged_04.phy,801,801
models/props_interiors/refrigerator03_damaged_04.vtx,1248,1248
models/props_interiors/refrigerator03_damaged_04.vvd,5888,5888
models/props_interiors/sink_kitchen.dx80.vtx,18146,18146
models/props_interiors/sink_kitchen.dx90.vtx,18178,18178
models/props_interiors/sink_kitchen.mdl,1776,1776
models/props_interiors/sink_kitchen.phy,2977,2977
models/props_interiors/sink_kitchen.vtx,18146,18146
models/props_interiors/sink_kitchen.vvd,56384,56384
models/props_interiors/table_kitchen.dx80.vtx,5838,5838
models/props_interiors/table_kitchen.dx90.vtx,5854,5854
models/props_interiors/table_kitchen.mdl,1772,1772
models/props_interiors/table_kitchen.phy,3557,3557
models/props_interiors/table_kitchen.vtx,5838,5838
models/props_interiors/table_kitchen.vvd,29056,29056
models/props_interiors/trashcankitchen01.dx80.vtx,17942,17942
models/props_interiors/trashcankitchen01.dx90.vtx,17974,17974
models/props_interiors/trashcankitchen01.mdl,1868,1868
models/props_interiors/trashcankitchen01.phy,4249,4249
models/props_interiors/trashcankitchen01.vtx,17942,17942
models/props_interiors/trashcankitchen01.vvd,53184,53184
models/props_junk/cinderblock01a.dx80.vtx,3348,3348
models/props_junk/cinderblock01a.dx90.vtx,3364,3364
models/props_junk/cinderblock01a.mdl,1844,1844
models/props_junk/cinderblock01a.phy,701,701
models/props_junk/cinderblock01a.vtx,3348,3348
models/props_junk/cinderblock01a.vvd,14848,14848
models/props_junk/garbage128_composite001d.dx80.vtx,19907,19907
models/props_junk/garbage128_composite001d.dx90.vtx,19939,19939
models/props_junk/garbage128_composite001d.mdl,1768,1768
models/props_junk/garbage128_composite001d.phy,1397,1397
models/props_junk/garbage128_composite001d.vtx,19907,19907
models/props_junk/garbage128_composite001d.vvd,85120,85120
models/props_junk/garbage_beancan01a.dx80.vtx,5373,5373
models/props_junk/garbage_beancan01a.dx90.vtx,5373,5373
models/props_junk/garbage_beancan01a.mdl,1792,1792
models/props_junk/garbage_beancan01a.phy,1097,1097
models/props_junk/garbage_beancan01a.vtx,5373,5373
models/props_junk/garbage_beancan01a.vvd,21056,21056
models/props_junk/garbage_beercan01a.dx80.vtx,4398,4398
models/props_junk/garbage_beercan01a.dx90.vtx,4398,4398
models/props_junk/garbage_beercan01a.mdl,1792,1792
models/props_junk/garbage_beercan01a.phy,904,904
models/props_junk/garbage_beercan01a.vtx,4398,4398
models/props_junk/garbage_beercan01a.vvd,16512,16512
models/props_junk/garbage_beercan01a_crushed.dx80.vtx,4620,4620
models/props_junk/garbage_beercan01a_crushed.dx90.vtx,4620,4620
models/props_junk/garbage_beercan01a_crushed.mdl,1792,1792
models/props_junk/garbage_beercan01a_crushed.phy,1848,1848
models/props_junk/garbage_beercan01a_crushed.vtx,4620,4620
models/props_junk/garbage_beercan01a_crushed.vvd,17152,17152
models/props_junk/garbage_cerealbox01a_fullsheet.dx80.vtx,2670,2670
models/props_junk/garbage_cerealbox01a_fullsheet.dx90.vtx,2670,2670
models/props_junk/garbage_cerealbox01a_fullsheet.mdl,1784,1784
models/props_junk/garbage_cerealbox01a_fullsheet.phy,701,701
models/props_junk/garbage_cerealbox01a_fullsheet.vtx,2670,2670
models/props_junk/garbage_cerealbox01a_fullsheet.vvd,10112,10112
models/props_junk/garbage_coffeemug001a.dx80.vtx,5277,5277
models/props_junk/garbage_coffeemug001a.dx90.vtx,5293,5293
models/props_junk/garbage_coffeemug001a.mdl,1828,1828
models/props_junk/garbage_coffeemug001a.phy,1766,1766
models/props_junk/garbage_coffeemug001a.vtx,5277,5277
models/props_junk/garbage_coffeemug001a.vvd,19008,19008
models/props_junk/garbage_coffeemug001a_fullsheet.dx80.vtx,5277,5277
models/props_junk/garbage_coffeemug001a_fullsheet.dx90.vtx,5293,5293
models/props_junk/garbage_coffeemug001a_fullsheet.mdl,1832,1832
models/props_junk/garbage_coffeemug001a_fullsheet.phy,1766,1766
models/props_junk/garbage_coffeemug001a_fullsheet.vtx,5277,5277
models/props_junk/garbage_coffeemug001a_fullsheet.vvd,19008,19008
models/props_junk/garbage_fastfoodcontainer01a.dx80.vtx,3537,3537
models/props_junk/garbage_fastfoodcontainer01a.dx90.vtx,3553,3553
models/props_junk/garbage_fastfoodcontainer01a.mdl,1828,1828
models/props_junk/garbage_fastfoodcontainer01a.phy,722,722
models/props_junk/garbage_fastfoodcontainer01a.vtx,3537,3537
models/props_junk/garbage_fastfoodcontainer01a.vvd,12096,12096
models/props_junk/garbage_glassbottle001a.dx80.vtx,1521,1521
models/props_junk/garbage_glassbottle001a.dx90.vtx,1521,1521
models/props_junk/garbage_glassbottle001a.mdl,1788,1788
models/props_junk/garbage_glassbottle001a.phy,1860,1860
models/props_junk/garbage_glassbottle001a.vtx,1521,1521
models/props_junk/garbage_glassbottle001a.vvd,5696,5696
models/props_junk/garbage_glassbottle001a_chunk01.dx80.vtx,1590,1590
models/props_junk/garbage_glassbottle001a_chunk01.dx90.vtx,1606,1606
models/props_junk/garbage_glassbottle001a_chunk01.mdl,1836,1836
models/props_junk/garbage_glassbottle001a_chunk01.phy,1356,1356
models/props_junk/garbage_glassbottle001a_chunk01.vtx,1590,1590
models/props_junk/garbage_glassbottle001a_chunk01.vvd,6528,6528
models/props_junk/garbage_glassbottle001a_chunk02.dx80.vtx,1269,1269
models/props_junk/garbage_glassbottle001a_chunk02.dx90.vtx,1285,1285
models/props_junk/garbage_glassbottle001a_chunk02.mdl,1836,1836
models/props_junk/garbage_glassbottle001a_chunk02.phy,1115,1115
models/props_junk/garbage_glassbottle001a_chunk02.vtx,1269,1269
models/props_junk/garbage_glassbottle001a_chunk02.vvd,5440,5440
models/props_junk/garbage_glassbottle001a_chunk03.dx80.vtx,777,777
models/props_junk/garbage_glassbottle001a_chunk03.dx90.vtx,793,793
models/props_junk/garbage_glassbottle001a_chunk03.mdl,1836,1836
models/props_junk/garbage_glassbottle001a_chunk03.phy,875,875
models/props_junk/garbage_glassbottle001a_chunk03.vtx,777,777
models/props_junk/garbage_glassbottle001a_chunk03.vvd,3136,3136
models/props_junk/garbage_glassbottle001a_chunk04.dx80.vtx,699,699
models/props_junk/garbage_glassbottle001a_chunk04.dx90.vtx,715,715
models/props_junk/garbage_glassbottle001a_chunk04.mdl,1836,1836
models/props_junk/garbage_glassbottle001a_chunk04.phy,635,635
models/props_junk/garbage_glassbottle001a_chunk04.vtx,699,699
models/props_junk/garbage_glassbottle001a_chunk04.vvd,2752,2752
models/props_junk/garbage_pizzabox01a.dx80.vtx,3918,3918
models/props_junk/garbage_pizzabox01a.dx90.vtx,3918,3918
models/props_junk/garbage_pizzabox01a.mdl,1800,1800
models/props_junk/garbage_pizzabox01a.phy,1446,1446
models/props_junk/garbage_pizzabox01a.vtx,3918,3918
models/props_junk/garbage_pizzabox01a.vvd,16512,16512
models/props_junk/garbage_plasticbottle003a.dx80.vtx,2085,2085
models/props_junk/garbage_plasticbottle003a.dx90.vtx,2101,2101
models/props_junk/garbage_plasticbottle003a.mdl,1824,1824
models/props_junk/garbage_plasticbottle003a.phy,1490,1490
models/props_junk/garbage_plasticbottle003a.vtx,2085,2085
models/props_junk/garbage_plasticbottle003a.vvd,9536,9536
models/props_junk/garbage_sodacan01a.dx80.vtx,3300,3300
models/props_junk/garbage_sodacan01a.dx90.vtx,3300,3300
models/props_junk/garbage_sodacan01a.mdl,1792,1792
models/props_junk/garbage_sodacan01a.phy,905,905
models/props_junk/garbage_sodacan01a.vtx,3300,3300
models/props_junk/garbage_sodacan01a.vvd,13312,13312
models/props_junk/garbage_sodacan01a_crushed_fullsheet.dx80.vtx,4620,4620
models/props_junk/garbage_sodacan01a_crushed_fullsheet.dx90.vtx,4620,4620
models/props_junk/garbage_sodacan01a_crushed_fullsheet.mdl,1784,1784
models/props_junk/garbage_sodacan01a_crushed_fullsheet.phy,1900,1900
models/props_junk/garbage_sodacan01a_crushed_fullsheet.vtx,4620,4620
models/props_junk/garbage_sodacan01a_crushed_fullsheet.vvd,17152,17152
models/props_junk/garbage_sodacan01a_fullsheet.dx80.vtx,3300,3300
models/props_junk/garbage_sodacan01a_fullsheet.dx90.vtx,3300,3300
models/props_junk/garbage_sodacan01a_fullsheet.mdl,1784,1784
models/props_junk/garbage_sodacan01a_fullsheet.phy,905,905
models/props_junk/garbage_sodacan01a_fullsheet.vtx,3300,3300
models/props_junk/garbage_sodacan01a_fullsheet.vvd,13312,13312
models/props_junk/garbage_spraypaintcan01a.dx90.vtx,5016,5016
models/props_junk/garbage_spraypaintcan01a.mdl,1792,1792
models/props_junk/garbage_spraypaintcan01a.phy,1136,1136
models/props_junk/garbage_spraypaintcan01a.vvd,19200,19200
models/props_junk/metalbucket01a.dx80.vtx,3567,3567
models/props_junk/metalbucket01a.dx90.vtx,3583,3583
models/props_junk/metalbucket01a.mdl,1812,1812
models/props_junk/metalbucket01a.phy,1094,1094
models/props_junk/metalbucket01a.vtx,3567,3567
models/props_junk/metalbucket01a.vvd,15040,15040
models/props_junk/trashcluster01a_corner.dx80.vtx,28257,28257
models/props_junk/trashcluster01a_corner.dx90.vtx,28273,28273
models/props_junk/trashcluster01a_corner.mdl,1764,1764
models/props_junk/trashcluster01a_corner.phy,2578,2578
models/props_junk/trashcluster01a_corner.vtx,28257,28257
models/props_junk/trashcluster01a_corner.vvd,109760,109760
models/props_lighting/LampBedside01.dx90.vtx,13621,13621
models/props_lighting/LampBedside01.mdl,1904,1904
models/props_lighting/LampBedside01.phy,3643,3643
models/props_lighting/LampBedside01.vvd,46528,46528
models/props_lighting/lightbulb01a.dx80.vtx,8250,8250
models/props_lighting/lightbulb01a.dx90.vtx,8266,8266
models/props_lighting/lightbulb01a.mdl,1844,1844
models/props_lighting/lightbulb01a.phy,2341,2341
models/props_lighting/lightbulb01a.vtx,8250,8250
models/props_lighting/lightbulb01a.vvd,31104,31104
models/props_mall/cash_register.dx80.vtx,14280,14280
models/props_mall/cash_register.dx90.vtx,14296,14296
models/props_mall/cash_register.mdl,1744,1744
models/props_mall/cash_register.phy,1003,1003
models/props_mall/cash_register.vtx,14280,14280
models/props_mall/cash_register.vvd,70528,70528
models/props_mall/mall_bench.dx80.vtx,12267,12267
models/props_mall/mall_bench.dx90.vtx,12283,12283
models/props_mall/mall_bench.mdl,1744,1744
models/props_mall/mall_bench.phy,4310,4310
models/props_mall/mall_bench.vtx,12267,12267
models/props_mall/mall_bench.vvd,54976,54976
models/props_mall/mall_bench2.dx80.vtx,11841,11841
models/props_mall/mall_bench2.dx90.vtx,11857,11857
models/props_mall/mall_bench2.mdl,1744,1744
models/props_mall/mall_bench2.phy,4311,4311
models/props_mall/mall_bench2.vtx,11841,11841
models/props_mall/mall_bench2.vvd,52800,52800
models/props_rooftop/acunit01.dx80.vtx,16083,16083
models/props_rooftop/acunit01.dx90.vtx,16099,16099
models/props_rooftop/acunit01.mdl,1752,1752
models/props_rooftop/acunit01.phy,3776,3776
models/props_rooftop/acunit01.vtx,16083,16083
models/props_rooftop/acunit01.vvd,77504,77504
models/props_rooftop/antenna01a.dx80.vtx,2799,2799
models/props_rooftop/antenna01a.dx90.vtx,2815,2815
models/props_rooftop/antenna01a.mdl,1760,1760
models/props_rooftop/antenna01a.phy,613,613
models/props_rooftop/antenna01a.vtx,2799,2799
models/props_rooftop/antenna01a.vvd,9920,9920
models/props_street/electrical_box01.dx80.vtx,16011,16011
models/props_street/electrical_box01.dx90.vtx,16027,16027
models/props_street/electrical_box01.mdl,1764,1764
models/props_street/electrical_box01.phy,5115,5115
models/props_street/electrical_box01.vtx,16011,16011
models/props_street/electrical_box01.vvd,71744,71744
models/props_street/electrical_box02.dx80.vtx,20883,20883
models/props_street/electrical_box02.dx90.vtx,20899,20899
models/props_street/electrical_box02.mdl,1764,1764
models/props_street/electrical_box02.phy,5779,5779
models/props_street/electrical_box02.vtx,20883,20883
models/props_street/electrical_box02.vvd,87616,87616
models/props_street/garbage_can.dx90.vtx,19109,19109
models/props_street/garbage_can.mdl,1796,1796
models/props_street/garbage_can.phy,1462,1462
models/props_street/garbage_can.vvd,57536,57536
models/props_urban/chimney002.dx80.vtx,2823,2823
models/props_urban/chimney002.dx90.vtx,2839,2839
models/props_urban/chimney002.mdl,1752,1752
models/props_urban/chimney002.phy,1094,1094
models/props_urban/chimney002.vtx,2823,2823
models/props_urban/chimney002.vvd,10944,10944
models/props_urban/chimney004_02.dx80.vtx,2877,2877
models/props_urban/chimney004_02.dx90.vtx,2893,2893
models/props_urban/chimney004_02.mdl,1752,1752
models/props_urban/chimney004_02.vtx,2877,2877
models/props_urban/chimney004_02.vvd,12864,12864
models/props_urban/chimney005.dx80.vtx,7164,7164
models/props_urban/chimney005.dx90.vtx,7180,7180
models/props_urban/chimney005.mdl,1752,1752
models/props_urban/chimney005.phy,1442,1442
models/props_urban/chimney005.vtx,7164,7164
models/props_urban/chimney005.vvd,32256,32256
models/props_urban/chimney006_02.dx80.vtx,3609,3609
models/props_urban/chimney006_02.dx90.vtx,3625,3625
models/props_urban/chimney006_02.mdl,1752,1752
models/props_urban/chimney006_02.vtx,3609,3609
models/props_urban/chimney006_02.vvd,15168,15168
models/props_urban/curb_curve002_16.dx80.vtx,1705,1705
models/props_urban/curb_curve002_16.dx90.vtx,1705,1705
models/props_urban/curb_curve002_16.mdl,1848,1848
models/props_urban/curb_curve002_16.phy,2302,2302
models/props_urban/curb_curve002_16.sw.vtx,1705,1705
models/props_urban/curb_curve002_16.vvd,5440,5440
models/props_urban/curb_curve002_64.dx80.vtx,6117,6117
models/props_urban/curb_curve002_64.dx90.vtx,6133,6133
models/props_urban/curb_curve002_64.mdl,1848,1848
models/props_urban/curb_curve002_64.phy,2276,2276
models/props_urban/curb_curve002_64.vtx,6117,6117
models/props_urban/curb_curve002_64.vvd,20032,20032
models/props_urban/curb_scurve001_24.dx80.vtx,1945,1945
models/props_urban/curb_scurve001_24.dx90.vtx,1945,1945
models/props_urban/curb_scurve001_24.mdl,1848,1848
models/props_urban/curb_scurve001_24.phy,2777,2777
models/props_urban/curb_scurve001_24.sw.vtx,1945,1945
models/props_urban/curb_scurve001_24.vvd,6208,6208
models/props_urban/curb_straight001_128.dx80.vtx,2169,2169
models/props_urban/curb_straight001_128.dx90.vtx,2185,2185
models/props_urban/curb_straight001_128.mdl,1852,1852
models/props_urban/curb_straight001_128.phy,719,719
models/props_urban/curb_straight001_128.vtx,2169,2169
models/props_urban/curb_straight001_128.vvd,6976,6976
models/props_urban/curb_straight001_256.dx80.vtx,4197,4197
models/props_urban/curb_straight001_256.dx90.vtx,4213,4213
models/props_urban/curb_straight001_256.mdl,1852,1852
models/props_urban/curb_straight001_256.phy,720,720
models/props_urban/curb_straight001_256.vtx,4197,4197
models/props_urban/curb_straight001_256.vvd,13888,13888
models/props_urban/curb_straight001_32.dx80.vtx,729,729
models/props_urban/curb_straight001_32.dx90.vtx,745,745
models/props_urban/curb_straight001_32.mdl,1848,1848
models/props_urban/curb_straight001_32.phy,716,716
models/props_urban/curb_straight001_32.vtx,729,729
models/props_urban/curb_straight001_32.vvd,2368,2368
models/props_urban/curb_straight001_512.dx80.vtx,8253,8253
models/props_urban/curb_straight001_512.dx90.vtx,8269,8269
models/props_urban/curb_straight001_512.mdl,1852,1852
models/props_urban/curb_straight001_512.phy,722,722
models/props_urban/curb_straight001_512.vtx,8253,8253
models/props_urban/curb_straight001_512.vvd,27712,27712
models/props_urban/curb_straight001_64.dx80.vtx,1209,1209
models/props_urban/curb_straight001_64.dx90.vtx,1225,1225
models/props_urban/curb_straight001_64.mdl,1848,1848
models/props_urban/curb_straight001_64.phy,718,718
models/props_urban/curb_straight001_64.vtx,1209,1209
models/props_urban/curb_straight001_64.vvd,3904,3904
models/props_urban/curb_straight001_8.dx80.vtx,505,505
models/props_urban/curb_straight001_8.dx90.vtx,505,505
models/props_urban/curb_straight001_8.mdl,1848,1848
models/props_urban/curb_straight001_8.phy,711,711
models/props_urban/curb_straight001_8.sw.vtx,505,505
models/props_urban/curb_straight001_8.vvd,1600,1600
models/props_urban/curb_straight001_cap.dx80.vtx,793,793
models/props_urban/curb_straight001_cap.dx90.vtx,793,793
models/props_urban/curb_straight001_cap.mdl,1852,1852
models/props_urban/curb_straight001_cap.phy,1186,1186
models/props_urban/curb_straight001_cap.sw.vtx,793,793
models/props_urban/curb_straight001_cap.vvd,2624,2624
models/props_urban/garbage_can001.dx80.vtx,34497,34497
models/props_urban/garbage_can001.dx90.vtx,34513,34513
models/props_urban/garbage_can001.mdl,1756,1756
models/props_urban/garbage_can001.phy,3129,3129
models/props_urban/garbage_can001.vtx,34497,34497
models/props_urban/garbage_can001.vvd,178240,178240
models/props_urban/garden_hose001.dx80.vtx,26310,26310
models/props_urban/garden_hose001.dx90.vtx,26326,26326
models/props_urban/garden_hose001.mdl,1760,1760
models/props_urban/garden_hose001.vtx,26310,26310
models/props_urban/garden_hose001.vvd,100480,100480
models/props_urban/plaster_edge01.dx80.vtx,3561,3561
models/props_urban/plaster_edge01.dx90.vtx,3577,3577
models/props_urban/plaster_edge01.mdl,1756,1756
models/props_urban/plaster_edge01.vtx,3561,3561
models/props_urban/plaster_edge01.vvd,15552,15552
resource/overviews/cs_italy_hpe.txt,249,249
sp_0.vhv,844,844
sp_1.vhv,2456,2456
sp_10.vhv,844,844
sp_100.vhv,904,904
sp_1000.vhv,7368,7368
sp_1001.vhv,2912,2912
sp_1002.vhv,1808,1808
sp_1003.vhv,1808,1808
sp_1004.vhv,2912,2912
sp_1005.vhv,2912,2912
sp_1006.vhv,2912,2912
sp_1007.vhv,3100,3100
sp_1008.vhv,888,888
sp_1009.vhv,2912,2912
sp_101.vhv,1032,1032
sp_1010.vhv,1704,1704
sp_1011.vhv,1192,1192
sp_1012.vhv,3064,3064
sp_1013.vhv,3480,3480
sp_1014.vhv,1192,1192
sp_1015.vhv,1192,1192
sp_1016.vhv,904,904
sp_1017.vhv,1688,1688
sp_1018.vhv,1192,1192
sp_1019.vhv,904,904
sp_102.vhv,904,904
sp_1020.vhv,3100,3100
sp_1021.vhv,1704,1704
sp_1022.vhv,904,904
sp_1023.vhv,904,904
sp_1024.vhv,3480,3480
sp_1025.vhv,904,904
sp_1026.vhv,3100,3100
sp_1027.vhv,904,904
sp_1028.vhv,8980,8980
sp_1029.vhv,4144,4144
sp_103.vhv,904,904
sp_1030.vhv,5788,5788
sp_1031.vhv,5788,5788
sp_1032.vhv,4144,4144
sp_1033.vhv,744,744
sp_1034.vhv,6992,6992
sp_1035.vhv,6992,6992
sp_1036.vhv,6992,6992
sp_1037.vhv,6992,6992
sp_1038.vhv,5316,5316
sp_1039.vhv,3100,3100
sp_104.vhv,904,904
sp_1040.vhv,8980,8980
sp_1041.vhv,6992,6992
sp_1042.vhv,6992,6992
sp_1043.vhv,6992,6992
sp_1044.vhv,2912,2912
sp_1045.vhv,2912,2912
sp_1046.vhv,1628,1628
sp_1047.vhv,2976,2976
sp_1048.vhv,904,904
sp_1049.vhv,1192,1192
sp_105.vhv,904,904
sp_1050.vhv,2152,2152
sp_1051.vhv,1688,1688
sp_1052.vhv,7184,7184
sp_1053.vhv,5316,5316
sp_1054.vhv,852,852
sp_1055.vhv,852,852
sp_1056.vhv,2912,2912
sp_1057.vhv,2912,2912
sp_1058.vhv,2912,2912
sp_1059.vhv,3568,3568
sp_106.vhv,904,904
sp_1060.vhv,3568,3568
sp_1061.vhv,2160,2160
sp_1062.vhv,2912,2912
sp_1063.vhv,2912,2912
sp_1064.vhv,2912,2912
sp_1065.vhv,888,888
sp_1066.vhv,3100,3100
sp_1067.vhv,1704,1704
sp_1068.vhv,904,904
sp_1069.vhv,904,904
sp_107.vhv,1188,1188
sp_1070.vhv,1920,1920
sp_1071.vhv,2272,2272
sp_1072.vhv,1688,1688
sp_1073.vhv,1192,1192
sp_1074.vhv,904,904
sp_1075.vhv,2152,2152
sp_1076.vhv,1688,1688
sp_1077.vhv,1192,1192
sp_1078.vhv,904,904
sp_1079.vhv,2152,2152
sp_108.vhv,1188,1188
sp_1080.vhv,1688,1688
sp_1081.vhv,1192,1192
sp_1082.vhv,904,904
sp_1083.vhv,2152,2152
sp_1084.vhv,1192,1192
sp_1085.vhv,904,904
sp_1086.vhv,2152,2152
sp_1087.vhv,8980,8980
sp_1088.vhv,4144,4144
sp_1089.vhv,3100,3100
sp_109.vhv,1188,1188
sp_1090.vhv,3480,3480
sp_1091.vhv,1192,1192
sp_1092.vhv,1192,1192
sp_1093.vhv,1704,1704
sp_1094.vhv,1192,1192
sp_1095.vhv,3100,3100
sp_1096.vhv,1192,1192
sp_1097.vhv,3064,3064
sp_1098.vhv,1704,1704
sp_1099.vhv,1192,1192
sp_11.vhv,2456,2456
sp_110.vhv,3100,3100
sp_1100.vhv,1704,1704
sp_1101.vhv,1704,1704
sp_1102.vhv,1192,1192
sp_1103.vhv,1192,1192
sp_1104.vhv,3064,3064
sp_1105.vhv,1704,1704
sp_1106.vhv,1192,1192
sp_1107.vhv,3100,3100
sp_1108.vhv,1192,1192
sp_1109.vhv,9516,9516
sp_111.vhv,1704,1704
sp_1110.vhv,1192,1192
sp_1111.vhv,1688,1688
sp_1112.vhv,1192,1192
sp_1113.vhv,3064,3064
sp_1114.vhv,3100,3100
sp_1115.vhv,904,904
sp_1116.vhv,904,904
sp_1117.vhv,1688,1688
sp_1118.vhv,904,904
sp_1119.vhv,1192,1192
sp_112.vhv,3480,3480
sp_1120.vhv,1704,1704
sp_1121.vhv,904,904
sp_1122.vhv,3100,3100
sp_1123.vhv,904,904
sp_1124.vhv,3480,3480
sp_1125.vhv,904,904
sp_1126.vhv,904,904
sp_1127.vhv,1704,1704
sp_1128.vhv,904,904
sp_1129.vhv,3100,3100
sp_113.vhv,1704,1704
sp_1130.vhv,904,904
sp_1131.vhv,3480,3480
sp_1132.vhv,904,904
sp_1133.vhv,904,904
sp_1134.vhv,2456,2456
sp_1135.vhv,1100,1100
sp_1136.vhv,1688,1688
sp_1137.vhv,888,888
sp_1138.vhv,3100,3100
sp_1139.vhv,3480,3480
sp_114.vhv,1188,1188
sp_1140.vhv,904,904
sp_1141.vhv,904,904
sp_1142.vhv,1192,1192
sp_1143.vhv,1704,1704
sp_1144.vhv,3100,3100
sp_1145.vhv,1192,1192
sp_1146.vhv,3064,3064
sp_1147.vhv,3064,3064
sp_1148.vhv,1192,1192
sp_1149.vhv,904,904
sp_115.vhv,3100,3100
sp_1150.vhv,1704,1704
sp_1151.vhv,1704,1704
sp_1152.vhv,1920,1920
sp_1153.vhv,1920,1920
sp_1154.vhv,1192,1192
sp_1155.vhv,904,904
sp_1156.vhv,1688,1688
sp_1157.vhv,904,904
sp_1158.vhv,3100,3100
sp_1159.vhv,904,904
sp_116.vhv,1704,1704
sp_1160.vhv,3100,3100
sp_1161.vhv,904,904
sp_1162.vhv,904,904
sp_1163.vhv,2152,2152
sp_1164.vhv,3100,3100
sp_1165.vhv,904,904
sp_1166.vhv,2152,2152
sp_1167.vhv,2152,2152
sp_1168.vhv,8980,8980
sp_1169.vhv,4144,4144
sp_117.vhv,1188,1188
sp_1170.vhv,4144,4144
sp_1171.vhv,1688,1688
sp_1172.vhv,904,904
sp_1173.vhv,1192,1192
sp_1174.vhv,1704,1704
sp_1175.vhv,3100,3100
sp_1176.vhv,904,904
sp_1177.vhv,904,904
sp_1178.vhv,1192,1192
sp_1179.vhv,3480,3480
sp_118.vhv,1188,1188
sp_1180.vhv,3064,3064
sp_1181.vhv,1192,1192
sp_1182.vhv,1704,1704
sp_1183.vhv,4144,4144
sp_1184.vhv,5352,5352
sp_1185.vhv,3480,3480
sp_1186.vhv,1192,1192
sp_1187.vhv,8980,8980
sp_1188.vhv,904,904
sp_1189.vhv,1508,1508
sp_119.vhv,1920,1920
sp_1190.vhv,1840,1840
sp_1191.vhv,1840,1840
sp_1192.vhv,1840,1840
sp_1193.vhv,1840,1840
sp_1194.vhv,1840,1840
sp_1195.vhv,1840,1840
sp_1196.vhv,1840,1840
sp_1197.vhv,1188,1188
sp_1198.vhv,1188,1188
sp_1199.vhv,1188,1188
sp_12.vhv,844,844
sp_120.vhv,1920,1920
sp_1200.vhv,3100,3100
sp_1201.vhv,1704,1704
sp_1202.vhv,3480,3480
sp_1203.vhv,1704,1704
sp_1204.vhv,1188,1188
sp_1205.vhv,3100,3100
sp_1206.vhv,1704,1704
sp_1207.vhv,1188,1188
sp_1208.vhv,1188,1188
sp_1209.vhv,1920,1920
sp_121.vhv,1704,1704
sp_1210.vhv,1920,1920
sp_1211.vhv,1704,1704
sp_1212.vhv,1704,1704
sp_1213.vhv,1704,1704
sp_1214.vhv,1196,1196
sp_1215.vhv,1196,1196
sp_1216.vhv,1704,1704
sp_1217.vhv,1196,1196
sp_1218.vhv,1196,1196
sp_1219.vhv,1196,1196
sp_122.vhv,1704,1704
sp_1220.vhv,1196,1196
sp_1221.vhv,1688,1688
sp_1222.vhv,888,888
sp_1223.vhv,3100,3100
sp_1224.vhv,1196,1196
sp_1225.vhv,1196,1196
sp_1226.vhv,1196,1196
sp_1227.vhv,1704,1704
sp_1228.vhv,1704,1704
sp_1229.vhv,1920,1920
sp_123.vhv,1704,1704
sp_1230.vhv,1920,1920
sp_1231.vhv,1284,1284
sp_1232.vhv,1284,1284
sp_1233.vhv,904,904
sp_1234.vhv,904,904
sp_1235.vhv,904,904
sp_1236.vhv,1032,1032
sp_1237.vhv,904,904
sp_1238.vhv,904,904
sp_1239.vhv,904,904
sp_124.vhv,1196,1196
sp_1240.vhv,904,904
sp_1241.vhv,904,904
sp_1242.vhv,1188,1188
sp_1243.vhv,1188,1188
sp_1244.vhv,1188,1188
sp_1245.vhv,3100,3100
sp_1246.vhv,1704,1704
sp_1247.vhv,3480,3480
sp_1248.vhv,1704,1704
sp_1249.vhv,1188,1188
sp_125.vhv,1196,1196
sp_1250.vhv,3100,3100
sp_1251.vhv,1704,1704
sp_1252.vhv,1188,1188
sp_1253.vhv,1188,1188
sp_1254.vhv,1920,1920
sp_1255.vhv,1920,1920
sp_1256.vhv,1284,1284
sp_1257.vhv,3100,3100
sp_1258.vhv,3480,3480
sp_1259.vhv,1188,1188
sp_126.vhv,1704,1704
sp_1260.vhv,1188,1188
sp_1261.vhv,1188,1188
sp_1262.vhv,3100,3100
sp_1263.vhv,1704,1704
sp_1264.vhv,3480,3480
sp_1265.vhv,1704,1704
sp_1266.vhv,1188,1188
sp_1267.vhv,3100,3100
sp_1268.vhv,1704,1704
sp_1269.vhv,1188,1188
sp_127.vhv,1196,1196
sp_1270.vhv,1188,1188
sp_1271.vhv,1920,1920
sp_1272.vhv,1920,1920
sp_1273.vhv,1920,1920
sp_1274.vhv,1920,1920
sp_1275.vhv,1284,1284
sp_1276.vhv,1284,1284
sp_1277.vhv,904,904
sp_1278.vhv,904,904
sp_1279.vhv,904,904
sp_128.vhv,1196,1196
sp_1280.vhv,1032,1032
sp_1281.vhv,904,904
sp_1282.vhv,904,904
sp_1283.vhv,904,904
sp_1284.vhv,904,904
sp_1285.vhv,904,904
sp_1286.vhv,1188,1188
sp_1287.vhv,1188,1188
sp_1288.vhv,1188,1188
sp_1289.vhv,3100,3100
sp_129.vhv,1196,1196
sp_1290.vhv,1704,1704
sp_1291.vhv,3480,3480
sp_1292.vhv,1704,1704
sp_1293.vhv,1188,1188
sp_1294.vhv,3100,3100
sp_1295.vhv,1704,1704
sp_1296.vhv,1188,1188
sp_1297.vhv,1188,1188
sp_1298.vhv,1920,1920
sp_1299.vhv,1920,1920
sp_13.vhv,2456,2456
sp_130.vhv,1196,1196
sp_1300.vhv,1704,1704
sp_1301.vhv,1704,1704
sp_1302.vhv,1704,1704
sp_1303.vhv,1196,1196
sp_1304.vhv,1196,1196
sp_1305.vhv,1704,1704
sp_1306.vhv,1196,1196
sp_1307.vhv,1196,1196
sp_1308.vhv,1196,1196
sp_1309.vhv,1196,1196
sp_131.vhv,1688,1688
sp_1310.vhv,1688,1688
sp_1311.vhv,888,888
sp_1312.vhv,3100,3100
sp_1313.vhv,1196,1196
sp_1314.vhv,1196,1196
sp_1315.vhv,1196,1196
sp_1316.vhv,1704,1704
sp_1317.vhv,1704,1704
sp_1318.vhv,1284,1284
sp_1319.vhv,888,888
sp_132.vhv,888,888
sp_1320.vhv,1688,1688
sp_1321.vhv,3100,3100
sp_1322.vhv,3480,3480
sp_1323.vhv,904,904
sp_1324.vhv,904,904
sp_1325.vhv,3480,3480
sp_1326.vhv,904,904
sp_1327.vhv,904,904
sp_1328.vhv,904,904
sp_1329.vhv,3480,3480
sp_133.vhv,3100,3100
sp_1330.vhv,3100,3100
sp_1331.vhv,3100,3100
sp_1332.vhv,904,904
sp_1333.vhv,904,904
sp_1334.vhv,1188,1188
sp_1335.vhv,1188,1188
sp_1336.vhv,1188,1188
sp_1337.vhv,3100,3100
sp_1338.vhv,1704,1704
sp_1339.vhv,3480,3480
sp_134.vhv,1196,1196
sp_1340.vhv,1704,1704
sp_1341.vhv,1188,1188
sp_1342.vhv,3100,3100
sp_1343.vhv,1704,1704
sp_1344.vhv,1188,1188
sp_1345.vhv,1188,1188
sp_1346.vhv,1920,1920
sp_1347.vhv,1920,1920
sp_1348.vhv,1920,1920
sp_1349.vhv,1920,1920
sp_135.vhv,1196,1196
sp_1350.vhv,1284,1284
sp_1351.vhv,1284,1284
sp_1352.vhv,904,904
sp_1353.vhv,904,904
sp_1354.vhv,904,904
sp_1355.vhv,1032,1032
sp_1356.vhv,904,904
sp_1357.vhv,904,904
sp_1358.vhv,904,904
sp_1359.vhv,904,904
sp_136.vhv,1196,1196
sp_1360.vhv,904,904
sp_1361.vhv,1188,1188
sp_1362.vhv,1188,1188
sp_1363.vhv,1188,1188
sp_1364.vhv,3100,3100
sp_1365.vhv,1704,1704
sp_1366.vhv,3480,3480
sp_1367.vhv,1704,1704
sp_1368.vhv,1188,1188
sp_1369.vhv,3100,3100
sp_137.vhv,1704,1704
sp_1370.vhv,1704,1704
sp_1371.vhv,1188,1188
sp_1372.vhv,1188,1188
sp_1373.vhv,1920,1920
sp_1374.vhv,1920,1920
sp_1375.vhv,1284,1284
sp_1376.vhv,3100,3100
sp_1377.vhv,3480,3480
sp_1378.vhv,904,904
sp_1379.vhv,904,904
sp_138.vhv,1704,1704
sp_1380.vhv,3480,3480
sp_1381.vhv,904,904
sp_1382.vhv,904,904
sp_1383.vhv,904,904
sp_1384.vhv,3480,3480
sp_1385.vhv,3100,3100
sp_1386.vhv,3100,3100
sp_1387.vhv,904,904
sp_1388.vhv,904,904
sp_1389.vhv,1188,1188
sp_139.vhv,1284,1284
sp_1390.vhv,1188,1188
sp_1391.vhv,1188,1188
sp_1392.vhv,3100,3100
sp_1393.vhv,1704,1704
sp_1394.vhv,3480,3480
sp_1395.vhv,1704,1704
sp_1396.vhv,1188,1188
sp_1397.vhv,3100,3100
sp_1398.vhv,1704,1704
sp_1399.vhv,1188,1188
sp_14.vhv,844,844
sp_140.vhv,888,888
sp_1400.vhv,1188,1188
sp_1401.vhv,1920,1920
sp_1402.vhv,1920,1920
sp_1403.vhv,1704,1704
sp_1404.vhv,1704,1704
sp_1405.vhv,1704,1704
sp_1406.vhv,1196,1196
sp_1407.vhv,1196,1196
sp_1408.vhv,1704,1704
sp_1409.vhv,1196,1196
sp_141.vhv,1688,1688
sp_1410.vhv,1196,1196
sp_1411.vhv,1196,1196
sp_1412.vhv,1196,1196
sp_1413.vhv,1688,1688
sp_1414.vhv,888,888
sp_1415.vhv,3100,3100
sp_1416.vhv,1196,1196
sp_1417.vhv,1196,1196
sp_1418.vhv,1196,1196
sp_1419.vhv,1704,1704
sp_142.vhv,3100,3100
sp_1420.vhv,1704,1704
sp_1421.vhv,1920,1920
sp_1422.vhv,1920,1920
sp_1423.vhv,1284,1284
sp_1424.vhv,1284,1284
sp_1425.vhv,904,904
sp_1426.vhv,904,904
sp_1427.vhv,904,904
sp_1428.vhv,1032,1032
sp_1429.vhv,904,904
sp_143.vhv,3480,3480
sp_1430.vhv,904,904
sp_1431.vhv,904,904
sp_1432.vhv,904,904
sp_1433.vhv,904,904
sp_1434.vhv,1188,1188
sp_1435.vhv,1188,1188
sp_1436.vhv,1188,1188
sp_1437.vhv,3100,3100
sp_1438.vhv,1704,1704
sp_1439.vhv,3480,3480
sp_144.vhv,904,904
sp_1440.vhv,1704,1704
sp_1441.vhv,1188,1188
sp_1442.vhv,3100,3100
sp_1443.vhv,1704,1704
sp_1444.vhv,1188,1188
sp_1445.vhv,1188,1188
sp_1446.vhv,1920,1920
sp_1447.vhv,1920,1920
sp_1448.vhv,1284,1284
sp_1449.vhv,3100,3100
sp_145.vhv,904,904
sp_1450.vhv,3480,3480
sp_1451.vhv,904,904
sp_1452.vhv,904,904
sp_1453.vhv,3480,3480
sp_1454.vhv,904,904
sp_1455.vhv,904,904
sp_1456.vhv,904,904
sp_1457.vhv,3480,3480
sp_1458.vhv,3100,3100
sp_1459.vhv,3100,3100
sp_146.vhv,3480,3480
sp_1460.vhv,904,904
sp_1461.vhv,904,904
sp_1462.vhv,1188,1188
sp_1463.vhv,1188,1188
sp_1464.vhv,1188,1188
sp_1465.vhv,3100,3100
sp_1466.vhv,1704,1704
sp_1467.vhv,3480,3480
sp_1468.vhv,1704,1704
sp_1469.vhv,1188,1188
sp_147.vhv,904,904
sp_1470.vhv,3100,3100
sp_1471.vhv,1704,1704
sp_1472.vhv,1188,1188
sp_1473.vhv,1188,1188
sp_1474.vhv,1920,1920
sp_1475.vhv,1920,1920
sp_1476.vhv,1920,1920
sp_1477.vhv,1920,1920
sp_1478.vhv,1284,1284
sp_1479.vhv,1284,1284
sp_148.vhv,904,904
sp_1480.vhv,904,904
sp_1481.vhv,904,904
sp_1482.vhv,904,904
sp_1483.vhv,1032,1032
sp_1484.vhv,904,904
sp_1485.vhv,904,904
sp_1486.vhv,904,904
sp_1487.vhv,904,904
sp_1488.vhv,904,904
sp_1489.vhv,1188,1188
sp_149.vhv,904,904
sp_1490.vhv,1188,1188
sp_1491.vhv,1188,1188
sp_1492.vhv,3100,3100
sp_1493.vhv,1704,1704
sp_1494.vhv,3480,3480
sp_1495.vhv,1704,1704
sp_1496.vhv,1188,1188
sp_1497.vhv,3100,3100
sp_1498.vhv,1704,1704
sp_1499.vhv,1188,1188
sp_15.vhv,2456,2456
sp_150.vhv,3480,3480
sp_1500.vhv,1188,1188
sp_1501.vhv,1920,1920
sp_1502.vhv,1920,1920
sp_1503.vhv,1704,1704
sp_1504.vhv,1704,1704
sp_1505.vhv,1704,1704
sp_1506.vhv,1196,1196
sp_1507.vhv,1196,1196
sp_1508.vhv,1704,1704
sp_1509.vhv,1196,1196
sp_151.vhv,3100,3100
sp_1510.vhv,1196,1196
sp_1511.vhv,1196,1196
sp_1512.vhv,1196,1196
sp_1513.vhv,1688,1688
sp_1514.vhv,888,888
sp_1515.vhv,3100,3100
sp_1516.vhv,1196,1196
sp_1517.vhv,1196,1196
sp_1518.vhv,1196,1196
sp_1519.vhv,1704,1704
sp_152.vhv,3100,3100
sp_1520.vhv,1704,1704
sp_1521.vhv,1284,1284
sp_1522.vhv,888,888
sp_1523.vhv,1688,1688
sp_1524.vhv,3100,3100
sp_1525.vhv,3480,3480
sp_1526.vhv,904,904
sp_1527.vhv,904,904
sp_1528.vhv,3480,3480
sp_1529.vhv,904,904
sp_153.vhv,904,904
sp_1530.vhv,904,904
sp_1531.vhv,904,904
sp_1532.vhv,3480,3480
sp_1533.vhv,3100,3100
sp_1534.vhv,3100,3100
sp_1535.vhv,904,904
sp_1536.vhv,904,904
sp_1537.vhv,7292,7292
sp_1538.vhv,1128,1128
sp_1539.vhv,1128,1128
sp_154.vhv,904,904
sp_1540.vhv,2412,2412
sp_1541.vhv,1128,1128
sp_1542.vhv,1128,1128
sp_1543.vhv,1128,1128
sp_1544.vhv,2412,2412
sp_1545.vhv,2412,2412
sp_1546.vhv,2412,2412
sp_1547.vhv,1128,1128
sp_1548.vhv,1128,1128
sp_1549.vhv,1128,1128
sp_155.vhv,2456,2456
sp_1550.vhv,1128,1128
sp_1551.vhv,17184,17184
sp_1552.vhv,17184,17184
sp_1553.vhv,17184,17184
sp_1554.vhv,17184,17184
sp_1555.vhv,17184,17184
sp_1556.vhv,17184,17184
sp_1557.vhv,2976,2976
sp_1558.vhv,5984,5984
sp_1559.vhv,5984,5984
sp_156.vhv,844,844
sp_1560.vhv,844,844
sp_1561.vhv,2456,2456
sp_1562.vhv,844,844
sp_1563.vhv,2456,2456
sp_1564.vhv,2680,2680
sp_1565.vhv,2652,2652
sp_1566.vhv,1312,1312
sp_1567.vhv,1312,1312
sp_1568.vhv,5984,5984
sp_1569.vhv,4992,4992
sp_157.vhv,844,844
sp_1570.vhv,1136,1136
sp_1571.vhv,2652,2652
sp_1572.vhv,2652,2652
sp_1573.vhv,2524,2524
sp_1574.vhv,1192,1192
sp_1575.vhv,1192,1192
sp_1576.vhv,2652,2652
sp_1577.vhv,2652,2652
sp_1578.vhv,2652,2652
sp_1579.vhv,1456,1456
sp_158.vhv,2456,2456
sp_1580.vhv,2652,2652
sp_1581.vhv,1136,1136
sp_1582.vhv,1136,1136
sp_1583.vhv,3796,3796
sp_1584.vhv,1136,1136
sp_1585.vhv,2856,2856
sp_1586.vhv,2856,2856
sp_1587.vhv,2856,2856
sp_1588.vhv,888,888
sp_1589.vhv,888,888
sp_159.vhv,844,844
sp_1590.vhv,752,752
sp_1591.vhv,1760,1760
sp_1592.vhv,1376,1376
sp_1593.vhv,1760,1760
sp_1594.vhv,1760,1760
sp_1595.vhv,1760,1760
sp_1596.vhv,1376,1376
sp_1597.vhv,1376,1376
sp_1598.vhv,1376,1376
sp_1599.vhv,1760,1760
sp_16.vhv,844,844
sp_160.vhv,2456,2456
sp_1600.vhv,2240,2240
sp_1601.vhv,1760,1760
sp_1602.vhv,752,752
sp_1603.vhv,1760,1760
sp_1604.vhv,752,752
sp_1605.vhv,2240,2240
sp_1606.vhv,752,752
sp_1607.vhv,1760,1760
sp_1608.vhv,656,656
sp_1609.vhv,1760,1760
sp_161.vhv,844,844
sp_1610.vhv,1376,1376
sp_1611.vhv,1760,1760
sp_1612.vhv,944,944
sp_1613.vhv,752,752
sp_1614.vhv,1760,1760
sp_1615.vhv,752,752
sp_1616.vhv,656,656
sp_1617.vhv,1760,1760
sp_1618.vhv,944,944
sp_1619.vhv,1760,1760
sp_162.vhv,2456,2456
sp_1620.vhv,1760,1760
sp_1621.vhv,944,944
sp_1622.vhv,656,656
sp_1623.vhv,944,944
sp_1624.vhv,752,752
sp_1625.vhv,1760,1760
sp_1626.vhv,752,752
sp_1627.vhv,1760,1760
sp_1628.vhv,1376,1376
sp_1629.vhv,1760,1760
sp_163.vhv,1480,1480
sp_1630.vhv,944,944
sp_1631.vhv,2240,2240
sp_1632.vhv,944,944
sp_1633.vhv,656,656
sp_1634.vhv,1760,1760
sp_1635.vhv,2240,2240
sp_1636.vhv,1376,1376
sp_1637.vhv,944,944
sp_1638.vhv,1376,1376
sp_1639.vhv,1760,1760
sp_164.vhv,1480,1480
sp_1640.vhv,1760,1760
sp_1641.vhv,1760,1760
sp_1642.vhv,1760,1760
sp_1643.vhv,1760,1760
sp_1644.vhv,1760,1760
sp_1645.vhv,1760,1760
sp_1646.vhv,1760,1760
sp_1647.vhv,1376,1376
sp_1648.vhv,944,944
sp_1649.vhv,752,752
sp_1650.vhv,752,752
sp_1651.vhv,944,944
sp_1652.vhv,1376,1376
sp_1653.vhv,656,656
sp_1654.vhv,944,944
sp_1655.vhv,1376,1376
sp_1656.vhv,1376,1376
sp_1657.vhv,656,656
sp_1658.vhv,944,944
sp_1659.vhv,656,656
sp_1660.vhv,1376,1376
sp_1661.vhv,944,944
sp_1662.vhv,752,752
sp_1663.vhv,656,656
sp_1664.vhv,1376,1376
sp_1665.vhv,656,656
sp_1666.vhv,1760,1760
sp_1667.vhv,752,752
sp_1668.vhv,752,752
sp_1669.vhv,944,944
sp_1670.vhv,752,752
sp_1671.vhv,656,656
sp_1672.vhv,1760,1760
sp_1673.vhv,1376,1376
sp_1674.vhv,752,752
sp_1675.vhv,1760,1760
sp_1676.vhv,1760,1760
sp_1677.vhv,1376,1376
sp_1678.vhv,752,752
sp_1679.vhv,1760,1760
sp_1680.vhv,1760,1760
sp_1681.vhv,2240,2240
sp_1682.vhv,2240,2240
sp_1683.vhv,656,656
sp_1684.vhv,1760,1760
sp_1685.vhv,2240,2240
sp_1686.vhv,1376,1376
sp_1687.vhv,656,656
sp_1688.vhv,752,752
sp_1689.vhv,2240,2240
sp_1690.vhv,944,944
sp_1691.vhv,1760,1760
sp_1692.vhv,2240,2240
sp_1693.vhv,944,944
sp_1694.vhv,944,944
sp_1695.vhv,1760,1760
sp_1696.vhv,656,656
sp_1697.vhv,752,752
sp_1698.vhv,608,608
sp_1699.vhv,608,608
sp_17.vhv,2456,2456
sp_1700.vhv,848,848
sp_1701.vhv,752,752
sp_1702.vhv,848,848
sp_1703.vhv,608,608
sp_1704.vhv,656,656
sp_1705.vhv,608,608
sp_1706.vhv,608,608
sp_1707.vhv,608,608
sp_1708.vhv,608,608
sp_1709.vhv,608,608
sp_1710.vhv,608,608
sp_1711.vhv,656,656
sp_1712.vhv,608,608
sp_1713.vhv,608,608
sp_1714.vhv,608,608
sp_1715.vhv,656,656
sp_1716.vhv,608,608
sp_1717.vhv,608,608
sp_1718.vhv,608,608
sp_1719.vhv,608,608
sp_1720.vhv,608,608
sp_1721.vhv,608,608
sp_1722.vhv,608,608
sp_1723.vhv,608,608
sp_1724.vhv,896,896
sp_1725.vhv,656,656
sp_1726.vhv,656,656
sp_1727.vhv,608,608
sp_1728.vhv,608,608
sp_1729.vhv,608,608
sp_1730.vhv,608,608
sp_1731.vhv,608,608
sp_1732.vhv,608,608
sp_1733.vhv,608,608
sp_1734.vhv,608,608
sp_1735.vhv,656,656
sp_1736.vhv,608,608
sp_1737.vhv,608,608
sp_1738.vhv,608,608
sp_1739.vhv,752,752
sp_1740.vhv,848,848
sp_1741.vhv,608,608
sp_1742.vhv,608,608
sp_1743.vhv,608,608
sp_1744.vhv,608,608
sp_1745.vhv,608,608
sp_1746.vhv,608,608
sp_1747.vhv,608,608
sp_1748.vhv,608,608
sp_1749.vhv,608,608
sp_1750.vhv,672,672
sp_1751.vhv,2176,2176
sp_1752.vhv,2288,2288
sp_1753.vhv,2176,2176
sp_1754.vhv,2176,2176
sp_1755.vhv,2288,2288
sp_1756.vhv,2288,2288
sp_1757.vhv,1136,1136
sp_1758.vhv,1136,1136
sp_1759.vhv,1136,1136
sp_1760.vhv,5984,5984
sp_1761.vhv,612,612
sp_1762.vhv,612,612
sp_1763.vhv,612,612
sp_1764.vhv,612,612
sp_1765.vhv,612,612
sp_1766.vhv,612,612
sp_1767.vhv,612,612
sp_1768.vhv,612,612
sp_1769.vhv,612,612
sp_1770.vhv,612,612
sp_1771.vhv,612,612
sp_1772.vhv,608,608
sp_1773.vhv,608,608
sp_1774.vhv,1760,1760
sp_1775.vhv,944,944
sp_1776.vhv,656,656
sp_1777.vhv,1760,1760
sp_1778.vhv,944,944
sp_1779.vhv,752,752
sp_1780.vhv,608,608
sp_1781.vhv,608,608
sp_1782.vhv,1376,1376
sp_1783.vhv,944,944
sp_1784.vhv,608,608
sp_1785.vhv,2240,2240
sp_1786.vhv,656,656
sp_1787.vhv,8980,8980
sp_1788.vhv,1312,1312
sp_1789.vhv,1312,1312
sp_1790.vhv,1312,1312
sp_1791.vhv,1312,1312
sp_1792.vhv,1312,1312
sp_1793.vhv,2680,2680
sp_1794.vhv,4144,4144
sp_1795.vhv,2856,2856
sp_1796.vhv,4144,4144
sp_1797.vhv,4144,4144
sp_1798.vhv,4144,4144
sp_1799.vhv,2412,2412
sp_18.vhv,844,844
sp_1800.vhv,4884,4884
sp_1801.vhv,11648,11648
sp_1802.vhv,6372,6372
sp_1803.vhv,752,752
sp_1804.vhv,608,608
sp_1805.vhv,608,608
sp_1806.vhv,608,608
sp_1807.vhv,608,608
sp_1808.vhv,2884,2884
sp_1809.vhv,4144,4144
sp_1810.vhv,8980,8980
sp_1811.vhv,2300,2300
sp_1812.vhv,1724,1724
sp_1813.vhv,2300,2300
sp_1814.vhv,1724,1724
sp_1815.vhv,2300,2300
sp_1816.vhv,1724,1724
sp_1817.vhv,2300,2300
sp_1818.vhv,1724,1724
sp_1819.vhv,2176,2176
sp_1820.vhv,2176,2176
sp_1821.vhv,2288,2288
sp_1822.vhv,2176,2176
sp_1823.vhv,2176,2176
sp_1824.vhv,2176,2176
sp_1825.vhv,4244,4244
sp_1826.vhv,4244,4244
sp_1827.vhv,2884,2884
sp_1828.vhv,2884,2884
sp_1829.vhv,2884,2884
sp_1830.vhv,2884,2884
sp_1831.vhv,2884,2884
sp_1832.vhv,2884,2884
sp_1833.vhv,2884,2884
sp_1834.vhv,2884,2884
sp_1835.vhv,2884,2884
sp_1836.vhv,2884,2884
sp_1837.vhv,2884,2884
sp_1838.vhv,2884,2884
sp_1839.vhv,4244,4244
sp_1840.vhv,4244,4244
sp_1841.vhv,4244,4244
sp_1842.vhv,2884,2884
sp_1843.vhv,2884,2884
sp_1844.vhv,2884,2884
sp_1845.vhv,2884,2884
sp_1846.vhv,2884,2884
sp_1847.vhv,2884,2884
sp_1848.vhv,2884,2884
sp_1849.vhv,2884,2884
sp_1850.vhv,2884,2884
sp_1851.vhv,2884,2884
sp_1852.vhv,2884,2884
sp_1853.vhv,2884,2884
sp_1854.vhv,2884,2884
sp_1855.vhv,2884,2884
sp_1856.vhv,2884,2884
sp_1857.vhv,2680,2680
sp_1858.vhv,4144,4144
sp_1859.vhv,4144,4144
sp_1860.vhv,1276,1276
sp_1861.vhv,1312,1312
sp_1862.vhv,1492,1492
sp_1863.vhv,1276,1276
sp_1864.vhv,1276,1276
sp_1865.vhv,1492,1492
sp_1866.vhv,1312,1312
sp_1867.vhv,1276,1276
sp_1868.vhv,1492,1492
sp_1869.vhv,1276,1276
sp_187.vhv,1480,1480
sp_1870.vhv,1312,1312
sp_1871.vhv,1312,1312
sp_1872.vhv,1276,1276
sp_1873.vhv,1276,1276
sp_1874.vhv,1312,1312
sp_1875.vhv,1312,1312
sp_1876.vhv,1276,1276
sp_1877.vhv,1276,1276
sp_1878.vhv,1312,1312
sp_1879.vhv,1492,1492
sp_188.vhv,1480,1480
sp_1880.vhv,1312,1312
sp_1881.vhv,896,896
sp_1882.vhv,1276,1276
sp_1883.vhv,1492,1492
sp_1884.vhv,1492,1492
sp_1885.vhv,1492,1492
sp_1886.vhv,1276,1276
sp_1887.vhv,1312,1312
sp_1888.vhv,1312,1312
sp_1889.vhv,1312,1312
sp_189.vhv,1100,1100
sp_1890.vhv,1312,1312
sp_1891.vhv,1276,1276
sp_1892.vhv,1492,1492
sp_1893.vhv,1312,1312
sp_1894.vhv,1276,1276
sp_1895.vhv,1312,1312
sp_1896.vhv,1276,1276
sp_1897.vhv,1312,1312
sp_1898.vhv,1312,1312
sp_1899.vhv,1276,1276
sp_19.vhv,2456,2456
sp_190.vhv,2456,2456
sp_1900.vhv,1276,1276
sp_1901.vhv,1492,1492
sp_1902.vhv,1276,1276
sp_1903.vhv,1276,1276
sp_1904.vhv,1492,1492
sp_1905.vhv,1312,1312
sp_1906.vhv,1312,1312
sp_1907.vhv,1312,1312
sp_1908.vhv,1276,1276
sp_1909.vhv,1276,1276
sp_191.vhv,1100,1100
sp_1910.vhv,1312,1312
sp_1911.vhv,1312,1312
sp_1912.vhv,1276,1276
sp_1913.vhv,1312,1312
sp_1914.vhv,2668,2668
sp_1915.vhv,1312,1312
sp_1916.vhv,1276,1276
sp_1917.vhv,1312,1312
sp_1918.vhv,1312,1312
sp_1919.vhv,1312,1312
sp_192.vhv,2456,2456
sp_1920.vhv,1276,1276
sp_1921.vhv,1276,1276
sp_1922.vhv,1276,1276
sp_1923.vhv,1492,1492
sp_1924.vhv,1312,1312
sp_1925.vhv,1276,1276
sp_1926.vhv,1276,1276
sp_1927.vhv,1492,1492
sp_1928.vhv,1312,1312
sp_1929.vhv,2680,2680
sp_193.vhv,2452,2452
sp_1930.vhv,1276,1276
sp_1931.vhv,1312,1312
sp_1932.vhv,1492,1492
sp_1933.vhv,1276,1276
sp_1934.vhv,1276,1276
sp_1935.vhv,1312,1312
sp_1936.vhv,1276,1276
sp_1937.vhv,1312,1312
sp_1938.vhv,1492,1492
sp_1939.vhv,1312,1312
sp_194.vhv,2452,2452
sp_1940.vhv,1276,1276
sp_1941.vhv,1312,1312
sp_1942.vhv,1276,1276
sp_1943.vhv,1492,1492
sp_1944.vhv,1276,1276
sp_1945.vhv,1312,1312
sp_1946.vhv,1312,1312
sp_1947.vhv,1276,1276
sp_1948.vhv,1492,1492
sp_1949.vhv,1276,1276
sp_195.vhv,2452,2452
sp_1950.vhv,1276,1276
sp_1951.vhv,1312,1312
sp_1952.vhv,1312,1312
sp_1953.vhv,1276,1276
sp_1954.vhv,1312,1312
sp_1955.vhv,1276,1276
sp_1956.vhv,1492,1492
sp_1957.vhv,1492,1492
sp_1958.vhv,1312,1312
sp_1959.vhv,1276,1276
sp_196.vhv,2452,2452
sp_1960.vhv,1312,1312
sp_1961.vhv,1276,1276
sp_1962.vhv,2680,2680
sp_1964.vhv,5984,5984
sp_1965.vhv,2040,2040
sp_1966.vhv,1276,1276
sp_1967.vhv,1312,1312
sp_1968.vhv,1276,1276
sp_1969.vhv,1276,1276
sp_197.vhv,2452,2452
sp_1970.vhv,1312,1312
sp_1971.vhv,1276,1276
sp_1972.vhv,1312,1312
sp_1973.vhv,1492,1492
sp_1974.vhv,1276,1276
sp_1975.vhv,1492,1492
sp_1976.vhv,1312,1312
sp_1977.vhv,1312,1312
sp_1978.vhv,1276,1276
sp_1979.vhv,1276,1276
sp_198.vhv,2452,2452
sp_1980.vhv,1312,1312
sp_1981.vhv,2912,2912
sp_1982.vhv,2912,2912
sp_1983.vhv,2912,2912
sp_1984.vhv,1808,1808
sp_1985.vhv,2912,2912
sp_1986.vhv,1276,1276
sp_1987.vhv,1312,1312
sp_1988.vhv,1276,1276
sp_1989.vhv,1312,1312
sp_199.vhv,2452,2452
sp_1990.vhv,1312,1312
sp_1991.vhv,1276,1276
sp_1992.vhv,1492,1492
sp_1993.vhv,1276,1276
sp_1994.vhv,1276,1276
sp_1995.vhv,1492,1492
sp_1996.vhv,1312,1312
sp_1997.vhv,1276,1276
sp_1998.vhv,1312,1312
sp_1999.vhv,1276,1276
sp_2.vhv,844,844
sp_20.vhv,844,844
sp_200.vhv,2452,2452
sp_2000.vhv,1492,1492
sp_2001.vhv,1276,1276
sp_2002.vhv,1276,1276
sp_2003.vhv,1276,1276
sp_2004.vhv,1312,1312
sp_2008.vhv,3140,3140
sp_2009.vhv,2412,2412
sp_201.vhv,2452,2452
sp_2010.vhv,1276,1276
sp_2011.vhv,1312,1312
sp_2012.vhv,1276,1276
sp_2013.vhv,1312,1312
sp_2014.vhv,1276,1276
sp_2015.vhv,1276,1276
sp_2016.vhv,1312,1312
sp_2017.vhv,1276,1276
sp_2018.vhv,1312,1312
sp_2019.vhv,2912,2912
sp_202.vhv,2452,2452
sp_2020.vhv,1312,1312
sp_2021.vhv,1492,1492
sp_2022.vhv,1276,1276
sp_2023.vhv,1276,1276
sp_2024.vhv,1312,1312
sp_2025.vhv,1276,1276
sp_2026.vhv,1312,1312
sp_2027.vhv,1276,1276
sp_2028.vhv,1276,1276
sp_2029.vhv,1276,1276
sp_203.vhv,2452,2452
sp_2030.vhv,1312,1312
sp_2031.vhv,1480,1480
sp_2032.vhv,1276,1276
sp_2033.vhv,1492,1492
sp_2034.vhv,1276,1276
sp_2035.vhv,1312,1312
sp_2036.vhv,1276,1276
sp_2037.vhv,1492,1492
sp_2038.vhv,1312,1312
sp_2039.vhv,1480,1480
sp_204.vhv,2452,2452
sp_2040.vhv,1480,1480
sp_2041.vhv,1480,1480
sp_2042.vhv,1480,1480
sp_2043.vhv,1480,1480
sp_2044.vhv,1480,1480
sp_2045.vhv,1480,1480
sp_2046.vhv,1480,1480
sp_2047.vhv,1480,1480
sp_2048.vhv,1480,1480
sp_2049.vhv,1480,1480
sp_205.vhv,2456,2456
sp_2050.vhv,1480,1480
sp_2051.vhv,1480,1480
sp_2052.vhv,1480,1480
sp_2053.vhv,1480,1480
sp_2054.vhv,1480,1480
sp_2055.vhv,1480,1480
sp_2056.vhv,1480,1480
sp_2057.vhv,1480,1480
sp_206.vhv,844,844
sp_2066.vhv,1276,1276
sp_2067.vhv,1312,1312
sp_2068.vhv,1276,1276
sp_2069.vhv,1492,1492
sp_207.vhv,2456,2456
sp_2070.vhv,1276,1276
sp_2071.vhv,1312,1312
sp_2072.vhv,960,960
sp_2073.vhv,1704,1704
sp_2074.vhv,960,960
sp_2075.vhv,960,960
sp_2076.vhv,960,960
sp_2077.vhv,4088,4088
sp_2078.vhv,904,904
sp_2079.vhv,936,936
sp_208.vhv,844,844
sp_2080.vhv,1096,1096
sp_2081.vhv,960,960
sp_2082.vhv,936,936
sp_2083.vhv,936,936
sp_2084.vhv,936,936
sp_2085.vhv,936,936
sp_2086.vhv,960,960
sp_2087.vhv,1096,1096
sp_2088.vhv,936,936
sp_2089.vhv,936,936
sp_209.vhv,904,904
sp_2090.vhv,1096,1096
sp_2091.vhv,1704,1704
sp_2092.vhv,960,960
sp_2093.vhv,1096,1096
sp_2094.vhv,960,960
sp_2095.vhv,960,960
sp_2096.vhv,936,936
sp_2097.vhv,936,936
sp_2098.vhv,960,960
sp_2099.vhv,960,960
sp_21.vhv,2456,2456
sp_210.vhv,904,904
sp_2100.vhv,960,960
sp_2101.vhv,960,960
sp_2102.vhv,960,960
sp_2103.vhv,960,960
sp_2104.vhv,960,960
sp_2105.vhv,1704,1704
sp_2106.vhv,1096,1096
sp_2107.vhv,960,960
sp_2108.vhv,960,960
sp_2109.vhv,960,960
sp_211.vhv,904,904
sp_2110.vhv,1704,1704
sp_2111.vhv,1096,1096
sp_2112.vhv,960,960
sp_2113.vhv,960,960
sp_2114.vhv,960,960
sp_2115.vhv,1704,1704
sp_2116.vhv,1096,1096
sp_2117.vhv,960,960
sp_2118.vhv,2912,2912
sp_2119.vhv,11376,11376
sp_212.vhv,904,904
sp_2120.vhv,2912,2912
sp_2121.vhv,1712,1712
sp_2122.vhv,2912,2912
sp_2123.vhv,1808,1808
sp_2124.vhv,1712,1712
sp_2125.vhv,2912,2912
sp_2126.vhv,2912,2912
sp_2127.vhv,2912,2912
sp_2128.vhv,2912,2912
sp_2129.vhv,2912,2912
sp_213.vhv,904,904
sp_2130.vhv,2912,2912
sp_2131.vhv,2912,2912
sp_2132.vhv,1712,1712
sp_2133.vhv,2912,2912
sp_2134.vhv,2912,2912
sp_2135.vhv,2912,2912
sp_2136.vhv,2912,2912
sp_2137.vhv,1808,1808
sp_2138.vhv,2912,2912
sp_2139.vhv,2912,2912
sp_214.vhv,1192,1192
sp_2140.vhv,1808,1808
sp_2141.vhv,2912,2912
sp_2142.vhv,2144,2144
sp_2143.vhv,2608,2608
sp_2144.vhv,2608,2608
sp_2145.vhv,1480,1480
sp_2146.vhv,1480,1480
sp_2147.vhv,1480,1480
sp_2148.vhv,1480,1480
sp_2149.vhv,1276,1276
sp_215.vhv,1192,1192
sp_2150.vhv,1276,1276
sp_2151.vhv,1312,1312
sp_2152.vhv,5984,5984
sp_2153.vhv,8980,8980
sp_2154.vhv,8980,8980
sp_2155.vhv,4144,4144
sp_2156.vhv,4144,4144
sp_216.vhv,904,904
sp_217.vhv,1192,1192
sp_218.vhv,904,904
sp_219.vhv,904,904
sp_22.vhv,844,844
sp_220.vhv,904,904
sp_221.vhv,1196,1196
sp_222.vhv,1196,1196
sp_2226.vhv,1128,1128
sp_2227.vhv,2652,2652
sp_2228.vhv,1120,1120
sp_2229.vhv,1120,1120
sp_223.vhv,1196,1196
sp_2230.vhv,1120,1120
sp_2231.vhv,1120,1120
sp_2232.vhv,1120,1120
sp_2233.vhv,1120,1120
sp_2234.vhv,1120,1120
sp_2235.vhv,5424,5424
sp_2236.vhv,1120,1120
sp_2237.vhv,2324,2324
sp_2238.vhv,4696,4696
sp_2239.vhv,2240,2240
sp_224.vhv,904,904
sp_2240.vhv,2992,2992
sp_2241.vhv,20748,20748
sp_2242.vhv,1884,1884
sp_2243.vhv,3948,3948
sp_2244.vhv,4724,4724
sp_2245.vhv,944,944
sp_2246.vhv,656,656
sp_2247.vhv,944,944
sp_2248.vhv,656,656
sp_2249.vhv,944,944
sp_225.vhv,904,904
sp_2250.vhv,656,656
sp_2251.vhv,944,944
sp_2252.vhv,656,656
sp_2253.vhv,944,944
sp_2254.vhv,656,656
sp_2255.vhv,944,944
sp_2256.vhv,656,656
sp_2257.vhv,944,944
sp_2258.vhv,656,656
sp_2259.vhv,944,944
sp_226.vhv,904,904
sp_2260.vhv,656,656
sp_2261.vhv,944,944
sp_2262.vhv,656,656
sp_2263.vhv,944,944
sp_2264.vhv,656,656
sp_2265.vhv,944,944
sp_2266.vhv,656,656
sp_2267.vhv,944,944
sp_2268.vhv,656,656
sp_2269.vhv,944,944
sp_227.vhv,904,904
sp_2270.vhv,656,656
sp_2271.vhv,944,944
sp_2272.vhv,656,656
sp_2273.vhv,944,944
sp_2274.vhv,656,656
sp_2275.vhv,944,944
sp_2276.vhv,656,656
sp_2277.vhv,944,944
sp_2278.vhv,656,656
sp_2279.vhv,944,944
sp_228.vhv,904,904
sp_2280.vhv,656,656
sp_2281.vhv,656,656
sp_2282.vhv,944,944
sp_2283.vhv,944,944
sp_2284.vhv,656,656
sp_2285.vhv,5972,5972
sp_2286.vhv,1900,1900
sp_2287.vhv,1900,1900
sp_2288.vhv,5972,5972
sp_2289.vhv,6280,6280
sp_229.vhv,1192,1192
sp_2290.vhv,1508,1508
sp_2291.vhv,5972,5972
sp_2292.vhv,1900,1900
sp_2293.vhv,12896,12896
sp_2294.vhv,2656,2656
sp_2295.vhv,1120,1120
sp_2296.vhv,1580,1580
sp_2297.vhv,1664,1664
sp_2298.vhv,1472,1472
sp_2299.vhv,2884,2884
sp_23.vhv,2456,2456
sp_230.vhv,904,904
sp_2300.vhv,2884,2884
sp_2302.vhv,7368,7368
sp_2303.vhv,6332,6332
sp_2304.vhv,1032,1032
sp_2305.vhv,1492,1492
sp_2306.vhv,1312,1312
sp_2307.vhv,1276,1276
sp_2308.vhv,1312,1312
sp_2309.vhv,6788,6788
sp_231.vhv,904,904
sp_2310.vhv,1704,1704
sp_2311.vhv,1704,1704
sp_2312.vhv,5984,5984
sp_2313.vhv,3972,3972
sp_2314.vhv,2152,2152
sp_2315.vhv,1472,1472
sp_2316.vhv,1580,1580
sp_2317.vhv,1580,1580
sp_2318.vhv,1472,1472
sp_2319.vhv,1580,1580
sp_232.vhv,1188,1188
sp_2320.vhv,7368,7368
sp_2321.vhv,13724,13724
sp_2322.vhv,7368,7368
sp_2323.vhv,752,752
sp_2324.vhv,752,752
sp_2325.vhv,752,752
sp_2326.vhv,752,752
sp_2327.vhv,752,752
sp_2328.vhv,752,752
sp_2329.vhv,752,752
sp_233.vhv,1188,1188
sp_2330.vhv,752,752
sp_2331.vhv,752,752
sp_2332.vhv,752,752
sp_2333.vhv,1276,1276
sp_2334.vhv,1492,1492
sp_2335.vhv,1312,1312
sp_2336.vhv,1276,1276
sp_2337.vhv,1312,1312
sp_2338.vhv,3064,3064
sp_2339.vhv,2912,2912
sp_234.vhv,904,904
sp_235.vhv,904,904
sp_236.vhv,904,904
sp_237.vhv,904,904
sp_238.vhv,5412,5412
sp_239.vhv,1192,1192
sp_24.vhv,844,844
sp_240.vhv,3140,3140
sp_241.vhv,3064,3064
sp_242.vhv,3064,3064
sp_243.vhv,6348,6348
sp_244.vhv,2680,2680
sp_245.vhv,904,904
sp_246.vhv,904,904
sp_247.vhv,904,904
sp_248.vhv,904,904
sp_249.vhv,904,904
sp_25.vhv,2456,2456
sp_250.vhv,904,904
sp_251.vhv,1192,1192
sp_252.vhv,904,904
sp_253.vhv,904,904
sp_254.vhv,1192,1192
sp_255.vhv,904,904
sp_256.vhv,904,904
sp_257.vhv,904,904
sp_258.vhv,904,904
sp_259.vhv,904,904
sp_26.vhv,844,844
sp_260.vhv,904,904
sp_261.vhv,904,904
sp_262.vhv,904,904
sp_263.vhv,904,904
sp_264.vhv,904,904
sp_265.vhv,904,904
sp_266.vhv,1192,1192
sp_267.vhv,904,904
sp_268.vhv,904,904
sp_269.vhv,1192,1192
sp_27.vhv,2456,2456
sp_270.vhv,1192,1192
sp_271.vhv,904,904
sp_272.vhv,904,904
sp_273.vhv,904,904
sp_274.vhv,904,904
sp_275.vhv,2856,2856
sp_276.vhv,5456,5456
sp_277.vhv,2040,2040
sp_278.vhv,3060,3060
sp_279.vhv,2680,2680
sp_28.vhv,844,844
sp_280.vhv,1192,1192
sp_281.vhv,904,904
sp_282.vhv,904,904
sp_283.vhv,904,904
sp_284.vhv,904,904
sp_285.vhv,904,904
sp_286.vhv,904,904
sp_287.vhv,1920,1920
sp_288.vhv,1920,1920
sp_289.vhv,1920,1920
sp_29.vhv,2456,2456
sp_290.vhv,2272,2272
sp_291.vhv,2272,2272
sp_292.vhv,2272,2272
sp_293.vhv,2272,2272
sp_294.vhv,1920,1920
sp_295.vhv,1920,1920
sp_296.vhv,1920,1920
sp_297.vhv,1920,1920
sp_298.vhv,1920,1920
sp_299.vhv,888,888
sp_3.vhv,2456,2456
sp_30.vhv,844,844
sp_300.vhv,888,888
sp_301.vhv,888,888
sp_302.vhv,888,888
sp_303.vhv,888,888
sp_304.vhv,888,888
sp_305.vhv,1032,1032
sp_306.vhv,1032,1032
sp_307.vhv,1032,1032
sp_308.vhv,1032,1032
sp_309.vhv,888,888
sp_31.vhv,2456,2456
sp_310.vhv,888,888
sp_311.vhv,888,888
sp_312.vhv,1032,1032
sp_313.vhv,1032,1032
sp_314.vhv,1192,1192
sp_315.vhv,904,904
sp_316.vhv,1192,1192
sp_317.vhv,888,888
sp_318.vhv,888,888
sp_319.vhv,1032,1032
sp_32.vhv,1100,1100
sp_320.vhv,1032,1032
sp_321.vhv,904,904
sp_322.vhv,1192,1192
sp_323.vhv,904,904
sp_324.vhv,1704,1704
sp_325.vhv,1704,1704
sp_326.vhv,1704,1704
sp_327.vhv,888,888
sp_328.vhv,1704,1704
sp_329.vhv,1152,1152
sp_33.vhv,2456,2456
sp_330.vhv,1840,1840
sp_331.vhv,1060,1060
sp_332.vhv,880,880
sp_333.vhv,944,944
sp_334.vhv,944,944
sp_335.vhv,1060,1060
sp_336.vhv,880,880
sp_337.vhv,944,944
sp_338.vhv,944,944
sp_339.vhv,944,944
sp_34.vhv,1100,1100
sp_340.vhv,2456,2456
sp_341.vhv,1100,1100
sp_342.vhv,1100,1100
sp_343.vhv,2456,2456
sp_344.vhv,1100,1100
sp_345.vhv,1724,1724
sp_346.vhv,1724,1724
sp_347.vhv,2300,2300
sp_348.vhv,1724,1724
sp_349.vhv,2300,2300
sp_35.vhv,2456,2456
sp_350.vhv,1084,1084
sp_351.vhv,960,960
sp_352.vhv,1084,1084
sp_353.vhv,1712,1712
sp_354.vhv,1084,1084
sp_355.vhv,1084,1084
sp_356.vhv,944,944
sp_357.vhv,944,944
sp_358.vhv,8528,8528
sp_359.vhv,8528,8528
sp_36.vhv,844,844
sp_360.vhv,8528,8528
sp_361.vhv,8736,8736
sp_362.vhv,8736,8736
sp_363.vhv,8736,8736
sp_364.vhv,8736,8736
sp_365.vhv,8736,8736
sp_366.vhv,2412,2412
sp_367.vhv,1268,1268
sp_368.vhv,1284,1284
sp_369.vhv,4264,4264
sp_37.vhv,2456,2456
sp_370.vhv,1256,1256
sp_371.vhv,45792,45792
sp_372.vhv,32332,32332
sp_373.vhv,7876,7876
sp_374.vhv,6372,6372
sp_375.vhv,6548,6548
sp_376.vhv,6372,6372
sp_377.vhv,7588,7588
sp_378.vhv,7876,7876
sp_379.vhv,9548,9548
sp_38.vhv,844,844
sp_380.vhv,6548,6548
sp_381.vhv,7240,7240
sp_382.vhv,7876,7876
sp_383.vhv,2456,2456
sp_384.vhv,7884,7884
sp_385.vhv,9136,9136
sp_386.vhv,1268,1268
sp_387.vhv,1268,1268
sp_388.vhv,1268,1268
sp_389.vhv,20916,20916
sp_39.vhv,2456,2456
sp_390.vhv,5948,5948
sp_391.vhv,992,992
sp_392.vhv,1112,1112
sp_393.vhv,1776,1776
sp_394.vhv,3152,3152
sp_395.vhv,3152,3152
sp_396.vhv,3628,3628
sp_397.vhv,3152,3152
sp_398.vhv,3152,3152
sp_399.vhv,3152,3152
sp_4.vhv,844,844
sp_40.vhv,844,844
sp_400.vhv,3360,3360
sp_401.vhv,3360,3360
sp_402.vhv,3360,3360
sp_403.vhv,3360,3360
sp_404.vhv,992,992
sp_405.vhv,992,992
sp_406.vhv,992,992
sp_407.vhv,1776,1776
sp_408.vhv,620,620
sp_409.vhv,620,620
sp_41.vhv,2456,2456
sp_410.vhv,620,620
sp_411.vhv,620,620
sp_412.vhv,620,620
sp_413.vhv,1704,1704
sp_414.vhv,3100,3100
sp_415.vhv,1704,1704
sp_416.vhv,1704,1704
sp_417.vhv,3480,3480
sp_418.vhv,1704,1704
sp_419.vhv,1664,1664
sp_42.vhv,844,844
sp_420.vhv,544,544
sp_421.vhv,544,544
sp_422.vhv,544,544
sp_423.vhv,544,544
sp_424.vhv,544,544
sp_425.vhv,544,544
sp_426.vhv,3152,3152
sp_427.vhv,3152,3152
sp_428.vhv,904,904
sp_429.vhv,904,904
sp_43.vhv,2456,2456
sp_430.vhv,1508,1508
sp_431.vhv,14208,14208
sp_432.vhv,14208,14208
sp_433.vhv,1508,1508
sp_434.vhv,1508,1508
sp_435.vhv,1508,1508
sp_436.vhv,8736,8736
sp_437.vhv,1816,1816
sp_438.vhv,2160,2160
sp_439.vhv,544,544
sp_44.vhv,844,844
sp_440.vhv,544,544
sp_441.vhv,544,544
sp_442.vhv,5948,5948
sp_443.vhv,992,992
sp_444.vhv,992,992
sp_445.vhv,992,992
sp_446.vhv,1152,1152
sp_447.vhv,1152,1152
sp_448.vhv,944,944
sp_449.vhv,944,944
sp_45.vhv,2456,2456
sp_450.vhv,1084,1084
sp_451.vhv,8736,8736
sp_452.vhv,5948,5948
sp_453.vhv,5948,5948
sp_454.vhv,2152,2152
sp_455.vhv,17184,17184
sp_456.vhv,17184,17184
sp_457.vhv,3888,3888
sp_458.vhv,1032,1032
sp_459.vhv,2680,2680
sp_46.vhv,844,844
sp_460.vhv,1188,1188
sp_461.vhv,3064,3064
sp_462.vhv,3064,3064
sp_463.vhv,3064,3064
sp_464.vhv,904,904
sp_465.vhv,904,904
sp_466.vhv,904,904
sp_467.vhv,1188,1188
sp_468.vhv,1188,1188
sp_469.vhv,1188,1188
sp_47.vhv,2456,2456
sp_470.vhv,1032,1032
sp_471.vhv,3140,3140
sp_472.vhv,3888,3888
sp_473.vhv,5316,5316
sp_474.vhv,852,852
sp_475.vhv,1192,1192
sp_476.vhv,1192,1192
sp_477.vhv,904,904
sp_478.vhv,1192,1192
sp_479.vhv,904,904
sp_48.vhv,844,844
sp_480.vhv,3100,3100
sp_481.vhv,1704,1704
sp_482.vhv,1704,1704
sp_483.vhv,3100,3100
sp_484.vhv,1688,1688
sp_485.vhv,888,888
sp_486.vhv,1920,1920
sp_487.vhv,1920,1920
sp_488.vhv,888,888
sp_489.vhv,2152,2152
sp_49.vhv,2456,2456
sp_490.vhv,1704,1704
sp_491.vhv,1192,1192
sp_492.vhv,904,904
sp_493.vhv,3100,3100
sp_494.vhv,3480,3480
sp_495.vhv,1192,1192
sp_496.vhv,3100,3100
sp_497.vhv,904,904
sp_498.vhv,1704,1704
sp_499.vhv,904,904
sp_5.vhv,2456,2456
sp_50.vhv,844,844
sp_500.vhv,1192,1192
sp_501.vhv,1704,1704
sp_502.vhv,2152,2152
sp_503.vhv,3064,3064
sp_504.vhv,3064,3064
sp_505.vhv,1704,1704
sp_506.vhv,1192,1192
sp_507.vhv,3480,3480
sp_508.vhv,1192,1192
sp_509.vhv,888,888
sp_51.vhv,2456,2456
sp_510.vhv,3140,3140
sp_511.vhv,2152,2152
sp_512.vhv,904,904
sp_513.vhv,904,904
sp_514.vhv,1192,1192
sp_515.vhv,904,904
sp_516.vhv,1704,1704
sp_517.vhv,3100,3100
sp_518.vhv,1688,1688
sp_519.vhv,1196,1196
sp_52.vhv,844,844
sp_520.vhv,1192,1192
sp_521.vhv,904,904
sp_522.vhv,1704,1704
sp_523.vhv,9516,9516
sp_524.vhv,904,904
sp_525.vhv,904,904
sp_526.vhv,1688,1688
sp_527.vhv,1688,1688
sp_528.vhv,1192,1192
sp_529.vhv,904,904
sp_53.vhv,2456,2456
sp_530.vhv,3100,3100
sp_531.vhv,904,904
sp_532.vhv,904,904
sp_533.vhv,1704,1704
sp_534.vhv,3888,3888
sp_535.vhv,1920,1920
sp_536.vhv,1920,1920
sp_537.vhv,3140,3140
sp_538.vhv,1704,1704
sp_539.vhv,3100,3100
sp_54.vhv,844,844
sp_540.vhv,904,904
sp_541.vhv,904,904
sp_542.vhv,3100,3100
sp_543.vhv,904,904
sp_544.vhv,1704,1704
sp_545.vhv,3100,3100
sp_546.vhv,904,904
sp_547.vhv,1192,1192
sp_548.vhv,3480,3480
sp_549.vhv,1192,1192
sp_55.vhv,2456,2456
sp_550.vhv,904,904
sp_551.vhv,3100,3100
sp_552.vhv,1704,1704
sp_553.vhv,1192,1192
sp_554.vhv,904,904
sp_555.vhv,1704,1704
sp_556.vhv,5316,5316
sp_557.vhv,852,852
sp_558.vhv,3064,3064
sp_559.vhv,2152,2152
sp_56.vhv,844,844
sp_560.vhv,3064,3064
sp_561.vhv,904,904
sp_562.vhv,3480,3480
sp_563.vhv,2412,2412
sp_564.vhv,5316,5316
sp_565.vhv,852,852
sp_566.vhv,852,852
sp_567.vhv,5316,5316
sp_568.vhv,1196,1196
sp_569.vhv,1196,1196
sp_57.vhv,2456,2456
sp_570.vhv,904,904
sp_571.vhv,904,904
sp_572.vhv,904,904
sp_573.vhv,904,904
sp_574.vhv,1196,1196
sp_575.vhv,1704,1704
sp_576.vhv,1704,1704
sp_577.vhv,1688,1688
sp_578.vhv,9516,9516
sp_579.vhv,3480,3480
sp_58.vhv,844,844
sp_580.vhv,3064,3064
sp_581.vhv,2272,2272
sp_582.vhv,3100,3100
sp_583.vhv,3480,3480
sp_584.vhv,3808,3808
sp_585.vhv,3808,3808
sp_586.vhv,1628,1628
sp_587.vhv,4376,4376
sp_588.vhv,1196,1196
sp_589.vhv,8980,8980
sp_59.vhv,2456,2456
sp_590.vhv,3100,3100
sp_591.vhv,904,904
sp_592.vhv,1704,1704
sp_593.vhv,1192,1192
sp_594.vhv,1704,1704
sp_595.vhv,904,904
sp_596.vhv,3480,3480
sp_597.vhv,1192,1192
sp_598.vhv,3100,3100
sp_599.vhv,904,904
sp_6.vhv,844,844
sp_60.vhv,844,844
sp_600.vhv,1192,1192
sp_601.vhv,1688,1688
sp_602.vhv,888,888
sp_603.vhv,1196,1196
sp_604.vhv,1196,1196
sp_605.vhv,1688,1688
sp_606.vhv,3140,3140
sp_607.vhv,5316,5316
sp_608.vhv,852,852
sp_609.vhv,1192,1192
sp_61.vhv,2456,2456
sp_610.vhv,1192,1192
sp_611.vhv,904,904
sp_612.vhv,1192,1192
sp_613.vhv,904,904
sp_614.vhv,3100,3100
sp_615.vhv,1704,1704
sp_616.vhv,1704,1704
sp_617.vhv,1704,1704
sp_618.vhv,3100,3100
sp_619.vhv,1688,1688
sp_62.vhv,1188,1188
sp_620.vhv,888,888
sp_621.vhv,1920,1920
sp_622.vhv,1920,1920
sp_623.vhv,2152,2152
sp_624.vhv,3064,3064
sp_625.vhv,1136,1136
sp_626.vhv,1192,1192
sp_627.vhv,3480,3480
sp_628.vhv,1192,1192
sp_629.vhv,888,888
sp_63.vhv,1188,1188
sp_630.vhv,3140,3140
sp_631.vhv,904,904
sp_632.vhv,904,904
sp_633.vhv,1192,1192
sp_634.vhv,904,904
sp_635.vhv,1704,1704
sp_636.vhv,3100,3100
sp_637.vhv,1688,1688
sp_638.vhv,5316,5316
sp_639.vhv,852,852
sp_64.vhv,1188,1188
sp_640.vhv,904,904
sp_641.vhv,3100,3100
sp_642.vhv,3888,3888
sp_643.vhv,904,904
sp_644.vhv,3480,3480
sp_645.vhv,904,904
sp_646.vhv,3100,3100
sp_647.vhv,1704,1704
sp_648.vhv,1192,1192
sp_649.vhv,3064,3064
sp_65.vhv,3100,3100
sp_650.vhv,3064,3064
sp_651.vhv,3064,3064
sp_652.vhv,2272,2272
sp_653.vhv,1920,1920
sp_654.vhv,852,852
sp_655.vhv,852,852
sp_656.vhv,5316,5316
sp_657.vhv,3888,3888
sp_658.vhv,3140,3140
sp_659.vhv,5316,5316
sp_66.vhv,1704,1704
sp_660.vhv,3568,3568
sp_661.vhv,3568,3568
sp_662.vhv,1032,1032
sp_663.vhv,2912,2912
sp_664.vhv,2912,2912
sp_665.vhv,2912,2912
sp_666.vhv,2912,2912
sp_667.vhv,2912,2912
sp_668.vhv,2912,2912
sp_669.vhv,888,888
sp_67.vhv,3480,3480
sp_670.vhv,1152,1152
sp_671.vhv,3152,3152
sp_672.vhv,3152,3152
sp_673.vhv,4916,4916
sp_674.vhv,544,544
sp_675.vhv,544,544
sp_676.vhv,544,544
sp_677.vhv,992,992
sp_678.vhv,992,992
sp_679.vhv,5948,5948
sp_68.vhv,1704,1704
sp_680.vhv,992,992
sp_681.vhv,1152,1152
sp_682.vhv,3152,3152
sp_683.vhv,3152,3152
sp_684.vhv,944,944
sp_685.vhv,944,944
sp_686.vhv,944,944
sp_687.vhv,944,944
sp_688.vhv,944,944
sp_689.vhv,1032,1032
sp_69.vhv,1188,1188
sp_690.vhv,1688,1688
sp_691.vhv,1192,1192
sp_692.vhv,904,904
sp_693.vhv,1192,1192
sp_694.vhv,904,904
sp_695.vhv,1688,1688
sp_696.vhv,2152,2152
sp_697.vhv,1704,1704
sp_698.vhv,3100,3100
sp_699.vhv,904,904
sp_7.vhv,2456,2456
sp_70.vhv,3100,3100
sp_700.vhv,904,904
sp_701.vhv,1704,1704
sp_702.vhv,3100,3100
sp_703.vhv,904,904
sp_704.vhv,904,904
sp_705.vhv,3064,3064
sp_706.vhv,1688,1688
sp_707.vhv,904,904
sp_708.vhv,1192,1192
sp_709.vhv,2152,2152
sp_71.vhv,1704,1704
sp_710.vhv,3100,3100
sp_711.vhv,1704,1704
sp_712.vhv,904,904
sp_713.vhv,904,904
sp_714.vhv,9516,9516
sp_715.vhv,904,904
sp_716.vhv,1704,1704
sp_717.vhv,904,904
sp_718.vhv,888,888
sp_719.vhv,3160,3160
sp_72.vhv,1188,1188
sp_720.vhv,2160,2160
sp_721.vhv,2912,2912
sp_722.vhv,2912,2912
sp_723.vhv,2912,2912
sp_724.vhv,2912,2912
sp_725.vhv,2912,2912
sp_726.vhv,2912,2912
sp_727.vhv,852,852
sp_728.vhv,7184,7184
sp_729.vhv,5316,5316
sp_73.vhv,1188,1188
sp_730.vhv,852,852
sp_731.vhv,3568,3568
sp_732.vhv,3568,3568
sp_733.vhv,2912,2912
sp_734.vhv,2912,2912
sp_735.vhv,2912,2912
sp_736.vhv,7184,7184
sp_737.vhv,852,852
sp_738.vhv,3568,3568
sp_739.vhv,1136,1136
sp_74.vhv,1920,1920
sp_740.vhv,3100,3100
sp_741.vhv,1192,1192
sp_742.vhv,904,904
sp_743.vhv,3064,3064
sp_744.vhv,888,888
sp_745.vhv,1688,1688
sp_746.vhv,888,888
sp_747.vhv,3100,3100
sp_748.vhv,904,904
sp_749.vhv,9516,9516
sp_75.vhv,1920,1920
sp_750.vhv,904,904
sp_751.vhv,3176,3176
sp_752.vhv,2300,2300
sp_753.vhv,11648,11648
sp_754.vhv,2976,2976
sp_755.vhv,1628,1628
sp_756.vhv,17184,17184
sp_757.vhv,17184,17184
sp_758.vhv,2912,2912
sp_759.vhv,2912,2912
sp_76.vhv,1704,1704
sp_760.vhv,2912,2912
sp_761.vhv,3568,3568
sp_762.vhv,3568,3568
sp_763.vhv,3568,3568
sp_764.vhv,1032,1032
sp_765.vhv,1900,1900
sp_766.vhv,1192,1192
sp_767.vhv,904,904
sp_768.vhv,904,904
sp_769.vhv,904,904
sp_77.vhv,1704,1704
sp_770.vhv,2912,2912
sp_771.vhv,2912,2912
sp_772.vhv,2912,2912
sp_773.vhv,2912,2912
sp_774.vhv,2912,2912
sp_775.vhv,3100,3100
sp_776.vhv,3480,3480
sp_777.vhv,888,888
sp_778.vhv,904,904
sp_779.vhv,1192,1192
sp_78.vhv,1704,1704
sp_780.vhv,2912,2912
sp_781.vhv,2912,2912
sp_782.vhv,2912,2912
sp_783.vhv,3100,3100
sp_784.vhv,3480,3480
sp_785.vhv,1192,1192
sp_786.vhv,3480,3480
sp_787.vhv,1192,1192
sp_788.vhv,3480,3480
sp_789.vhv,3064,3064
sp_79.vhv,1196,1196
sp_790.vhv,904,904
sp_791.vhv,904,904
sp_792.vhv,3480,3480
sp_793.vhv,3100,3100
sp_794.vhv,888,888
sp_795.vhv,1688,1688
sp_796.vhv,1192,1192
sp_797.vhv,904,904
sp_798.vhv,1136,1136
sp_799.vhv,1704,1704
sp_8.vhv,844,844
sp_80.vhv,1196,1196
sp_800.vhv,1192,1192
sp_801.vhv,1192,1192
sp_802.vhv,1704,1704
sp_803.vhv,3100,3100
sp_804.vhv,1192,1192
sp_805.vhv,1192,1192
sp_806.vhv,3100,3100
sp_807.vhv,3480,3480
sp_808.vhv,1688,1688
sp_809.vhv,904,904
sp_81.vhv,1704,1704
sp_810.vhv,1192,1192
sp_811.vhv,1704,1704
sp_812.vhv,3100,3100
sp_813.vhv,904,904
sp_814.vhv,904,904
sp_815.vhv,1192,1192
sp_816.vhv,3480,3480
sp_817.vhv,3064,3064
sp_818.vhv,1192,1192
sp_819.vhv,1704,1704
sp_82.vhv,1196,1196
sp_820.vhv,1192,1192
sp_821.vhv,3100,3100
sp_822.vhv,1704,1704
sp_823.vhv,1192,1192
sp_824.vhv,1192,1192
sp_825.vhv,1192,1192
sp_826.vhv,3100,3100
sp_827.vhv,3480,3480
sp_828.vhv,3064,3064
sp_829.vhv,3480,3480
sp_83.vhv,1196,1196
sp_830.vhv,1192,1192
sp_831.vhv,3100,3100
sp_832.vhv,1192,1192
sp_833.vhv,3064,3064
sp_834.vhv,3100,3100
sp_835.vhv,1192,1192
sp_836.vhv,1192,1192
sp_837.vhv,1704,1704
sp_838.vhv,3480,3480
sp_839.vhv,1192,1192
sp_84.vhv,1196,1196
sp_840.vhv,3064,3064
sp_841.vhv,3100,3100
sp_842.vhv,1192,1192
sp_843.vhv,904,904
sp_844.vhv,1192,1192
sp_845.vhv,1688,1688
sp_846.vhv,1704,1704
sp_847.vhv,904,904
sp_848.vhv,904,904
sp_849.vhv,3100,3100
sp_85.vhv,1196,1196
sp_850.vhv,3480,3480
sp_851.vhv,904,904
sp_852.vhv,904,904
sp_853.vhv,3100,3100
sp_854.vhv,1900,1900
sp_855.vhv,1032,1032
sp_856.vhv,3100,3100
sp_857.vhv,904,904
sp_858.vhv,2912,2912
sp_859.vhv,2912,2912
sp_86.vhv,1688,1688
sp_860.vhv,2912,2912
sp_861.vhv,2912,2912
sp_862.vhv,2912,2912
sp_863.vhv,2912,2912
sp_864.vhv,904,904
sp_865.vhv,904,904
sp_866.vhv,904,904
sp_867.vhv,1192,1192
sp_868.vhv,1688,1688
sp_869.vhv,2152,2152
sp_87.vhv,888,888
sp_870.vhv,2272,2272
sp_871.vhv,3140,3140
sp_872.vhv,3888,3888
sp_873.vhv,852,852
sp_874.vhv,5316,5316
sp_875.vhv,852,852
sp_876.vhv,5316,5316
sp_877.vhv,1032,1032
sp_878.vhv,2912,2912
sp_879.vhv,3480,3480
sp_88.vhv,3100,3100
sp_880.vhv,3100,3100
sp_881.vhv,1192,1192
sp_882.vhv,1192,1192
sp_883.vhv,9516,9516
sp_884.vhv,1704,1704
sp_885.vhv,1192,1192
sp_886.vhv,1192,1192
sp_887.vhv,1704,1704
sp_888.vhv,1704,1704
sp_889.vhv,904,904
sp_89.vhv,1196,1196
sp_890.vhv,1192,1192
sp_891.vhv,1688,1688
sp_892.vhv,888,888
sp_893.vhv,3100,3100
sp_894.vhv,3480,3480
sp_895.vhv,904,904
sp_896.vhv,904,904
sp_897.vhv,3064,3064
sp_898.vhv,1192,1192
sp_899.vhv,1192,1192
sp_9.vhv,2456,2456
sp_90.vhv,1196,1196
sp_900.vhv,3480,3480
sp_901.vhv,3100,3100
sp_902.vhv,1192,1192
sp_903.vhv,1192,1192
sp_904.vhv,1704,1704
sp_905.vhv,1192,1192
sp_906.vhv,3064,3064
sp_907.vhv,3480,3480
sp_908.vhv,1192,1192
sp_909.vhv,904,904
sp_91.vhv,1196,1196
sp_910.vhv,904,904
sp_911.vhv,3100,3100
sp_912.vhv,1704,1704
sp_913.vhv,1192,1192
sp_914.vhv,904,904
sp_915.vhv,1688,1688
sp_916.vhv,1936,1936
sp_917.vhv,2976,2976
sp_918.vhv,5316,5316
sp_919.vhv,904,904
sp_92.vhv,1704,1704
sp_920.vhv,1196,1196
sp_921.vhv,904,904
sp_922.vhv,904,904
sp_923.vhv,3100,3100
sp_924.vhv,3100,3100
sp_925.vhv,1196,1196
sp_926.vhv,3064,3064
sp_927.vhv,3100,3100
sp_928.vhv,1196,1196
sp_929.vhv,3480,3480
sp_93.vhv,1704,1704
sp_930.vhv,1196,1196
sp_931.vhv,3480,3480
sp_932.vhv,1196,1196
sp_933.vhv,1196,1196
sp_934.vhv,3100,3100
sp_935.vhv,1704,1704
sp_936.vhv,1192,1192
sp_937.vhv,3944,3944
sp_938.vhv,3944,3944
sp_939.vhv,11648,11648
sp_94.vhv,1920,1920
sp_940.vhv,1688,1688
sp_941.vhv,1192,1192
sp_942.vhv,904,904
sp_943.vhv,1704,1704
sp_944.vhv,904,904
sp_945.vhv,3100,3100
sp_946.vhv,904,904
sp_947.vhv,1704,1704
sp_948.vhv,1192,1192
sp_949.vhv,3100,3100
sp_95.vhv,1920,1920
sp_950.vhv,904,904
sp_951.vhv,1192,1192
sp_952.vhv,3480,3480
sp_953.vhv,1192,1192
sp_954.vhv,1704,1704
sp_955.vhv,1192,1192
sp_956.vhv,3480,3480
sp_957.vhv,1192,1192
sp_958.vhv,2152,2152
sp_959.vhv,1032,1032
sp_96.vhv,1284,1284
sp_960.vhv,1900,1900
sp_961.vhv,1688,1688
sp_962.vhv,2912,2912
sp_963.vhv,2912,2912
sp_964.vhv,2912,2912
sp_965.vhv,2912,2912
sp_966.vhv,2912,2912
sp_967.vhv,1192,1192
sp_968.vhv,1704,1704
sp_969.vhv,1704,1704
sp_97.vhv,1284,1284
sp_970.vhv,2912,2912
sp_971.vhv,1808,1808
sp_972.vhv,2912,2912
sp_973.vhv,852,852
sp_974.vhv,5316,5316
sp_975.vhv,2976,2976
sp_976.vhv,852,852
sp_977.vhv,2976,2976
sp_978.vhv,8980,8980
sp_979.vhv,4144,4144
sp_98.vhv,904,904
sp_980.vhv,8980,8980
sp_981.vhv,8980,8980
sp_982.vhv,5788,5788
sp_983.vhv,656,656
sp_984.vhv,904,904
sp_985.vhv,904,904
sp_986.vhv,2412,2412
sp_987.vhv,5352,5352
sp_988.vhv,1256,1256
sp_989.vhv,4144,4144
sp_99.vhv,904,904
sp_990.vhv,2912,2912
sp_991.vhv,2912,2912
sp_992.vhv,2912,2912
sp_993.vhv,2912,2912
sp_994.vhv,2912,2912
sp_995.vhv,5352,5352
sp_996.vhv,5352,5352
sp_997.vhv,5352,5352
sp_998.vhv,13724,13724
sp_999.vhv,13724,13724
