filename,size,compressed
materials/arizona/!at_oil01.vmt,1274,507
materials/arizona/!at_oil01.vtf,65743,8969
materials/arizona/-0at_rock01.vmt,94,97
materials/arizona/-0at_rock01.vtf,262351,117830
materials/arizona/-0at_rock01a.vmt,95,98
materials/arizona/-0at_rock01a.vtf,262351,113670
materials/arizona/-0at_rock01b.vmt,95,98
materials/arizona/-0at_rock01b.vtf,262351,108243
materials/arizona/-0at_rock02.vmt,94,97
materials/arizona/-0at_rock02.vtf,262351,115557
materials/arizona/-0at_rock02a.vmt,95,98
materials/arizona/-0at_rock02a.vtf,262351,108671
materials/arizona/-1at_rock01.vmt,94,97
materials/arizona/-1at_rock01.vtf,262351,116989
materials/arizona/-1at_rock01a.vmt,95,98
materials/arizona/-1at_rock01a.vtf,262351,113339
materials/arizona/-1at_rock01b.vmt,95,98
materials/arizona/-1at_rock01b.vtf,262351,107059
materials/arizona/-1at_rock02.vmt,94,97
materials/arizona/-1at_rock02.vtf,262351,114792
materials/arizona/-1at_rock02a.vmt,95,98
materials/arizona/-1at_rock02a.vtf,262351,108912
materials/arizona/at_ammobox01.vmt,231,163
materials/arizona/at_ammobox01.vtf,32913,6659
materials/arizona/at_ammobox01_nrm.vtf,43836,16488
materials/arizona/at_aus2.vmt,93,97
materials/arizona/at_aus2.vtf,262351,175897
materials/arizona/at_auswurf.vmt,157,132
materials/arizona/at_auswurf.vtf,262351,184192
materials/arizona/at_car2back.vmt,231,164
materials/arizona/at_car2back.vtf,32893,19902
materials/arizona/at_car2back_normal.vtf,43820,35205
materials/arizona/at_car2front1.vmt,235,165
materials/arizona/at_car2front1.vtf,32893,20170
materials/arizona/at_car2front1_normal.vtf,43820,32794
materials/arizona/at_car2front2.vmt,235,166
materials/arizona/at_car2front2.vtf,32893,15642
materials/arizona/at_car2front2_normal.vtf,43820,29565
materials/arizona/at_car2side.vmt,231,163
materials/arizona/at_car2side.vtf,131217,45199
materials/arizona/at_car2side_normal.vtf,174908,75366
materials/arizona/at_car2top.vmt,229,164
materials/arizona/at_car2top.vtf,131217,81486
materials/arizona/at_car2top2.vmt,231,164
materials/arizona/at_car2top2.vtf,262351,92250
materials/arizona/at_car2top2_normal.vtf,349732,144851
materials/arizona/at_car2top_normal.vtf,174908,137319
materials/arizona/at_carback.vmt,232,164
materials/arizona/at_carback.vtf,32893,15513
materials/arizona/at_carback_normal.vtf,43820,23073
materials/arizona/at_carfront1.vmt,236,164
materials/arizona/at_carfront1.vtf,32893,9649
materials/arizona/at_carfront1_normal.vtf,43820,14793
materials/arizona/at_carfront2.vmt,236,165
materials/arizona/at_carfront2.vtf,32893,17450
materials/arizona/at_carfront2_normal.vtf,43820,25640
materials/arizona/at_carfront3.vmt,236,165
materials/arizona/at_carfront3.vtf,16501,8801
materials/arizona/at_carfront3_normal.vtf,21964,11029
materials/arizona/at_carside.vmt,232,164
materials/arizona/at_carside.vtf,131217,44438
materials/arizona/at_carside_normal.vtf,174908,62912
materials/arizona/at_carside_ref.vtf,131217,16537
materials/arizona/at_cartop.vmt,230,162
materials/arizona/at_cartop.vtf,131217,53310
materials/arizona/at_cartop2.vmt,232,164
materials/arizona/at_cartop2.vtf,131217,53258
materials/arizona/at_cartop2_normal.vtf,174908,58577
materials/arizona/at_cartop_normal.vtf,174908,65073
materials/arizona/at_crate01-a.vmt,98,100
materials/arizona/at_crate01-a.vtf,16591,9348
materials/arizona/at_crate01side.vmt,100,101
materials/arizona/at_crate01side.vtf,65743,31528
materials/arizona/at_crate01side_.vmt,101,102
materials/arizona/at_crate01side_.vtf,65743,31529
materials/arizona/at_crate01top_.vmt,100,101
materials/arizona/at_crate01top_.vtf,65743,31781
materials/arizona/at_crate02.vmt,96,97
materials/arizona/at_crate02.vtf,65743,33079
materials/arizona/at_dings.vmt,222,161
materials/arizona/at_dings.vtf,16591,10944
materials/arizona/at_dings_nrm.vtf,22052,16427
materials/arizona/at_door01.vmt,224,161
materials/arizona/at_door01.vtf,32913,21330
materials/arizona/at_door01_nrm.vtf,43836,30337
materials/arizona/at_door02.vmt,95,98
materials/arizona/at_door02.vtf,32913,20646
materials/arizona/at_door02_nrm.vtf,43836,39660
materials/arizona/at_door02_window.vmt,188,140
materials/arizona/at_fence01.vmt,96,99
materials/arizona/at_fence01.vtf,262351,202038
materials/arizona/at_gar01.vmt,220,158
materials/arizona/at_gar01.vtf,262351,198016
materials/arizona/at_gar01_nrm.vtf,349732,267187
materials/arizona/at_grass01.vmt,91,91
materials/arizona/at_grass01.vtf,262351,117969
materials/arizona/at_lgt01.vmt,218,156
materials/arizona/at_lgt01.vtf,8337,5717
materials/arizona/at_lgt01_nrm.vtf,11068,9312
materials/arizona/at_oilpipe01.vmt,230,164
materials/arizona/at_oilpipe01.vtf,131217,86285
materials/arizona/at_oilpipe01_nrm.vtf,174908,122830
materials/arizona/at_oilpipe02.vmt,230,165
materials/arizona/at_oilpipe02.vtf,131217,49795
materials/arizona/at_oilpipe02_nrm.vtf,174908,89469
materials/arizona/at_plank01.vmt,96,97
materials/arizona/at_plank01.vtf,16501,8543
materials/arizona/at_plank02.vmt,96,97
materials/arizona/at_plank02.vtf,16501,8545
materials/arizona/at_road01a.vmt,94,99
materials/arizona/at_road01a.vtf,262351,112321
materials/arizona/at_road02_r2.vmt,96,100
materials/arizona/at_road02_r2.vtf,131217,52452
materials/arizona/at_road03a.vmt,94,99
materials/arizona/at_road03a.vtf,262351,112782
materials/arizona/at_road04.vmt,93,97
materials/arizona/at_road04.vtf,262351,106047
materials/arizona/at_road04c.vmt,94,98
materials/arizona/at_road04c.vtf,262351,111864
materials/arizona/at_rock01a.vmt,93,96
materials/arizona/at_rock01a.vtf,262351,116555
materials/arizona/at_rock02a.vmt,93,96
materials/arizona/at_rock02a.vtf,262351,113014
materials/arizona/at_rock02b.vmt,93,96
materials/arizona/at_rock02b.vtf,262351,113051
materials/arizona/at_rock_way.vmt,91,95
materials/arizona/at_rock_way.vtf,65653,47169
materials/arizona/at_roof01.vmt,230,164
materials/arizona/at_roof01.vtf,16501,4421
materials/arizona/at_roof01_nrm.vtf,21964,11197
materials/arizona/at_rope.vmt,105,103
materials/arizona/at_rope.vtf,8317,1931
materials/arizona/at_sand01a.vmt,90,92
materials/arizona/at_sand01a.vtf,262351,116287
materials/arizona/at_sand01a_k.vmt,92,95
materials/arizona/at_sand01a_k.vtf,262351,113070
materials/arizona/at_sand01a_r2.vmt,93,96
materials/arizona/at_sand01a_r2.vtf,262351,113240
materials/arizona/at_sand01b2.vmt,91,94
materials/arizona/at_sand01b2.vtf,262351,112839
materials/arizona/at_sand01c.vmt,90,92
materials/arizona/at_sand01c.vtf,262351,110924
materials/arizona/at_sand01d.vmt,90,92
materials/arizona/at_sand01d.vtf,262351,112467
materials/arizona/at_sh05.vmt,154,129
materials/arizona/at_sh05.vtf,8317,5782
materials/arizona/at_sh06.vmt,154,129
materials/arizona/at_sh06.vtf,8317,5654
materials/arizona/at_sign01.vmt,95,98
materials/arizona/at_sign01.vtf,16501,8943
materials/arizona/at_sign02.vmt,95,98
materials/arizona/at_sign02.vtf,16501,8735
materials/arizona/at_sign04.vmt,224,163
materials/arizona/at_sign04.vtf,32913,27774
materials/arizona/at_sign04_nrm.vtf,43836,37367
materials/arizona/at_stone01.vmt,233,165
materials/arizona/at_stone01.vtf,262351,107234
materials/arizona/at_stone01_nrm.vtf,349732,290511
materials/arizona/at_stone02a.vmt,235,167
materials/arizona/at_stone02a.vtf,131217,31083
materials/arizona/at_stone02a_nrm.vtf,174908,85258
materials/arizona/at_stone02b.vmt,235,167
materials/arizona/at_stone02b.vtf,131217,33965
materials/arizona/at_stone02b_nrm.vtf,174908,85323
materials/arizona/at_tank02.vmt,222,160
materials/arizona/at_tank02.vtf,262351,166155
materials/arizona/at_tank02_nrm.vtf,349732,210366
materials/arizona/at_tank03.vmt,219,159
materials/arizona/at_tank03.vtf,65743,30443
materials/arizona/at_tank03_nrm.vtf,87588,53102
materials/arizona/at_tank04.vmt,222,160
materials/arizona/at_tank04.vtf,32893,14002
materials/arizona/at_tank04_nrm.vtf,43820,29858
materials/arizona/at_tank05.vmt,222,160
materials/arizona/at_tank05.vtf,16501,7417
materials/arizona/at_tank05_nrm.vtf,21964,14264
materials/arizona/at_tank06a.vmt,221,161
materials/arizona/at_tank06a.vtf,262351,169867
materials/arizona/at_tank06a_nrm.vtf,349732,246274
materials/arizona/at_tent01.vmt,91,95
materials/arizona/at_tent01.vtf,65743,40283
materials/arizona/at_tent01a.vmt,92,96
materials/arizona/at_tent01a.vtf,65743,41215
materials/arizona/at_tent02a.vmt,92,96
materials/arizona/at_tent02a.vtf,65743,34604
materials/arizona/at_tent03a.vmt,92,96
materials/arizona/at_tent03a.vtf,65743,41815
materials/arizona/at_tire01.vmt,95,98
materials/arizona/at_tire01.vtf,16591,4897
materials/arizona/at_tire02.vmt,95,98
materials/arizona/at_tire02.vtf,16501,7631
materials/arizona/at_trim01.vmt,244,168
materials/arizona/at_trim01.vtf,65743,3702
materials/arizona/at_trim01_noclip.vmt,267,184
materials/arizona/at_trim01_nrm.vtf,87588,13828
materials/arizona/at_wall01.vmt,237,169
materials/arizona/at_wall01.vtf,262351,177047
materials/arizona/at_wall01_nrm.vtf,349732,275725
materials/arizona/at_wall01a.vmt,239,171
materials/arizona/at_wall01a.vtf,4213,2677
materials/arizona/at_wall01a_nrm.vtf,5580,5083
materials/arizona/at_wall01b.vmt,239,171
materials/arizona/at_wall01b.vtf,1231,981
materials/arizona/at_wall01b_nrm.vtf,1572,1433
materials/arizona/at_wall01c.vmt,239,171
materials/arizona/at_wall01c.vtf,32913,23413
materials/arizona/at_wall01c_nrm.vtf,43836,37462
materials/arizona/at_wood01.vmt,95,98
materials/arizona/at_wood01.vtf,4213,1929
materials/arizona/at_wood04.vmt,95,98
materials/arizona/at_wood04.vtf,32913,25620
materials/arizona/at_zapf01.vmt,227,163
materials/arizona/at_zapf01.vtf,65653,39273
materials/arizona/at_zapf01_nrm.vtf,87500,55816
materials/arizona/scroll_at_water.vmt,1283,514
materials/arizona/scroll_at_water.vtf,262351,38964
materials/arizona/{at_bars01.vmt,267,176
materials/arizona/{at_bars01.vtf,43820,3381
materials/arizona/{at_bars01_nrm.vtf,43820,9871
materials/arizona/{at_bars02.vmt,251,172
materials/arizona/{at_bars02.vtf,43820,2426
materials/arizona/{at_bars02_nrm.vtf,43820,6973
materials/arizona/{at_bridge01.vmt,133,120
materials/arizona/{at_bridge01.vtf,43836,11211
materials/arizona/{at_cargrill.vmt,283,173
materials/arizona/{at_cargrill.vtf,43820,952
materials/arizona/{at_cargrill_normal.vtf,43820,919
materials/arizona/{at_eagle02.vmt,111,109
materials/arizona/{at_eagle02.vtf,174908,15238
materials/arizona/{at_fence02.vmt,249,172
materials/arizona/{at_fence02.vtf,349732,3000
materials/arizona/{at_fence02_nrm.vtf,349732,13834
materials/arizona/{at_ladder01.vmt,255,173
materials/arizona/{at_ladder01.vtf,21964,2577
materials/arizona/{at_ladder01_nrm.vtf,21964,5593
materials/arizona/{at_lp01.vmt,257,174
materials/arizona/{at_lp01.vtf,87500,2355
materials/arizona/{at_lp01_nrm.vtf,87500,7444
materials/arizona/{at_pol01.vmt,110,107
materials/arizona/{at_pol01.vtf,43836,3213
materials/arizona/{at_pol02.vmt,110,108
materials/arizona/{at_pol02.vtf,43836,4618
materials/arizona/{at_rope01.vmt,111,107
materials/arizona/{at_rope01.vtf,43820,3996
materials/arizona/{at_rope02.vmt,127,114
materials/arizona/{at_rope02.vtf,21964,1967
materials/arizona/{at_rope03.vmt,111,108
materials/arizona/{at_rope03.vtf,87500,2432
materials/arizona/{at_sh01.vmt,172,138
materials/arizona/{at_sh01.vtf,87588,16479
materials/arizona/{at_sh02.vmt,172,138
materials/arizona/{at_sh02.vtf,87588,16862
materials/arizona/{at_sh03.vmt,172,138
materials/arizona/{at_sh03.vtf,87588,16391
materials/arizona/{at_sh04.vmt,172,138
materials/arizona/{at_sh04.vtf,87588,16517
materials/arizona/{at_snake01.vmt,111,108
materials/arizona/{at_snake01.vtf,349732,59388
materials/cstrike/cstrike_me4metl.vmt,231,171
materials/cstrike/cstrike_me4metl.vtf,65743,31726
materials/cstrike/cstrike_me4metl_nrm.vtf,87588,68375
materials/cstrike/cstrike_oe4pnl.vmt,233,176
materials/cstrike/cstrike_oe4pnl.vtf,65743,32942
materials/cstrike/cstrike_oe4pnl_nrm.vtf,87588,70998
materials/cstrike/cstrike_oe4vent.vmt,235,175
materials/cstrike/cstrike_oe4vent.vtf,16591,8508
materials/cstrike/cstrike_oe4vent_nrm.vtf,22052,20212
materials/decals/at_creditz01.vmt,82,85
materials/decals/at_creditz01.vtf,262351,105535
materials/decals/at_itsme01.vmt,80,83
materials/decals/at_itsme01.vtf,65743,11114
materials/dev/oil_waterbeneath2.vmt,1090,513
materials/halflife/+0button4.vmt,472,234
materials/halflife/+0button4.vtf,16530,8217
materials/halflife/+0button4_nrm.vtf,21992,13236
materials/halflife/+0~tnnl_lgt4.vmt,481,246
materials/halflife/+0~tnnl_lgt4.vtf,16530,10882
materials/halflife/+0~tnnl_lgt4_nrm.vtf,21992,16723
materials/halflife/ammo01.vmt,221,164
materials/halflife/ammo01.vtf,8337,4813
materials/halflife/ammo01_nrm.vtf,11068,8657
materials/halflife/ammo02.vmt,221,165
materials/halflife/ammo02.vtf,4213,2647
materials/halflife/ammo02_nrm.vtf,5580,4479
materials/halflife/ammo03.vmt,221,165
materials/halflife/ammo03.vtf,2193,1331
materials/halflife/ammo03_nrm.vtf,2876,2564
materials/halflife/ammo04.vmt,221,165
materials/halflife/ammo04.vtf,2193,1161
materials/halflife/ammo04_nrm.vtf,2876,2495
materials/halflife/basetrim02.vmt,229,170
materials/halflife/basetrim02.vtf,8317,4702
materials/halflife/basetrim02_nrm.vtf,11052,9148
materials/halflife/crete2_flr03c.vmt,229,165
materials/halflife/crete2_flr03c.vtf,4213,1701
materials/halflife/crete2_flr03c_nrm.vtf,5580,4554
materials/halflife/duct_flr01.vmt,266,181
materials/halflife/duct_flr01.vtf,32913,18577
materials/halflife/duct_flr01_nrm.vtf,43836,32699
materials/halflife/duct_flr01r.vtf,5624,3507
materials/halflife/duct_flr02.vmt,266,182
materials/halflife/duct_flr02.vtf,32913,21275
materials/halflife/duct_flr02_nrm.vtf,43836,35130
materials/halflife/duct_flr02r.vtf,5624,3484
materials/halflife/duct_vnt.vmt,262,173
materials/halflife/duct_vnt.vtf,16591,9922
materials/halflife/duct_vnt_nrm.vtf,22052,18611
materials/halflife/duct_vntr.vtf,2952,1498
materials/halflife/duct_wall03.vmt,269,183
materials/halflife/duct_wall03.vtf,16591,6915
materials/halflife/duct_wall03_nrm.vtf,22052,15230
materials/halflife/duct_wall03r.vtf,2952,1954
materials/halflife/fade2.vmt,205,152
materials/halflife/fade2.vtf,32893,6708
materials/halflife/generic100a.vmt,231,171
materials/halflife/generic100a.vtf,4303,1226
materials/halflife/generic100a_nrm.vtf,5668,2637
materials/halflife/generic_111a.vmt,337,206
materials/halflife/generic_111a.vtf,32913,21653
materials/halflife/generic_111a_nrm.vtf,43836,34579
materials/halflife/generic_111ar.vtf,5624,3358
materials/halflife/sign87.vmt,220,166
materials/halflife/sign87.vtf,32913,18795
materials/halflife/sign87_nrm.vtf,43836,33966
materials/halflife/signc1a3_2a.vmt,230,175
materials/halflife/signc1a3_2a.vtf,4213,3385
materials/halflife/signc1a3_2a_nrm.vtf,5580,4904
materials/halflife/steel.vmt,216,159
materials/halflife/steel.vtf,65743,31362
materials/halflife/steel_nrm.vtf,87588,46837
materials/halflife/trk_bumper.vmt,226,168
materials/halflife/trk_bumper.vtf,16501,9978
materials/halflife/trk_bumper_normal.vtf,21964,14827
materials/halflife/trk_canvas.vmt,97,98
materials/halflife/trk_canvas.vtf,32913,13371
materials/halflife/yellow.vmt,195,152
materials/halflife/yellow.vtf,1231,76
materials/halflife/{grass2.vmt,119,108
materials/halflife/{grass2.vtf,22052,4351
materials/halflife/{invisible.vmt,109,107
materials/halflife/{invisible.vtf,1572,56
materials/halflife/{tension5.vmt,269,181
materials/halflife/{tension5.vtf,87588,7002
materials/halflife/{tension5_nrm.vtf,87588,21976
materials/halflife/~spotblue.vmt,263,194
materials/halflife/~spotblue.vtf,1231,1059
materials/halflife/~spotred.vmt,239,179
materials/halflife/~spotred.vtf,1231,920
materials/halflife/~spotred_nrm.vtf,1572,1438
materials/maps/de_arizona_csbeta/arizona/!at_oil01_-1216_-1248_-652.vmt,162,149
materials/maps/de_arizona_csbeta/arizona/!at_oil01_-2024_-1040_-120.vmt,162,148
materials/maps/de_arizona_csbeta/arizona/!at_oil01_-488_-984_-652.vmt,160,148
materials/maps/de_arizona_csbeta/arizona/!at_oil01_-880_-1088_-652.vmt,161,149
materials/maps/de_arizona_csbeta/arizona/!at_oil01_1120_-1312_-652.vmt,161,149
materials/maps/de_arizona_csbeta/arizona/!at_oil01_630_-1014_-652.vmt,160,148
materials/maps/de_arizona_csbeta/arizona/!at_oil01_84_-768_-652.vmt,158,146
materials/maps/de_arizona_csbeta/arizona/at_ammobox01_-1448_-1184_-152.vmt,142,138
materials/maps/de_arizona_csbeta/arizona/at_ammobox01_-416_-2208_-152.vmt,141,137
materials/maps/de_arizona_csbeta/arizona/at_ammobox01_640_-3312_-272.vmt,140,137
materials/maps/de_arizona_csbeta/arizona/at_ammobox01_752_-3360_-272.vmt,140,137
materials/maps/de_arizona_csbeta/arizona/at_auswurf_-1264_-184_-184.vmt,139,132
materials/maps/de_arizona_csbeta/arizona/at_car2back_1896_-2328_-184.vmt,140,137
materials/maps/de_arizona_csbeta/arizona/at_car2front1_1648_-2328_-120.vmt,142,138
materials/maps/de_arizona_csbeta/arizona/at_car2front1_1896_-2328_-184.vmt,142,138
materials/maps/de_arizona_csbeta/arizona/at_car2front2_1512_-2336_-176.vmt,142,138
materials/maps/de_arizona_csbeta/arizona/at_car2side_1512_-2336_-176.vmt,140,137
materials/maps/de_arizona_csbeta/arizona/at_car2side_1648_-2328_-120.vmt,140,136
materials/maps/de_arizona_csbeta/arizona/at_car2side_1664_-2432_-184.vmt,140,137
materials/maps/de_arizona_csbeta/arizona/at_car2side_1680_-2200_-184.vmt,140,137
materials/maps/de_arizona_csbeta/arizona/at_car2side_1896_-2328_-184.vmt,140,137
materials/maps/de_arizona_csbeta/arizona/at_car2top2_1744_-2328_-96.vmt,139,135
materials/maps/de_arizona_csbeta/arizona/at_car2top_1648_-2328_-120.vmt,139,135
materials/maps/de_arizona_csbeta/arizona/at_carback_512_-3632_-376.vmt,138,133
materials/maps/de_arizona_csbeta/arizona/at_carfront1_768_-3624_-312.vmt,140,134
materials/maps/de_arizona_csbeta/arizona/at_carfront2_864_-3632_-376.vmt,140,135
materials/maps/de_arizona_csbeta/arizona/at_carfront3_1512_-2336_-176.vmt,141,136
materials/maps/de_arizona_csbeta/arizona/at_carfront3_512_-3632_-376.vmt,140,134
materials/maps/de_arizona_csbeta/arizona/at_carfront3_864_-3632_-376.vmt,140,135
materials/maps/de_arizona_csbeta/arizona/at_carside_512_-3632_-376.vmt,138,133
materials/maps/de_arizona_csbeta/arizona/at_carside_544_-3472_-272.vmt,138,135
materials/maps/de_arizona_csbeta/arizona/at_carside_616_-3760_-376.vmt,138,132
materials/maps/de_arizona_csbeta/arizona/at_carside_656_-3448_-272.vmt,138,135
materials/maps/de_arizona_csbeta/arizona/at_carside_816_-3768_-376.vmt,138,132
materials/maps/de_arizona_csbeta/arizona/at_carside_864_-3632_-376.vmt,138,134
materials/maps/de_arizona_csbeta/arizona/at_cartop2_512_-3632_-376.vmt,138,134
materials/maps/de_arizona_csbeta/arizona/at_cartop2_592_-3632_-304.vmt,138,134
materials/maps/de_arizona_csbeta/arizona/at_cartop2_616_-3760_-376.vmt,138,132
materials/maps/de_arizona_csbeta/arizona/at_cartop2_688_-3632_-288.vmt,138,135
materials/maps/de_arizona_csbeta/arizona/at_cartop_768_-3624_-312.vmt,137,132
materials/maps/de_arizona_csbeta/arizona/at_dings_1280_-1508_-208.vmt,137,134
materials/maps/de_arizona_csbeta/arizona/at_door01_-1072_-1184_-184.vmt,139,134
materials/maps/de_arizona_csbeta/arizona/at_door01_-1216_-1184_-184.vmt,139,134
materials/maps/de_arizona_csbeta/arizona/at_door01_-416_-1984_-184.vmt,138,134
materials/maps/de_arizona_csbeta/arizona/at_door01_1216_-1456_-200.vmt,138,135
materials/maps/de_arizona_csbeta/arizona/at_door01_1296_-1456_-200.vmt,138,135
materials/maps/de_arizona_csbeta/arizona/at_door01_1328_-1312_-200.vmt,138,135
materials/maps/de_arizona_csbeta/arizona/at_door01_1328_-1376_-200.vmt,138,135
materials/maps/de_arizona_csbeta/arizona/at_door02_window_-1688_96_-182.vmt,143,141
materials/maps/de_arizona_csbeta/arizona/at_gar01_-1600_8_-184.vmt,134,131
materials/maps/de_arizona_csbeta/arizona/at_lgt01_-1548_16_-136.vmt,135,132
materials/maps/de_arizona_csbeta/arizona/at_oilpipe01_-1036_-1184_-432.vmt,142,139
materials/maps/de_arizona_csbeta/arizona/at_oilpipe01_-1036_-1184_-560.vmt,142,139
materials/maps/de_arizona_csbeta/arizona/at_oilpipe01_-1096_-1088_-652.vmt,142,138
materials/maps/de_arizona_csbeta/arizona/at_oilpipe01_-1216_-1248_-652.vmt,142,138
materials/maps/de_arizona_csbeta/arizona/at_oilpipe01_-2024_-1040_-120.vmt,142,138
materials/maps/de_arizona_csbeta/arizona/at_oilpipe01_-288_-992_-968.vmt,140,136
materials/maps/de_arizona_csbeta/arizona/at_oilpipe01_-416_-912_-540.vmt,140,137
materials/maps/de_arizona_csbeta/arizona/at_oilpipe01_-448_-944_-968.vmt,140,135
materials/maps/de_arizona_csbeta/arizona/at_oilpipe01_-464_-768_-968.vmt,140,136
materials/maps/de_arizona_csbeta/arizona/at_oilpipe01_-488_-984_-652.vmt,140,137
materials/maps/de_arizona_csbeta/arizona/at_oilpipe01_-528_-792_-968.vmt,140,137
materials/maps/de_arizona_csbeta/arizona/at_oilpipe01_-664_-1088_-652.vmt,141,138
materials/maps/de_arizona_csbeta/arizona/at_oilpipe01_-800_-1216_-648.vmt,141,138
materials/maps/de_arizona_csbeta/arizona/at_oilpipe01_-880_-1088_-652.vmt,141,137
materials/maps/de_arizona_csbeta/arizona/at_oilpipe01_-880_-1152_-632.vmt,141,138
materials/maps/de_arizona_csbeta/arizona/at_oilpipe01_-888_-1216_-648.vmt,141,138
materials/maps/de_arizona_csbeta/arizona/at_oilpipe01_-976_-1216_-648.vmt,141,137
materials/maps/de_arizona_csbeta/arizona/at_oilpipe01_1120_-1312_-652.vmt,141,137
materials/maps/de_arizona_csbeta/arizona/at_oilpipe01_1216_-992_-200.vmt,140,137
materials/maps/de_arizona_csbeta/arizona/at_oilpipe01_1280_-1248_-48.vmt,140,135
materials/maps/de_arizona_csbeta/arizona/at_oilpipe01_1320_-1376_-48.vmt,140,136
materials/maps/de_arizona_csbeta/arizona/at_oilpipe01_1328_-1312_-200.vmt,141,137
materials/maps/de_arizona_csbeta/arizona/at_oilpipe01_1328_-1312_-520.vmt,141,137
materials/maps/de_arizona_csbeta/arizona/at_oilpipe01_1328_-1376_-200.vmt,141,137
materials/maps/de_arizona_csbeta/arizona/at_oilpipe01_1344_-1248_-200.vmt,141,137
materials/maps/de_arizona_csbeta/arizona/at_oilpipe01_1344_-2496_40.vmt,139,137
materials/maps/de_arizona_csbeta/arizona/at_oilpipe01_1408_-1312_-144.vmt,141,136
materials/maps/de_arizona_csbeta/arizona/at_oilpipe01_1408_-1312_-264.vmt,141,137
materials/maps/de_arizona_csbeta/arizona/at_oilpipe01_1408_-1312_-352.vmt,141,137
materials/maps/de_arizona_csbeta/arizona/at_oilpipe01_1408_-1312_-60.vmt,140,136
materials/maps/de_arizona_csbeta/arizona/at_oilpipe01_1408_-1360_-192.vmt,141,136
materials/maps/de_arizona_csbeta/arizona/at_oilpipe01_1416_-1424_-200.vmt,141,137
materials/maps/de_arizona_csbeta/arizona/at_oilpipe01_1424_-1416_-48.vmt,140,136
materials/maps/de_arizona_csbeta/arizona/at_oilpipe01_1436_-1404_-212.vmt,141,137
materials/maps/de_arizona_csbeta/arizona/at_oilpipe01_1440_-1536_-168.vmt,141,136
materials/maps/de_arizona_csbeta/arizona/at_oilpipe01_1456_-1488_-200.vmt,141,137
materials/maps/de_arizona_csbeta/arizona/at_oilpipe01_1472_-1256_-200.vmt,141,137
materials/maps/de_arizona_csbeta/arizona/at_oilpipe01_1488_-1368_-200.vmt,141,137
materials/maps/de_arizona_csbeta/arizona/at_oilpipe01_630_-1014_-652.vmt,140,137
materials/maps/de_arizona_csbeta/arizona/at_oilpipe01_84_-768_-652.vmt,138,136
materials/maps/de_arizona_csbeta/arizona/at_oilpipe01_992_-1312_-652.vmt,140,136
materials/maps/de_arizona_csbeta/arizona/at_oilpipe02_-1216_-1248_-652.vmt,142,138
materials/maps/de_arizona_csbeta/arizona/at_oilpipe02_-2024_-1040_-120.vmt,142,138
materials/maps/de_arizona_csbeta/arizona/at_oilpipe02_-488_-984_-652.vmt,140,137
materials/maps/de_arizona_csbeta/arizona/at_oilpipe02_-880_-1088_-652.vmt,141,137
materials/maps/de_arizona_csbeta/arizona/at_oilpipe02_1120_-1312_-652.vmt,141,137
materials/maps/de_arizona_csbeta/arizona/at_oilpipe02_630_-1014_-652.vmt,140,137
materials/maps/de_arizona_csbeta/arizona/at_oilpipe02_84_-768_-652.vmt,138,136
materials/maps/de_arizona_csbeta/arizona/at_oilpipe02_992_-1312_-652.vmt,140,136
materials/maps/de_arizona_csbeta/arizona/at_roof01_1280_-1248_-48.vmt,137,133
materials/maps/de_arizona_csbeta/arizona/at_roof01_1280_-1504_-48.vmt,137,134
materials/maps/de_arizona_csbeta/arizona/at_roof01_1320_-1376_-48.vmt,137,133
materials/maps/de_arizona_csbeta/arizona/at_sh05_-1472_-496_-64.vmt,135,132
materials/maps/de_arizona_csbeta/arizona/at_sh05_-1488_-424_-184.vmt,136,133
materials/maps/de_arizona_csbeta/arizona/at_sh06_-1472_-496_-64.vmt,135,132
materials/maps/de_arizona_csbeta/arizona/at_sh06_-1488_-424_-184.vmt,136,133
materials/maps/de_arizona_csbeta/arizona/at_sign04_848_-1584_-184.vmt,137,131
materials/maps/de_arizona_csbeta/arizona/at_sign04_888_-1696_-184.vmt,137,133
materials/maps/de_arizona_csbeta/arizona/at_stone01_-1036_-1184_-560.vmt,140,137
materials/maps/de_arizona_csbeta/arizona/at_stone01_-1048_-576_-184.vmt,139,137
materials/maps/de_arizona_csbeta/arizona/at_stone01_-1072_-1120_-184.vmt,140,136
materials/maps/de_arizona_csbeta/arizona/at_stone01_-1216_-1184_-184.vmt,140,135
materials/maps/de_arizona_csbeta/arizona/at_stone01_-128_-1488_-264.vmt,139,135
materials/maps/de_arizona_csbeta/arizona/at_stone01_-1312_-656_-184.vmt,139,137
materials/maps/de_arizona_csbeta/arizona/at_stone01_-1320_-1184_-184.vmt,140,136
materials/maps/de_arizona_csbeta/arizona/at_stone01_-1448_-1184_-152.vmt,140,136
materials/maps/de_arizona_csbeta/arizona/at_stone01_-1472_-496_-64.vmt,138,136
materials/maps/de_arizona_csbeta/arizona/at_stone01_-1592_-632_-168.vmt,139,136
materials/maps/de_arizona_csbeta/arizona/at_stone01_-160_-2088_-184.vmt,139,137
materials/maps/de_arizona_csbeta/arizona/at_stone01_-2024_-1040_-120.vmt,140,136
materials/maps/de_arizona_csbeta/arizona/at_stone01_-416_-1984_-184.vmt,139,135
materials/maps/de_arizona_csbeta/arizona/at_stone01_-416_-2088_-184.vmt,139,137
materials/maps/de_arizona_csbeta/arizona/at_stone01_-416_-2208_-152.vmt,139,137
materials/maps/de_arizona_csbeta/arizona/at_stone01_-800_-1216_-648.vmt,139,137
materials/maps/de_arizona_csbeta/arizona/at_stone01_-880_-1088_-652.vmt,139,135
materials/maps/de_arizona_csbeta/arizona/at_stone01_-880_-1152_-632.vmt,139,137
materials/maps/de_arizona_csbeta/arizona/at_stone01_-888_-1216_-648.vmt,139,137
materials/maps/de_arizona_csbeta/arizona/at_stone01_-976_-1216_-648.vmt,139,136
materials/maps/de_arizona_csbeta/arizona/at_stone01_0_-1800_-320.vmt,136,133
materials/maps/de_arizona_csbeta/arizona/at_stone01_1168_-1216_-184.vmt,139,135
materials/maps/de_arizona_csbeta/arizona/at_stone01_1216_-1288_-200.vmt,139,136
materials/maps/de_arizona_csbeta/arizona/at_stone01_1216_-1456_-200.vmt,139,136
materials/maps/de_arizona_csbeta/arizona/at_stone01_1224_-1400_-200.vmt,139,136
materials/maps/de_arizona_csbeta/arizona/at_stone01_1224_-2520_-72.vmt,138,136
materials/maps/de_arizona_csbeta/arizona/at_stone01_1280_-1504_-48.vmt,138,136
materials/maps/de_arizona_csbeta/arizona/at_stone01_28_-2000_-160.vmt,137,133
materials/maps/de_arizona_csbeta/arizona/at_stone01_28_-2088_-184.vmt,137,133
materials/maps/de_arizona_csbeta/arizona/at_stone01_28_-2172_-160.vmt,137,134
materials/maps/de_arizona_csbeta/arizona/at_stone01_688_-3008_-272.vmt,138,135
materials/maps/de_arizona_csbeta/arizona/at_stone02a_-1148_-1721_-184.vmt,141,136
materials/maps/de_arizona_csbeta/arizona/at_stone02a_-1247_-1483_-184.vmt,141,136
materials/maps/de_arizona_csbeta/arizona/at_stone02a_-1320_-1184_-184.vmt,141,136
materials/maps/de_arizona_csbeta/arizona/at_stone02a_-1320_-928_-184.vmt,140,138
materials/maps/de_arizona_csbeta/arizona/at_stone02a_-160_-2088_-184.vmt,140,138
materials/maps/de_arizona_csbeta/arizona/at_stone02a_-2024_-1040_-120.vmt,141,136
materials/maps/de_arizona_csbeta/arizona/at_stone02a_-416_-2088_-184.vmt,140,138
materials/maps/de_arizona_csbeta/arizona/at_stone02a_-716_-2014_-184.vmt,140,138
materials/maps/de_arizona_csbeta/arizona/at_stone02a_-953_-1916_-184.vmt,140,137
materials/maps/de_arizona_csbeta/arizona/at_stone02b_-1148_-1721_-184.vmt,141,136
materials/maps/de_arizona_csbeta/arizona/at_stone02b_-1216_-1184_-184.vmt,141,136
materials/maps/de_arizona_csbeta/arizona/at_stone02b_-1247_-1483_-184.vmt,141,136
materials/maps/de_arizona_csbeta/arizona/at_stone02b_-1320_-1184_-184.vmt,141,136
materials/maps/de_arizona_csbeta/arizona/at_stone02b_-1320_-928_-184.vmt,140,138
materials/maps/de_arizona_csbeta/arizona/at_stone02b_-160_-2088_-184.vmt,140,138
materials/maps/de_arizona_csbeta/arizona/at_stone02b_-416_-1984_-184.vmt,140,137
materials/maps/de_arizona_csbeta/arizona/at_stone02b_-416_-2088_-184.vmt,140,138
materials/maps/de_arizona_csbeta/arizona/at_stone02b_-716_-2014_-184.vmt,140,138
materials/maps/de_arizona_csbeta/arizona/at_stone02b_-953_-1916_-184.vmt,140,137
materials/maps/de_arizona_csbeta/arizona/at_tank02_-1548_16_-136.vmt,136,134
materials/maps/de_arizona_csbeta/arizona/at_tank02_-1548_16_-8.vmt,134,131
materials/maps/de_arizona_csbeta/arizona/at_tank02_-1688_96_-182.vmt,136,134
materials/maps/de_arizona_csbeta/arizona/at_tank02_-1792_16_-40.vmt,135,132
materials/maps/de_arizona_csbeta/arizona/at_tank02_-2024_-1040_-120.vmt,139,135
materials/maps/de_arizona_csbeta/arizona/at_tank02_1280_-1248_-48.vmt,137,133
materials/maps/de_arizona_csbeta/arizona/at_tank02_1320_-1376_-48.vmt,137,133
materials/maps/de_arizona_csbeta/arizona/at_tank02_1408_-1312_-60.vmt,137,134
materials/maps/de_arizona_csbeta/arizona/at_tank02_1424_-1416_-48.vmt,137,133
materials/maps/de_arizona_csbeta/arizona/at_tank03_-1548_16_-136.vmt,136,134
materials/maps/de_arizona_csbeta/arizona/at_tank03_-1552_-224_-184.vmt,138,135
materials/maps/de_arizona_csbeta/arizona/at_tank03_-1688_96_-182.vmt,136,134
materials/maps/de_arizona_csbeta/arizona/at_tank04_-1200_-16_-184.vmt,137,132
materials/maps/de_arizona_csbeta/arizona/at_tank04_-1264_-184_-184.vmt,138,131
materials/maps/de_arizona_csbeta/arizona/at_tank04_-1552_-224_-184.vmt,138,135
materials/maps/de_arizona_csbeta/arizona/at_tank04_-1568_240_-184.vmt,137,134
materials/maps/de_arizona_csbeta/arizona/at_tank04_-1600_8_-184.vmt,135,132
materials/maps/de_arizona_csbeta/arizona/at_tank04_-1688_96_-182.vmt,136,134
materials/maps/de_arizona_csbeta/arizona/at_tank04_-1696_-160_-40.vmt,137,133
materials/maps/de_arizona_csbeta/arizona/at_tank04_-1764_236_-96.vmt,136,134
materials/maps/de_arizona_csbeta/arizona/at_tank04_-1792_16_-40.vmt,135,132
materials/maps/de_arizona_csbeta/arizona/at_tank04_-1824_-248_-144.vmt,138,135
materials/maps/de_arizona_csbeta/arizona/at_tank04_-2024_-1040_-120.vmt,139,135
materials/maps/de_arizona_csbeta/arizona/at_tank04_1120_-1312_-652.vmt,138,134
materials/maps/de_arizona_csbeta/arizona/at_tank04_1216_-1312_-632.vmt,138,135
materials/maps/de_arizona_csbeta/arizona/at_tank04_1224_-1400_-200.vmt,138,135
materials/maps/de_arizona_csbeta/arizona/at_tank04_1328_-1192_-184.vmt,138,135
materials/maps/de_arizona_csbeta/arizona/at_tank04_1328_-1312_-200.vmt,138,135
materials/maps/de_arizona_csbeta/arizona/at_tank04_1328_-1312_-520.vmt,138,135
materials/maps/de_arizona_csbeta/arizona/at_tank04_1328_-1376_-200.vmt,138,135
materials/maps/de_arizona_csbeta/arizona/at_tank04_1344_-1248_-200.vmt,138,136
materials/maps/de_arizona_csbeta/arizona/at_tank04_1352_-1504_-200.vmt,138,135
materials/maps/de_arizona_csbeta/arizona/at_tank04_1408_-1312_-264.vmt,138,136
materials/maps/de_arizona_csbeta/arizona/at_tank04_1408_-1312_-440.vmt,138,135
materials/maps/de_arizona_csbeta/arizona/at_tank04_1408_-1360_-192.vmt,138,135
materials/maps/de_arizona_csbeta/arizona/at_tank04_1416_-1424_-200.vmt,138,135
materials/maps/de_arizona_csbeta/arizona/at_tank04_1436_-1404_-212.vmt,138,135
materials/maps/de_arizona_csbeta/arizona/at_tank04_1472_-1256_-200.vmt,138,136
materials/maps/de_arizona_csbeta/arizona/at_tank04_1488_-1368_-200.vmt,138,135
materials/maps/de_arizona_csbeta/arizona/at_tank04_848_-1376_-376.vmt,137,132
materials/maps/de_arizona_csbeta/arizona/at_tank04_884_-1268_-652.vmt,137,134
materials/maps/de_arizona_csbeta/arizona/at_tank05_-1216_-1088_-652.vmt,139,135
materials/maps/de_arizona_csbeta/arizona/at_tank05_-1392_24_-184.vmt,136,134
materials/maps/de_arizona_csbeta/arizona/at_tank05_-1548_16_-136.vmt,136,134
materials/maps/de_arizona_csbeta/arizona/at_tank05_-1552_-224_-184.vmt,138,135
materials/maps/de_arizona_csbeta/arizona/at_tank05_-1568_240_-184.vmt,137,134
materials/maps/de_arizona_csbeta/arizona/at_tank05_-1688_96_-182.vmt,136,134
materials/maps/de_arizona_csbeta/arizona/at_tank05_-1696_-160_-40.vmt,137,133
materials/maps/de_arizona_csbeta/arizona/at_tank05_-1728_-120_-8.vmt,136,133
materials/maps/de_arizona_csbeta/arizona/at_tank05_-1728_152_-8.vmt,135,132
materials/maps/de_arizona_csbeta/arizona/at_tank05_-1728_16_-8.vmt,134,131
materials/maps/de_arizona_csbeta/arizona/at_tank05_-2024_-1040_-120.vmt,139,135
materials/maps/de_arizona_csbeta/arizona/at_tank05_-552_-1048_-652.vmt,138,135
materials/maps/de_arizona_csbeta/arizona/at_tank05_-800_-1216_-648.vmt,138,136
materials/maps/de_arizona_csbeta/arizona/at_tank05_-880_-1152_-632.vmt,138,136
materials/maps/de_arizona_csbeta/arizona/at_tank05_-888_-1216_-648.vmt,138,135
materials/maps/de_arizona_csbeta/arizona/at_tank05_-976_-1216_-648.vmt,138,135
materials/maps/de_arizona_csbeta/arizona/at_tank05_1120_-1312_-652.vmt,138,134
materials/maps/de_arizona_csbeta/arizona/at_tank05_1216_-1312_-632.vmt,138,135
materials/maps/de_arizona_csbeta/arizona/at_tank05_1328_-1312_-200.vmt,138,135
materials/maps/de_arizona_csbeta/arizona/at_tank05_1328_-1312_-520.vmt,138,135
materials/maps/de_arizona_csbeta/arizona/at_tank05_1328_-1376_-200.vmt,138,135
materials/maps/de_arizona_csbeta/arizona/at_tank05_1408_-1312_-264.vmt,138,136
materials/maps/de_arizona_csbeta/arizona/at_tank05_1408_-1312_-440.vmt,138,135
materials/maps/de_arizona_csbeta/arizona/at_tank05_1408_-1360_-192.vmt,138,135
materials/maps/de_arizona_csbeta/arizona/at_tank05_1436_-1404_-212.vmt,138,135
materials/maps/de_arizona_csbeta/arizona/at_tank05_1488_-1368_-200.vmt,138,135
materials/maps/de_arizona_csbeta/arizona/at_tank05_184_-1360_-968.vmt,137,134
materials/maps/de_arizona_csbeta/arizona/at_tank06a_-1600_8_-184.vmt,136,134
materials/maps/de_arizona_csbeta/arizona/at_tank06a_-1688_96_-182.vmt,137,134
materials/maps/de_arizona_csbeta/arizona/at_tank06a_-1696_-160_-40.vmt,138,134
materials/maps/de_arizona_csbeta/arizona/at_tank06a_-1824_-248_-144.vmt,139,136
materials/maps/de_arizona_csbeta/arizona/at_tank06a_-1864_232_-176.vmt,138,136
materials/maps/de_arizona_csbeta/arizona/at_trim01_-1072_-1184_-184.vmt,139,135
materials/maps/de_arizona_csbeta/arizona/at_trim01_-1096_-1088_-652.vmt,139,134
materials/maps/de_arizona_csbeta/arizona/at_trim01_-1592_-340_-40.vmt,137,133
materials/maps/de_arizona_csbeta/arizona/at_trim01_-1736_-340_-40.vmt,137,133
materials/maps/de_arizona_csbeta/arizona/at_trim01_-1984_0_-72.vmt,134,131
materials/maps/de_arizona_csbeta/arizona/at_trim01_-1984_288_-72.vmt,136,134
materials/maps/de_arizona_csbeta/arizona/at_trim01_-2024_-1040_-120.vmt,139,135
materials/maps/de_arizona_csbeta/arizona/at_trim01_-976_-1216_-648.vmt,138,135
materials/maps/de_arizona_csbeta/arizona/at_trim01_0_-2224_-328.vmt,135,132
materials/maps/de_arizona_csbeta/arizona/at_trim01_128_-2128_-968.vmt,137,131
materials/maps/de_arizona_csbeta/arizona/at_trim01_1328_-1312_-520.vmt,138,135
materials/maps/de_arizona_csbeta/arizona/at_trim01_1408_-1312_-144.vmt,138,135
materials/maps/de_arizona_csbeta/arizona/at_trim01_1472_-1256_-200.vmt,138,136
materials/maps/de_arizona_csbeta/arizona/at_trim01_1488_-1368_-200.vmt,138,135
materials/maps/de_arizona_csbeta/arizona/at_trim01_192_-2088_-324.vmt,137,134
materials/maps/de_arizona_csbeta/arizona/at_trim01_248_-2032_-968.vmt,137,134
materials/maps/de_arizona_csbeta/arizona/at_trim01_248_-2208_-968.vmt,137,133
materials/maps/de_arizona_csbeta/arizona/at_trim01_336_-2000_-160.vmt,137,133
materials/maps/de_arizona_csbeta/arizona/at_trim01_336_-2088_-324.vmt,137,134
materials/maps/de_arizona_csbeta/arizona/at_trim01_336_-2172_-160.vmt,137,134
materials/maps/de_arizona_csbeta/arizona/at_trim01_noclip_-8_-1936_-328.vmt,143,141
materials/maps/de_arizona_csbeta/arizona/at_trim01_noclip_0_-2224_-328.vmt,142,139
materials/maps/de_arizona_csbeta/arizona/at_trim01_noclip_28_-2088_-324.vmt,143,140
materials/maps/de_arizona_csbeta/arizona/at_wall01_-1036_-1184_-304.vmt,139,135
materials/maps/de_arizona_csbeta/arizona/at_wall01_-1036_-1184_-432.vmt,139,135
materials/maps/de_arizona_csbeta/arizona/at_wall01_-1036_-1184_-560.vmt,139,135
materials/maps/de_arizona_csbeta/arizona/at_wall01_-1072_-1120_-184.vmt,139,134
materials/maps/de_arizona_csbeta/arizona/at_wall01_-1072_-1184_-184.vmt,139,135
materials/maps/de_arizona_csbeta/arizona/at_wall01_-1072_-1248_-184.vmt,139,133
materials/maps/de_arizona_csbeta/arizona/at_wall01_-1096_-1088_-652.vmt,139,134
materials/maps/de_arizona_csbeta/arizona/at_wall01_-1216_-1184_-184.vmt,139,135
materials/maps/de_arizona_csbeta/arizona/at_wall01_-1320_-1184_-184.vmt,139,135
materials/maps/de_arizona_csbeta/arizona/at_wall01_-132_-768_-652.vmt,137,134
materials/maps/de_arizona_csbeta/arizona/at_wall01_-1392_24_-184.vmt,136,134
materials/maps/de_arizona_csbeta/arizona/at_wall01_-1448_-1184_-152.vmt,139,134
materials/maps/de_arizona_csbeta/arizona/at_wall01_-1552_-224_-184.vmt,138,135
materials/maps/de_arizona_csbeta/arizona/at_wall01_-1568_240_-184.vmt,137,134
materials/maps/de_arizona_csbeta/arizona/at_wall01_-1600_8_-184.vmt,135,132
materials/maps/de_arizona_csbeta/arizona/at_wall01_-2024_-1040_-120.vmt,139,135
materials/maps/de_arizona_csbeta/arizona/at_wall01_-288_-992_-968.vmt,137,133
materials/maps/de_arizona_csbeta/arizona/at_wall01_-336_-832_-540.vmt,137,134
materials/maps/de_arizona_csbeta/arizona/at_wall01_-376_-864_-968.vmt,137,134
materials/maps/de_arizona_csbeta/arizona/at_wall01_-416_-1984_-184.vmt,138,134
materials/maps/de_arizona_csbeta/arizona/at_wall01_-416_-2088_-184.vmt,138,136
materials/maps/de_arizona_csbeta/arizona/at_wall01_-416_-2208_-152.vmt,138,136
materials/maps/de_arizona_csbeta/arizona/at_wall01_-448_-944_-968.vmt,137,133
materials/maps/de_arizona_csbeta/arizona/at_wall01_-464_-768_-968.vmt,137,133
materials/maps/de_arizona_csbeta/arizona/at_wall01_-480_-984_-540.vmt,137,134
materials/maps/de_arizona_csbeta/arizona/at_wall01_-488_-984_-652.vmt,137,134
materials/maps/de_arizona_csbeta/arizona/at_wall01_-664_-1088_-652.vmt,138,136
materials/maps/de_arizona_csbeta/arizona/at_wall01_-800_-1216_-648.vmt,138,136
materials/maps/de_arizona_csbeta/arizona/at_wall01_-880_-1088_-652.vmt,138,134
materials/maps/de_arizona_csbeta/arizona/at_wall01_-888_-1216_-648.vmt,138,136
materials/maps/de_arizona_csbeta/arizona/at_wall01_-976_-1216_-648.vmt,138,135
materials/maps/de_arizona_csbeta/arizona/at_wall01_1216_-1288_-200.vmt,138,135
materials/maps/de_arizona_csbeta/arizona/at_wall01_1216_-1456_-200.vmt,138,135
materials/maps/de_arizona_csbeta/arizona/at_wall01_1224_-1400_-200.vmt,138,135
materials/maps/de_arizona_csbeta/arizona/at_wall01_1280_-1508_-208.vmt,138,135
materials/maps/de_arizona_csbeta/arizona/at_wall01_1296_-1456_-200.vmt,138,135
materials/maps/de_arizona_csbeta/arizona/at_wall01_1328_-1192_-184.vmt,138,135
materials/maps/de_arizona_csbeta/arizona/at_wall01_1328_-1312_-200.vmt,138,135
materials/maps/de_arizona_csbeta/arizona/at_wall01_1328_-1376_-200.vmt,138,135
materials/maps/de_arizona_csbeta/arizona/at_wall01_1344_-1248_-200.vmt,138,136
materials/maps/de_arizona_csbeta/arizona/at_wall01_1344_-2496_40.vmt,136,134
materials/maps/de_arizona_csbeta/arizona/at_wall01_1352_-1504_-200.vmt,138,135
materials/maps/de_arizona_csbeta/arizona/at_wall01_1408_-1312_-144.vmt,138,135
materials/maps/de_arizona_csbeta/arizona/at_wall01_1416_-1424_-200.vmt,138,135
materials/maps/de_arizona_csbeta/arizona/at_wall01_1424_-1416_-48.vmt,137,133
materials/maps/de_arizona_csbeta/arizona/at_wall01_1440_-1536_-168.vmt,138,135
materials/maps/de_arizona_csbeta/arizona/at_wall01_1472_-1256_-200.vmt,138,136
materials/maps/de_arizona_csbeta/arizona/at_wall01_1488_-1368_-200.vmt,138,135
materials/maps/de_arizona_csbeta/arizona/at_wall01a_-40_-3704_-368.vmt,138,135
materials/maps/de_arizona_csbeta/arizona/at_wall01a_1056_-3664_-376.vmt,139,135
materials/maps/de_arizona_csbeta/arizona/at_wall01a_1064_-3784_-368.vmt,139,135
materials/maps/de_arizona_csbeta/arizona/at_wall01a_1080_-2352_-184.vmt,139,137
materials/maps/de_arizona_csbeta/arizona/at_wall01a_1184_-2416_-144.vmt,139,137
materials/maps/de_arizona_csbeta/arizona/at_wall01a_1264_-2592_-264.vmt,139,136
materials/maps/de_arizona_csbeta/arizona/at_wall01a_1312_-2336_-176.vmt,139,137
materials/maps/de_arizona_csbeta/arizona/at_wall01a_1552_-3672_-376.vmt,139,135
materials/maps/de_arizona_csbeta/arizona/at_wall01a_1640_-3680_-376.vmt,139,135
materials/maps/de_arizona_csbeta/arizona/at_wall01a_1664_-2432_-184.vmt,139,137
materials/maps/de_arizona_csbeta/arizona/at_wall01a_1744_-2328_-96.vmt,138,136
materials/maps/de_arizona_csbeta/arizona/at_wall01a_1896_-2328_-184.vmt,139,137
materials/maps/de_arizona_csbeta/arizona/at_wall01a_464_-2072_-336.vmt,138,136
materials/maps/de_arizona_csbeta/arizona/at_wall01a_480_-2096_-184.vmt,138,136
materials/maps/de_arizona_csbeta/arizona/at_wall01a_512_-3632_-376.vmt,138,134
materials/maps/de_arizona_csbeta/arizona/at_wall01a_56_-3584_-376.vmt,137,133
materials/maps/de_arizona_csbeta/arizona/at_wall01a_616_-3760_-376.vmt,138,133
materials/maps/de_arizona_csbeta/arizona/at_wall01a_656_-1944_-344.vmt,138,136
materials/maps/de_arizona_csbeta/arizona/at_wall01a_720_-2080_-184.vmt,138,135
materials/maps/de_arizona_csbeta/arizona/at_wall01a_864_-3632_-376.vmt,138,135
materials/maps/de_arizona_csbeta/arizona/at_wall01a_912_-2248_-184.vmt,138,136
materials/maps/de_arizona_csbeta/arizona/at_wall01b_-40_-3704_-368.vmt,138,135
materials/maps/de_arizona_csbeta/arizona/at_wall01b_1064_-3784_-368.vmt,139,135
materials/maps/de_arizona_csbeta/arizona/at_wall01b_1184_-2416_-144.vmt,139,137
materials/maps/de_arizona_csbeta/arizona/at_wall01b_1552_-3672_-376.vmt,139,135
materials/maps/de_arizona_csbeta/arizona/at_wall01b_1664_-2432_-184.vmt,139,137
materials/maps/de_arizona_csbeta/arizona/at_wall01b_480_-2096_-184.vmt,138,136
materials/maps/de_arizona_csbeta/arizona/at_wall01b_616_-3760_-376.vmt,138,133
materials/maps/de_arizona_csbeta/arizona/at_wall01b_912_-2248_-184.vmt,138,136
materials/maps/de_arizona_csbeta/arizona/at_wall01c_-318_-814_-652.vmt,138,136
materials/maps/de_arizona_csbeta/arizona/at_wall01c_-488_-984_-652.vmt,138,136
materials/maps/de_arizona_csbeta/arizona/at_wall01c_1408_-1312_-60.vmt,138,136
materials/maps/de_arizona_csbeta/arizona/at_wall01c_28_-2000_-160.vmt,137,133
materials/maps/de_arizona_csbeta/arizona/at_zapf01_-1392_24_-184.vmt,136,134
materials/maps/de_arizona_csbeta/arizona/at_zapf01_-1548_16_-136.vmt,136,134
materials/maps/de_arizona_csbeta/arizona/scroll_at_water_-176_-1000_-968.vmt,167,154
materials/maps/de_arizona_csbeta/arizona/scroll_at_water_-2024_-1040_-120.vmt,168,154
materials/maps/de_arizona_csbeta/arizona/scroll_at_water_-240_-2704_-968.vmt,167,154
materials/maps/de_arizona_csbeta/arizona/scroll_at_water_-288_-992_-968.vmt,166,152
materials/maps/de_arizona_csbeta/arizona/scroll_at_water_-352_352_-968.vmt,165,151
materials/maps/de_arizona_csbeta/arizona/scroll_at_water_-464_-768_-968.vmt,166,152
materials/maps/de_arizona_csbeta/arizona/scroll_at_water_-528_256_-968.vmt,165,153
materials/maps/de_arizona_csbeta/arizona/scroll_at_water_-592_184_-968.vmt,165,153
materials/maps/de_arizona_csbeta/arizona/scroll_at_water_-624_-192_-968.vmt,166,153
materials/maps/de_arizona_csbeta/arizona/scroll_at_water_120_-1072_-968.vmt,166,153
materials/maps/de_arizona_csbeta/arizona/scroll_at_water_128_-2128_-968.vmt,166,151
materials/maps/de_arizona_csbeta/arizona/scroll_at_water_160_-1584_-968.vmt,166,153
materials/maps/de_arizona_csbeta/arizona/scroll_at_water_176_-1152_-968.vmt,166,154
materials/maps/de_arizona_csbeta/arizona/scroll_at_water_248_-2528_-968.vmt,166,153
materials/maps/de_arizona_csbeta/arizona/scroll_at_water_72_-2704_-968.vmt,165,153
materials/maps/de_arizona_csbeta/arizona/{at_bars01_-160_-2088_-184.vmt,139,137
materials/maps/de_arizona_csbeta/arizona/{at_bars01_0_-2224_-328.vmt,136,134
materials/maps/de_arizona_csbeta/arizona/{at_bars01_192_-2000_-160.vmt,138,136
materials/maps/de_arizona_csbeta/arizona/{at_bars01_192_-2088_-184.vmt,138,137
materials/maps/de_arizona_csbeta/arizona/{at_bars01_192_-2172_-160.vmt,138,136
materials/maps/de_arizona_csbeta/arizona/{at_bars01_464_-2072_-336.vmt,138,137
materials/maps/de_arizona_csbeta/arizona/{at_bars01_480_-2096_-184.vmt,138,137
materials/maps/de_arizona_csbeta/arizona/{at_bars02_128_-2128_-968.vmt,138,134
materials/maps/de_arizona_csbeta/arizona/{at_bars02_192_-2088_-324.vmt,138,137
materials/maps/de_arizona_csbeta/arizona/{at_bars02_464_-2072_-336.vmt,138,137
materials/maps/de_arizona_csbeta/arizona/{at_cargrill_1512_-2336_-176.vmt,141,138
materials/maps/de_arizona_csbeta/arizona/{at_cargrill_1648_-2328_-120.vmt,141,138
materials/maps/de_arizona_csbeta/arizona/{at_cargrill_1664_-2432_-184.vmt,141,138
materials/maps/de_arizona_csbeta/arizona/{at_cargrill_768_-3624_-312.vmt,140,136
materials/maps/de_arizona_csbeta/arizona/{at_cargrill_864_-3632_-376.vmt,140,136
materials/maps/de_arizona_csbeta/arizona/{at_fence02_-1096_-1088_-652.vmt,141,137
materials/maps/de_arizona_csbeta/arizona/{at_fence02_-1216_-1088_-652.vmt,141,138
materials/maps/de_arizona_csbeta/arizona/{at_fence02_-1600_8_-184.vmt,137,136
materials/maps/de_arizona_csbeta/arizona/{at_fence02_-2024_-1040_-120.vmt,141,137
materials/maps/de_arizona_csbeta/arizona/{at_fence02_1280_-1504_-48.vmt,139,136
materials/maps/de_arizona_csbeta/arizona/{at_fence02_1408_-1312_-144.vmt,140,138
materials/maps/de_arizona_csbeta/arizona/{at_fence02_1408_-1312_-60.vmt,139,136
materials/maps/de_arizona_csbeta/arizona/{at_fence02_848_-1584_-184.vmt,139,135
materials/maps/de_arizona_csbeta/arizona/{at_fence02_888_-1696_-184.vmt,139,137
materials/maps/de_arizona_csbeta/arizona/{at_fence02_944_-1552_-184.vmt,139,135
materials/maps/de_arizona_csbeta/arizona/{at_ladder01_-1036_-1184_-432.vmt,142,140
materials/maps/de_arizona_csbeta/arizona/{at_ladder01_0_-2224_-328.vmt,138,136
materials/maps/de_arizona_csbeta/arizona/{at_ladder01_1408_-1312_-352.vmt,141,138
materials/maps/de_arizona_csbeta/arizona/{at_ladder01_28_-2088_-324.vmt,139,137
materials/maps/de_arizona_csbeta/arizona/{at_lp01_-1168_768_-184.vmt,136,133
materials/maps/de_arizona_csbeta/arizona/{at_lp01_-1424_784_-184.vmt,136,134
materials/maps/de_arizona_csbeta/arizona/{at_lp01_-16_-3392_-376.vmt,136,134
materials/maps/de_arizona_csbeta/arizona/{at_lp01_-1920_-336_-40.vmt,136,134
materials/maps/de_arizona_csbeta/arizona/{at_lp01_-1984_0_-72.vmt,133,131
materials/maps/de_arizona_csbeta/arizona/{at_lp01_-2000_-432_-88.vmt,136,134
materials/maps/de_arizona_csbeta/arizona/{at_lp01_-2024_-1040_-120.vmt,138,135
materials/maps/de_arizona_csbeta/arizona/{at_lp01_-2072_-544_-120.vmt,137,135
materials/maps/de_arizona_csbeta/arizona/{at_lp01_-240_-2704_-968.vmt,137,135
materials/maps/de_arizona_csbeta/arizona/{at_lp01_-40_-3704_-368.vmt,136,134
materials/maps/de_arizona_csbeta/arizona/{at_lp01_-768_744_-184.vmt,135,133
materials/maps/de_arizona_csbeta/arizona/{at_lp01_-953_-1916_-184.vmt,137,133
materials/maps/de_arizona_csbeta/arizona/{at_lp01_1064_-3784_-368.vmt,137,132
materials/maps/de_arizona_csbeta/arizona/{at_lp01_1312_-3664_-360.vmt,137,132
materials/maps/de_arizona_csbeta/arizona/{at_lp01_1456_-1488_-200.vmt,137,134
materials/maps/de_arizona_csbeta/arizona/{at_lp01_1504_-1952_-184.vmt,137,133
materials/maps/de_arizona_csbeta/arizona/{at_lp01_1552_-2080_-184.vmt,137,134
materials/maps/de_arizona_csbeta/arizona/{at_lp01_1896_-2328_-184.vmt,137,135
materials/maps/de_arizona_csbeta/arizona/{at_lp01_2120_-2592_-184.vmt,137,134
materials/maps/de_arizona_csbeta/arizona/{at_lp01_2168_-2312_-176.vmt,137,134
materials/maps/de_arizona_csbeta/arizona/{at_lp01_616_-3760_-376.vmt,136,132
materials/maps/de_arizona_csbeta/arizona/{at_sh01_-1488_-424_-184.vmt,137,134
materials/maps/de_arizona_csbeta/arizona/{at_sh01_-2000_-432_-88.vmt,136,134
materials/maps/de_arizona_csbeta/arizona/{at_sh01_-2016_-728_-120.vmt,137,134
materials/maps/de_arizona_csbeta/arizona/{at_sh01_-2024_-1040_-120.vmt,138,135
materials/maps/de_arizona_csbeta/arizona/{at_sh01_-2064_-560_-56.vmt,136,132
materials/maps/de_arizona_csbeta/arizona/{at_sh01_-2072_-544_-120.vmt,137,135
materials/maps/de_arizona_csbeta/arizona/{at_sh02_-1168_768_-184.vmt,136,133
materials/maps/de_arizona_csbeta/arizona/{at_sh02_-1424_784_-184.vmt,136,134
materials/maps/de_arizona_csbeta/arizona/{at_sh02_-2024_-1040_-120.vmt,138,135
materials/maps/de_arizona_csbeta/arizona/{at_sh02_-592_184_-968.vmt,135,133
materials/maps/de_arizona_csbeta/arizona/{at_sh03_-16_-3392_-376.vmt,136,134
materials/maps/de_arizona_csbeta/arizona/{at_sh03_-2024_-1040_-120.vmt,138,135
materials/maps/de_arizona_csbeta/arizona/{at_sh03_-40_-3704_-368.vmt,136,134
materials/maps/de_arizona_csbeta/arizona/{at_sh03_200_-3664_-376.vmt,136,133
materials/maps/de_arizona_csbeta/arizona/{at_sh03_56_-3584_-376.vmt,135,132
materials/maps/de_arizona_csbeta/arizona/{at_sh04_-2024_-1040_-120.vmt,138,135
materials/maps/de_arizona_csbeta/arizona/{at_sh04_1896_-2328_-184.vmt,137,135
materials/maps/de_arizona_csbeta/arizona/{at_sh04_2064_-2400_-184.vmt,137,134
materials/maps/de_arizona_csbeta/arizona/{at_sh04_2120_-2592_-184.vmt,137,134
materials/maps/de_arizona_csbeta/arizona/{at_sh04_2168_-2312_-176.vmt,137,134
materials/maps/de_arizona_csbeta/c-1000_-432_-184.hdr.vtf,76528,128
materials/maps/de_arizona_csbeta/c-1000_-432_-184.vtf,4968,3059
materials/maps/de_arizona_csbeta/c-1036_-1184_-304.hdr.vtf,76528,128
materials/maps/de_arizona_csbeta/c-1036_-1184_-304.vtf,4968,3816
materials/maps/de_arizona_csbeta/c-1036_-1184_-432.hdr.vtf,76528,128
materials/maps/de_arizona_csbeta/c-1036_-1184_-432.vtf,4968,3488
materials/maps/de_arizona_csbeta/c-1036_-1184_-560.hdr.vtf,76528,128
materials/maps/de_arizona_csbeta/c-1036_-1184_-560.vtf,4968,4008
materials/maps/de_arizona_csbeta/c-1048_-576_-184.hdr.vtf,76528,128
materials/maps/de_arizona_csbeta/c-1048_-576_-184.vtf,4968,3437
materials/maps/de_arizona_csbeta/c-1072_-1120_-184.hdr.vtf,76528,128
materials/maps/de_arizona_csbeta/c-1072_-1120_-184.vtf,4968,4255
materials/maps/de_arizona_csbeta/c-1072_-1184_-184.hdr.vtf,76528,128
materials/maps/de_arizona_csbeta/c-1072_-1184_-184.vtf,4968,4037
materials/maps/de_arizona_csbeta/c-1072_-1248_-184.hdr.vtf,76528,128
materials/maps/de_arizona_csbeta/c-1072_-1248_-184.vtf,4968,4226
materials/maps/de_arizona_csbeta/c-1096_-1088_-652.hdr.vtf,76528,128
materials/maps/de_arizona_csbeta/c-1096_-1088_-652.vtf,4968,3735
materials/maps/de_arizona_csbeta/c-1148_-1721_-184.hdr.vtf,76528,128
materials/maps/de_arizona_csbeta/c-1148_-1721_-184.vtf,4968,4017
materials/maps/de_arizona_csbeta/c-1152_-192_-184.hdr.vtf,76528,128
materials/maps/de_arizona_csbeta/c-1152_-192_-184.vtf,4968,3877
materials/maps/de_arizona_csbeta/c-1168_-592_-184.hdr.vtf,76528,128
materials/maps/de_arizona_csbeta/c-1168_-592_-184.vtf,4968,4278
materials/maps/de_arizona_csbeta/c-1168_768_-184.hdr.vtf,76528,128
materials/maps/de_arizona_csbeta/c-1168_768_-184.vtf,4968,4421
materials/maps/de_arizona_csbeta/c-1184_-384_-184.hdr.vtf,76528,128
materials/maps/de_arizona_csbeta/c-1184_-384_-184.vtf,4968,4432
materials/maps/de_arizona_csbeta/c-1184_592_-184.hdr.vtf,76528,128
materials/maps/de_arizona_csbeta/c-1184_592_-184.vtf,4968,4455
materials/maps/de_arizona_csbeta/c-1200_-16_-184.hdr.vtf,76528,128
materials/maps/de_arizona_csbeta/c-1200_-16_-184.vtf,4968,4399
materials/maps/de_arizona_csbeta/c-1216_-1088_-652.hdr.vtf,76528,128
materials/maps/de_arizona_csbeta/c-1216_-1088_-652.vtf,4968,3355
materials/maps/de_arizona_csbeta/c-1216_-1184_-184.hdr.vtf,76528,128
materials/maps/de_arizona_csbeta/c-1216_-1184_-184.vtf,4968,3945
materials/maps/de_arizona_csbeta/c-1216_-1248_-652.hdr.vtf,76528,128
materials/maps/de_arizona_csbeta/c-1216_-1248_-652.vtf,4968,1860
materials/maps/de_arizona_csbeta/c-1216_296_-184.hdr.vtf,76528,128
materials/maps/de_arizona_csbeta/c-1216_296_-184.vtf,4968,4450
materials/maps/de_arizona_csbeta/c-1247_-1483_-184.hdr.vtf,76528,128
materials/maps/de_arizona_csbeta/c-1247_-1483_-184.vtf,4968,3988
materials/maps/de_arizona_csbeta/c-1264_-184_-184.hdr.vtf,76528,128
materials/maps/de_arizona_csbeta/c-1264_-184_-184.vtf,4968,4486
materials/maps/de_arizona_csbeta/c-128_-1488_-264.hdr.vtf,76528,128
materials/maps/de_arizona_csbeta/c-128_-1488_-264.vtf,4968,2830
materials/maps/de_arizona_csbeta/c-1312_-656_-184.hdr.vtf,76528,128
materials/maps/de_arizona_csbeta/c-1312_-656_-184.vtf,4968,4361
materials/maps/de_arizona_csbeta/c-1320_-1184_-184.hdr.vtf,76528,128
materials/maps/de_arizona_csbeta/c-1320_-1184_-184.vtf,4968,3976
materials/maps/de_arizona_csbeta/c-1320_-928_-184.hdr.vtf,76528,128
materials/maps/de_arizona_csbeta/c-1320_-928_-184.vtf,4968,4024
materials/maps/de_arizona_csbeta/c-1328_-352_-184.hdr.vtf,76528,128
materials/maps/de_arizona_csbeta/c-1328_-352_-184.vtf,4968,4382
materials/maps/de_arizona_csbeta/c-1328_-512_-184.hdr.vtf,76528,128
materials/maps/de_arizona_csbeta/c-1328_-512_-184.vtf,4968,4349
materials/maps/de_arizona_csbeta/c-1328_488_-184.hdr.vtf,76528,128
materials/maps/de_arizona_csbeta/c-1328_488_-184.vtf,4968,4378
materials/maps/de_arizona_csbeta/c-1328_656_-184.hdr.vtf,76528,128
materials/maps/de_arizona_csbeta/c-1328_656_-184.vtf,4968,4426
materials/maps/de_arizona_csbeta/c-132_-768_-652.hdr.vtf,76528,128
materials/maps/de_arizona_csbeta/c-132_-768_-652.vtf,4968,3439
materials/maps/de_arizona_csbeta/c-1368_-120_-8.hdr.vtf,76528,128
materials/maps/de_arizona_csbeta/c-1368_-120_-8.vtf,4968,4509
materials/maps/de_arizona_csbeta/c-1368_152_-8.hdr.vtf,76528,128
materials/maps/de_arizona_csbeta/c-1368_152_-8.vtf,4968,4484
materials/maps/de_arizona_csbeta/c-1368_16_-8.hdr.vtf,76528,128
materials/maps/de_arizona_csbeta/c-1368_16_-8.vtf,4968,4447
materials/maps/de_arizona_csbeta/c-1376_192_-184.hdr.vtf,76528,128
materials/maps/de_arizona_csbeta/c-1376_192_-184.vtf,4968,4446
materials/maps/de_arizona_csbeta/c-1392_24_-184.hdr.vtf,76528,128
materials/maps/de_arizona_csbeta/c-1392_24_-184.vtf,4968,4299
materials/maps/de_arizona_csbeta/c-1424_784_-184.hdr.vtf,76528,128
materials/maps/de_arizona_csbeta/c-1424_784_-184.vtf,4968,4534
materials/maps/de_arizona_csbeta/c-1448_-1184_-152.hdr.vtf,76528,128
materials/maps/de_arizona_csbeta/c-1448_-1184_-152.vtf,4968,3794
materials/maps/de_arizona_csbeta/c-1472_-496_-64.hdr.vtf,76528,128
materials/maps/de_arizona_csbeta/c-1472_-496_-64.vtf,4968,4513
materials/maps/de_arizona_csbeta/c-1480_680_-88.hdr.vtf,76528,128
materials/maps/de_arizona_csbeta/c-1480_680_-88.vtf,4968,4492
materials/maps/de_arizona_csbeta/c-1488_-424_-184.hdr.vtf,76528,128
materials/maps/de_arizona_csbeta/c-1488_-424_-184.vtf,4968,4404
materials/maps/de_arizona_csbeta/c-1548_-120_-8.hdr.vtf,76528,128
materials/maps/de_arizona_csbeta/c-1548_-120_-8.vtf,4968,4494
materials/maps/de_arizona_csbeta/c-1548_152_-8.hdr.vtf,76528,128
materials/maps/de_arizona_csbeta/c-1548_152_-8.vtf,4968,4488
materials/maps/de_arizona_csbeta/c-1548_16_-136.hdr.vtf,76528,128
materials/maps/de_arizona_csbeta/c-1548_16_-136.vtf,4968,4256
materials/maps/de_arizona_csbeta/c-1548_16_-8.hdr.vtf,76528,128
materials/maps/de_arizona_csbeta/c-1548_16_-8.vtf,4968,4391
materials/maps/de_arizona_csbeta/c-1552_-224_-184.hdr.vtf,76528,128
materials/maps/de_arizona_csbeta/c-1552_-224_-184.vtf,4968,4450
materials/maps/de_arizona_csbeta/c-1568_240_-184.hdr.vtf,76528,128
materials/maps/de_arizona_csbeta/c-1568_240_-184.vtf,4968,4510
materials/maps/de_arizona_csbeta/c-1568_416_-184.hdr.vtf,76528,128
materials/maps/de_arizona_csbeta/c-1568_416_-184.vtf,4968,4293
materials/maps/de_arizona_csbeta/c-1592_-340_-40.hdr.vtf,76528,128
materials/maps/de_arizona_csbeta/c-1592_-340_-40.vtf,4968,4553
materials/maps/de_arizona_csbeta/c-1592_-632_-168.hdr.vtf,76528,128
materials/maps/de_arizona_csbeta/c-1592_-632_-168.vtf,4968,4358
materials/maps/de_arizona_csbeta/c-1600_304_-136.hdr.vtf,76528,128
materials/maps/de_arizona_csbeta/c-1600_304_-136.vtf,4968,4515
materials/maps/de_arizona_csbeta/c-1600_8_-184.hdr.vtf,76528,128
materials/maps/de_arizona_csbeta/c-1600_8_-184.vtf,4968,4269
materials/maps/de_arizona_csbeta/c-160_-2088_-184.hdr.vtf,76528,128
materials/maps/de_arizona_csbeta/c-160_-2088_-184.vtf,4968,4131
materials/maps/de_arizona_csbeta/c-1688_96_-182.hdr.vtf,76528,128
materials/maps/de_arizona_csbeta/c-1688_96_-182.vtf,4968,4189
materials/maps/de_arizona_csbeta/c-1696_-160_-40.hdr.vtf,76528,128
materials/maps/de_arizona_csbeta/c-1696_-160_-40.vtf,4968,4522
materials/maps/de_arizona_csbeta/c-1696_192_-40.hdr.vtf,76528,128
materials/maps/de_arizona_csbeta/c-1696_192_-40.vtf,4968,4520
materials/maps/de_arizona_csbeta/c-16_-3392_-376.hdr.vtf,76528,128
materials/maps/de_arizona_csbeta/c-16_-3392_-376.vtf,4968,4387
materials/maps/de_arizona_csbeta/c-1728_-120_-8.hdr.vtf,76528,128
materials/maps/de_arizona_csbeta/c-1728_-120_-8.vtf,4968,4490
materials/maps/de_arizona_csbeta/c-1728_152_-8.hdr.vtf,76528,128
materials/maps/de_arizona_csbeta/c-1728_152_-8.vtf,4968,4529
materials/maps/de_arizona_csbeta/c-1728_16_-8.hdr.vtf,76528,128
materials/maps/de_arizona_csbeta/c-1728_16_-8.vtf,4968,4409
materials/maps/de_arizona_csbeta/c-1736_-340_-40.hdr.vtf,76528,128
materials/maps/de_arizona_csbeta/c-1736_-340_-40.vtf,4968,4489
materials/maps/de_arizona_csbeta/c-1736_-424_-112.hdr.vtf,76528,128
materials/maps/de_arizona_csbeta/c-1736_-424_-112.vtf,4968,4351
materials/maps/de_arizona_csbeta/c-1764_236_-96.hdr.vtf,76528,128
materials/maps/de_arizona_csbeta/c-1764_236_-96.vtf,4968,4437
materials/maps/de_arizona_csbeta/c-176_-1000_-968.hdr.vtf,76528,128
materials/maps/de_arizona_csbeta/c-176_-1000_-968.vtf,19304,12692
materials/maps/de_arizona_csbeta/c-1792_-160_-40.hdr.vtf,76528,128
materials/maps/de_arizona_csbeta/c-1792_-160_-40.vtf,4968,4540
materials/maps/de_arizona_csbeta/c-1792_16_-40.hdr.vtf,76528,128
materials/maps/de_arizona_csbeta/c-1792_16_-40.vtf,4968,4461
materials/maps/de_arizona_csbeta/c-1792_192_-40.hdr.vtf,76528,128
materials/maps/de_arizona_csbeta/c-1792_192_-40.vtf,4968,4526
materials/maps/de_arizona_csbeta/c-1792_312_-184.hdr.vtf,76528,128
materials/maps/de_arizona_csbeta/c-1792_312_-184.vtf,4968,4145
materials/maps/de_arizona_csbeta/c-1816_-624_-128.hdr.vtf,76528,128
materials/maps/de_arizona_csbeta/c-1816_-624_-128.vtf,4968,4404
materials/maps/de_arizona_csbeta/c-1824_-248_-144.hdr.vtf,76528,128
materials/maps/de_arizona_csbeta/c-1824_-248_-144.vtf,4968,4284
materials/maps/de_arizona_csbeta/c-1864_232_-176.hdr.vtf,76528,128
materials/maps/de_arizona_csbeta/c-1864_232_-176.vtf,4968,3930
materials/maps/de_arizona_csbeta/c-1896_-752_-120.hdr.vtf,76528,128
materials/maps/de_arizona_csbeta/c-1896_-752_-120.vtf,4968,4468
materials/maps/de_arizona_csbeta/c-1920_-160_-40.hdr.vtf,76528,128
materials/maps/de_arizona_csbeta/c-1920_-160_-40.vtf,4968,4428
materials/maps/de_arizona_csbeta/c-1920_-336_-40.hdr.vtf,76528,128
materials/maps/de_arizona_csbeta/c-1920_-336_-40.vtf,4968,4438
materials/maps/de_arizona_csbeta/c-1920_16_-40.hdr.vtf,76528,128
materials/maps/de_arizona_csbeta/c-1920_16_-40.vtf,4968,4421
materials/maps/de_arizona_csbeta/c-1920_192_-40.hdr.vtf,76528,128
materials/maps/de_arizona_csbeta/c-1920_192_-40.vtf,4968,4456
materials/maps/de_arizona_csbeta/c-192_-1184_-264.hdr.vtf,76528,128
materials/maps/de_arizona_csbeta/c-192_-1184_-264.vtf,4968,3806
materials/maps/de_arizona_csbeta/c-1984_-248_-72.hdr.vtf,76528,128
materials/maps/de_arizona_csbeta/c-1984_-248_-72.vtf,4968,4500
materials/maps/de_arizona_csbeta/c-1984_0_-72.hdr.vtf,76528,128
materials/maps/de_arizona_csbeta/c-1984_0_-72.vtf,4968,4415
materials/maps/de_arizona_csbeta/c-1984_288_-72.hdr.vtf,76528,128
materials/maps/de_arizona_csbeta/c-1984_288_-72.vtf,4968,4470
materials/maps/de_arizona_csbeta/c-1984_448_16.hdr.vtf,76528,128
materials/maps/de_arizona_csbeta/c-1984_448_16.vtf,4968,4561
materials/maps/de_arizona_csbeta/c-2000_-432_-88.hdr.vtf,76528,128
materials/maps/de_arizona_csbeta/c-2000_-432_-88.vtf,4968,4479
materials/maps/de_arizona_csbeta/c-2016_-728_-120.hdr.vtf,76528,128
materials/maps/de_arizona_csbeta/c-2016_-728_-120.vtf,4968,4489
materials/maps/de_arizona_csbeta/c-2024_-1040_-120.hdr.vtf,76528,128
materials/maps/de_arizona_csbeta/c-2024_-1040_-120.vtf,4968,4405
materials/maps/de_arizona_csbeta/c-2064_-560_-56.hdr.vtf,76528,128
materials/maps/de_arizona_csbeta/c-2064_-560_-56.vtf,4968,4590
materials/maps/de_arizona_csbeta/c-2072_-544_-120.hdr.vtf,76528,128
materials/maps/de_arizona_csbeta/c-2072_-544_-120.vtf,4968,4602
materials/maps/de_arizona_csbeta/c-208_-1232_-264.hdr.vtf,76528,128
materials/maps/de_arizona_csbeta/c-208_-1232_-264.vtf,4968,3456
materials/maps/de_arizona_csbeta/c-208_-1408_-264.hdr.vtf,76528,128
materials/maps/de_arizona_csbeta/c-208_-1408_-264.vtf,4968,2805
materials/maps/de_arizona_csbeta/c-240_-168_-184.hdr.vtf,76528,128
materials/maps/de_arizona_csbeta/c-240_-168_-184.vtf,4968,4073
materials/maps/de_arizona_csbeta/c-240_-2704_-968.hdr.vtf,76528,128
materials/maps/de_arizona_csbeta/c-240_-2704_-968.vtf,19304,7675
materials/maps/de_arizona_csbeta/c-240_344_-968.hdr.vtf,76528,128
materials/maps/de_arizona_csbeta/c-240_344_-968.vtf,19304,11230
materials/maps/de_arizona_csbeta/c-288_-80_-184.hdr.vtf,76528,128
materials/maps/de_arizona_csbeta/c-288_-80_-184.vtf,4968,4064
materials/maps/de_arizona_csbeta/c-288_-992_-968.hdr.vtf,76528,128
materials/maps/de_arizona_csbeta/c-288_-992_-968.vtf,19304,11944
materials/maps/de_arizona_csbeta/c-296_-304_-184.hdr.vtf,76528,128
materials/maps/de_arizona_csbeta/c-296_-304_-184.vtf,4968,4214
materials/maps/de_arizona_csbeta/c-318_-814_-652.hdr.vtf,76528,128
materials/maps/de_arizona_csbeta/c-318_-814_-652.vtf,4968,3478
materials/maps/de_arizona_csbeta/c-328_-1136_-264.hdr.vtf,76528,128
materials/maps/de_arizona_csbeta/c-328_-1136_-264.vtf,4968,3904
materials/maps/de_arizona_csbeta/c-336_-832_-540.hdr.vtf,76528,128
materials/maps/de_arizona_csbeta/c-336_-832_-540.vtf,4968,3985
materials/maps/de_arizona_csbeta/c-352_352_-968.hdr.vtf,76528,128
materials/maps/de_arizona_csbeta/c-352_352_-968.vtf,19304,9837
materials/maps/de_arizona_csbeta/c-376_-864_-968.hdr.vtf,76528,128
materials/maps/de_arizona_csbeta/c-376_-864_-968.vtf,19304,11294
materials/maps/de_arizona_csbeta/c-392_-216_-192.hdr.vtf,76528,128
materials/maps/de_arizona_csbeta/c-392_-216_-192.vtf,4968,4195
materials/maps/de_arizona_csbeta/c-40_-3704_-368.hdr.vtf,76528,128
materials/maps/de_arizona_csbeta/c-40_-3704_-368.vtf,4968,4538
materials/maps/de_arizona_csbeta/c-416_-1984_-184.hdr.vtf,76528,128
materials/maps/de_arizona_csbeta/c-416_-1984_-184.vtf,4968,3735
materials/maps/de_arizona_csbeta/c-416_-2088_-184.hdr.vtf,76528,128
materials/maps/de_arizona_csbeta/c-416_-2088_-184.vtf,4968,3959
materials/maps/de_arizona_csbeta/c-416_-2208_-152.hdr.vtf,76528,128
materials/maps/de_arizona_csbeta/c-416_-2208_-152.vtf,4968,3853
materials/maps/de_arizona_csbeta/c-416_-912_-540.hdr.vtf,76528,128
materials/maps/de_arizona_csbeta/c-416_-912_-540.vtf,4968,3967
materials/maps/de_arizona_csbeta/c-448_-1088_-264.hdr.vtf,76528,128
materials/maps/de_arizona_csbeta/c-448_-1088_-264.vtf,4968,3871
materials/maps/de_arizona_csbeta/c-448_-944_-968.hdr.vtf,76528,128
materials/maps/de_arizona_csbeta/c-448_-944_-968.vtf,19304,12416
materials/maps/de_arizona_csbeta/c-448_336_-968.hdr.vtf,76528,128
materials/maps/de_arizona_csbeta/c-448_336_-968.vtf,19304,9955
materials/maps/de_arizona_csbeta/c-464_-768_-968.hdr.vtf,76528,128
materials/maps/de_arizona_csbeta/c-464_-768_-968.vtf,19304,11178
materials/maps/de_arizona_csbeta/c-480_-984_-540.hdr.vtf,76528,128
materials/maps/de_arizona_csbeta/c-480_-984_-540.vtf,4968,3884
materials/maps/de_arizona_csbeta/c-488_-984_-652.hdr.vtf,76528,128
materials/maps/de_arizona_csbeta/c-488_-984_-652.vtf,4968,3497
materials/maps/de_arizona_csbeta/c-48_-992_-968.hdr.vtf,76528,128
materials/maps/de_arizona_csbeta/c-48_-992_-968.vtf,19304,12965
materials/maps/de_arizona_csbeta/c-512_-624_-968.hdr.vtf,76528,128
materials/maps/de_arizona_csbeta/c-512_-624_-968.vtf,19304,11055
materials/maps/de_arizona_csbeta/c-528_-792_-968.hdr.vtf,76528,128
materials/maps/de_arizona_csbeta/c-528_-792_-968.vtf,19304,11325
materials/maps/de_arizona_csbeta/c-528_256_-968.hdr.vtf,76528,128
materials/maps/de_arizona_csbeta/c-528_256_-968.vtf,19304,9535
materials/maps/de_arizona_csbeta/c-536_-216_-200.hdr.vtf,76528,128
materials/maps/de_arizona_csbeta/c-536_-216_-200.vtf,4968,4204
materials/maps/de_arizona_csbeta/c-544_-496_-968.hdr.vtf,76528,128
materials/maps/de_arizona_csbeta/c-544_-496_-968.vtf,19304,11180
materials/maps/de_arizona_csbeta/c-552_-1048_-652.hdr.vtf,76528,128
materials/maps/de_arizona_csbeta/c-552_-1048_-652.vtf,4968,3330
materials/maps/de_arizona_csbeta/c-552_-360_-968.hdr.vtf,76528,128
materials/maps/de_arizona_csbeta/c-552_-360_-968.vtf,19304,11599
materials/maps/de_arizona_csbeta/c-560_-208_-968.hdr.vtf,76528,128
materials/maps/de_arizona_csbeta/c-560_-208_-968.vtf,19304,11598
materials/maps/de_arizona_csbeta/c-560_-976_-264.hdr.vtf,76528,128
materials/maps/de_arizona_csbeta/c-560_-976_-264.vtf,4968,3863
materials/maps/de_arizona_csbeta/c-56_-176_-184.hdr.vtf,76528,128
materials/maps/de_arizona_csbeta/c-56_-176_-184.vtf,4968,3956
materials/maps/de_arizona_csbeta/c-576_-648_-968.hdr.vtf,76528,128
materials/maps/de_arizona_csbeta/c-576_-648_-968.vtf,19304,11259
materials/maps/de_arizona_csbeta/c-592_184_-968.hdr.vtf,76528,128
materials/maps/de_arizona_csbeta/c-592_184_-968.vtf,19304,10228
materials/maps/de_arizona_csbeta/c-604_-68_-968.hdr.vtf,76528,128
materials/maps/de_arizona_csbeta/c-604_-68_-968.vtf,19304,11364
materials/maps/de_arizona_csbeta/c-608_32_-968.hdr.vtf,76528,128
materials/maps/de_arizona_csbeta/c-608_32_-968.vtf,19304,12022
materials/maps/de_arizona_csbeta/c-616_-864_-248.hdr.vtf,76528,128
materials/maps/de_arizona_csbeta/c-616_-864_-248.vtf,4968,3896
materials/maps/de_arizona_csbeta/c-616_128_-968.hdr.vtf,76528,128
materials/maps/de_arizona_csbeta/c-616_128_-968.vtf,19304,11043
materials/maps/de_arizona_csbeta/c-624_-192_-968.hdr.vtf,76528,128
materials/maps/de_arizona_csbeta/c-624_-192_-968.vtf,19304,11589
materials/maps/de_arizona_csbeta/c-624_-336_-968.hdr.vtf,76528,128
materials/maps/de_arizona_csbeta/c-624_-336_-968.vtf,19304,11586
materials/maps/de_arizona_csbeta/c-624_-480_-968.hdr.vtf,76528,128
materials/maps/de_arizona_csbeta/c-624_-480_-968.vtf,19304,11453
materials/maps/de_arizona_csbeta/c-64_-2704_-968.hdr.vtf,76528,128
materials/maps/de_arizona_csbeta/c-64_-2704_-968.vtf,19304,9002
materials/maps/de_arizona_csbeta/c-664_-1088_-652.hdr.vtf,76528,128
materials/maps/de_arizona_csbeta/c-664_-1088_-652.vtf,4968,3640
materials/maps/de_arizona_csbeta/c-664_-712_-216.hdr.vtf,76528,128
materials/maps/de_arizona_csbeta/c-664_-712_-216.vtf,4968,3980
materials/maps/de_arizona_csbeta/c-696_-216_-192.hdr.vtf,76528,128
materials/maps/de_arizona_csbeta/c-696_-216_-192.vtf,4968,4178
materials/maps/de_arizona_csbeta/c-716_-2014_-184.hdr.vtf,76528,128
materials/maps/de_arizona_csbeta/c-716_-2014_-184.vtf,4968,3935
materials/maps/de_arizona_csbeta/c-720_-544_-184.hdr.vtf,76528,128
materials/maps/de_arizona_csbeta/c-720_-544_-184.vtf,4968,4047
materials/maps/de_arizona_csbeta/c-768_-64_-184.hdr.vtf,76528,128
materials/maps/de_arizona_csbeta/c-768_-64_-184.vtf,4968,4097
materials/maps/de_arizona_csbeta/c-768_744_-184.hdr.vtf,76528,128
materials/maps/de_arizona_csbeta/c-768_744_-184.vtf,4968,4391
materials/maps/de_arizona_csbeta/c-776_-384_-184.hdr.vtf,76528,128
materials/maps/de_arizona_csbeta/c-776_-384_-184.vtf,4968,4120
materials/maps/de_arizona_csbeta/c-800_-1216_-648.hdr.vtf,76528,128
materials/maps/de_arizona_csbeta/c-800_-1216_-648.vtf,4968,4377
materials/maps/de_arizona_csbeta/c-816_-216_-184.hdr.vtf,76528,128
materials/maps/de_arizona_csbeta/c-816_-216_-184.vtf,4968,4052
materials/maps/de_arizona_csbeta/c-880_-1088_-652.hdr.vtf,76528,128
materials/maps/de_arizona_csbeta/c-880_-1088_-652.vtf,4968,4043
materials/maps/de_arizona_csbeta/c-880_-1152_-632.hdr.vtf,76528,128
materials/maps/de_arizona_csbeta/c-880_-1152_-632.vtf,4968,4190
materials/maps/de_arizona_csbeta/c-880_-400_-184.hdr.vtf,76528,128
materials/maps/de_arizona_csbeta/c-880_-400_-184.vtf,4968,3841
materials/maps/de_arizona_csbeta/c-888_-1216_-648.hdr.vtf,76528,128
materials/maps/de_arizona_csbeta/c-888_-1216_-648.vtf,4968,4388
materials/maps/de_arizona_csbeta/c-8_-1936_-328.hdr.vtf,76528,128
materials/maps/de_arizona_csbeta/c-8_-1936_-328.vtf,4968,3851
materials/maps/de_arizona_csbeta/c-953_-1916_-184.hdr.vtf,76528,128
materials/maps/de_arizona_csbeta/c-953_-1916_-184.vtf,4968,3942
materials/maps/de_arizona_csbeta/c-976_-1216_-648.hdr.vtf,76528,128
materials/maps/de_arizona_csbeta/c-976_-1216_-648.vtf,4968,4421
materials/maps/de_arizona_csbeta/c0_-1800_-320.hdr.vtf,76528,128
materials/maps/de_arizona_csbeta/c0_-1800_-320.vtf,4968,3910
materials/maps/de_arizona_csbeta/c0_-2224_-328.hdr.vtf,76528,128
materials/maps/de_arizona_csbeta/c0_-2224_-328.vtf,4968,3809
materials/maps/de_arizona_csbeta/c1024_-2536_-344.hdr.vtf,76528,128
materials/maps/de_arizona_csbeta/c1024_-2536_-344.vtf,4968,4029
materials/maps/de_arizona_csbeta/c1024_-2704_-376.hdr.vtf,76528,128
materials/maps/de_arizona_csbeta/c1024_-2704_-376.vtf,4968,3723
materials/maps/de_arizona_csbeta/c1024_-3072_-408.hdr.vtf,76528,128
materials/maps/de_arizona_csbeta/c1024_-3072_-408.vtf,4968,4240
materials/maps/de_arizona_csbeta/c1032_-2888_-400.hdr.vtf,76528,128
materials/maps/de_arizona_csbeta/c1032_-2888_-400.vtf,4968,4094
materials/maps/de_arizona_csbeta/c1032_-3000_-408.hdr.vtf,76528,128
materials/maps/de_arizona_csbeta/c1032_-3000_-408.vtf,4968,4005
materials/maps/de_arizona_csbeta/c1040_-352_-184.hdr.vtf,76528,128
materials/maps/de_arizona_csbeta/c1040_-352_-184.vtf,4968,4025
materials/maps/de_arizona_csbeta/c1048_-3232_-400.hdr.vtf,76528,128
materials/maps/de_arizona_csbeta/c1048_-3232_-400.vtf,4968,4334
materials/maps/de_arizona_csbeta/c104_-168_-184.hdr.vtf,76528,128
materials/maps/de_arizona_csbeta/c104_-168_-184.vtf,4968,3880
materials/maps/de_arizona_csbeta/c1056_-3664_-376.hdr.vtf,76528,128
materials/maps/de_arizona_csbeta/c1056_-3664_-376.vtf,4968,4332
materials/maps/de_arizona_csbeta/c1064_-3784_-368.hdr.vtf,76528,128
materials/maps/de_arizona_csbeta/c1064_-3784_-368.vtf,4968,4426
materials/maps/de_arizona_csbeta/c1072_-2960_-272.hdr.vtf,76528,128
materials/maps/de_arizona_csbeta/c1072_-2960_-272.vtf,4968,4099
materials/maps/de_arizona_csbeta/c1080_-2352_-184.hdr.vtf,76528,128
materials/maps/de_arizona_csbeta/c1080_-2352_-184.vtf,4968,4178
materials/maps/de_arizona_csbeta/c1088_-1304_-184.hdr.vtf,76528,128
materials/maps/de_arizona_csbeta/c1088_-1304_-184.vtf,4968,4207
materials/maps/de_arizona_csbeta/c1088_-1472_-176.hdr.vtf,76528,128
materials/maps/de_arizona_csbeta/c1088_-1472_-176.vtf,4968,4232
materials/maps/de_arizona_csbeta/c1120_-1312_-652.hdr.vtf,76528,128
materials/maps/de_arizona_csbeta/c1120_-1312_-652.vtf,4968,3349
materials/maps/de_arizona_csbeta/c1120_-1872_-184.hdr.vtf,76528,128
materials/maps/de_arizona_csbeta/c1120_-1872_-184.vtf,4968,3420
materials/maps/de_arizona_csbeta/c1144_-480_-184.hdr.vtf,76528,128
materials/maps/de_arizona_csbeta/c1144_-480_-184.vtf,4968,4003
materials/maps/de_arizona_csbeta/c1152_-3536_-376.hdr.vtf,76528,128
materials/maps/de_arizona_csbeta/c1152_-3536_-376.vtf,4968,4206
materials/maps/de_arizona_csbeta/c1168_-1216_-184.hdr.vtf,76528,128
materials/maps/de_arizona_csbeta/c1168_-1216_-184.vtf,4968,4217
materials/maps/de_arizona_csbeta/c1184_-2416_-144.hdr.vtf,76528,128
materials/maps/de_arizona_csbeta/c1184_-2416_-144.vtf,4968,4268
materials/maps/de_arizona_csbeta/c1184_-2992_-296.hdr.vtf,76528,128
materials/maps/de_arizona_csbeta/c1184_-2992_-296.vtf,4968,4130
materials/maps/de_arizona_csbeta/c1192_-624_-184.hdr.vtf,76528,128
materials/maps/de_arizona_csbeta/c1192_-624_-184.vtf,4968,4030
materials/maps/de_arizona_csbeta/c1200_-1832_-176.hdr.vtf,76528,128
materials/maps/de_arizona_csbeta/c1200_-1832_-176.vtf,4968,3524
materials/maps/de_arizona_csbeta/c1200_-3152_-408.hdr.vtf,76528,128
materials/maps/de_arizona_csbeta/c1200_-3152_-408.vtf,4968,4277
materials/maps/de_arizona_csbeta/c120_-1072_-968.hdr.vtf,76528,128
materials/maps/de_arizona_csbeta/c120_-1072_-968.vtf,19304,13574
materials/maps/de_arizona_csbeta/c1216_-1288_-200.hdr.vtf,76528,128
materials/maps/de_arizona_csbeta/c1216_-1288_-200.vtf,4968,4380
materials/maps/de_arizona_csbeta/c1216_-1312_-632.hdr.vtf,76528,128
materials/maps/de_arizona_csbeta/c1216_-1312_-632.vtf,4968,3773
materials/maps/de_arizona_csbeta/c1216_-1456_-200.hdr.vtf,76528,128
materials/maps/de_arizona_csbeta/c1216_-1456_-200.vtf,4968,4464
materials/maps/de_arizona_csbeta/c1216_-992_-200.hdr.vtf,76528,128
materials/maps/de_arizona_csbeta/c1216_-992_-200.vtf,4968,3873
materials/maps/de_arizona_csbeta/c1224_-1112_-200.hdr.vtf,76528,128
materials/maps/de_arizona_csbeta/c1224_-1112_-200.vtf,4968,3881
materials/maps/de_arizona_csbeta/c1224_-1400_-200.hdr.vtf,76528,128
materials/maps/de_arizona_csbeta/c1224_-1400_-200.vtf,4968,4479
materials/maps/de_arizona_csbeta/c1224_-2520_-72.hdr.vtf,76528,128
materials/maps/de_arizona_csbeta/c1224_-2520_-72.vtf,4968,4343
materials/maps/de_arizona_csbeta/c1224_-816_-184.hdr.vtf,76528,128
materials/maps/de_arizona_csbeta/c1224_-816_-184.vtf,4968,3884
materials/maps/de_arizona_csbeta/c1232_-3424_-392.hdr.vtf,76528,128
materials/maps/de_arizona_csbeta/c1232_-3424_-392.vtf,4968,4204
materials/maps/de_arizona_csbeta/c1264_-2592_-264.hdr.vtf,76528,128
materials/maps/de_arizona_csbeta/c1264_-2592_-264.vtf,4968,3705
materials/maps/de_arizona_csbeta/c1280_-1248_-48.hdr.vtf,76528,128
materials/maps/de_arizona_csbeta/c1280_-1248_-48.vtf,4968,4305
materials/maps/de_arizona_csbeta/c1280_-1504_-48.hdr.vtf,76528,128
materials/maps/de_arizona_csbeta/c1280_-1504_-48.vtf,4968,4215
materials/maps/de_arizona_csbeta/c1280_-1508_-208.hdr.vtf,76528,128
materials/maps/de_arizona_csbeta/c1280_-1508_-208.vtf,4968,4460
materials/maps/de_arizona_csbeta/c128_-1768_-968.hdr.vtf,76528,128
materials/maps/de_arizona_csbeta/c128_-1768_-968.vtf,19304,10885
materials/maps/de_arizona_csbeta/c128_-1944_-968.hdr.vtf,76528,128
materials/maps/de_arizona_csbeta/c128_-1944_-968.vtf,19304,10955
materials/maps/de_arizona_csbeta/c128_-2128_-968.hdr.vtf,76528,128
materials/maps/de_arizona_csbeta/c128_-2128_-968.vtf,19304,11125
materials/maps/de_arizona_csbeta/c1296_-1456_-200.hdr.vtf,76528,128
materials/maps/de_arizona_csbeta/c1296_-1456_-200.vtf,4968,4430
materials/maps/de_arizona_csbeta/c1296_-2208_-184.hdr.vtf,76528,128
materials/maps/de_arizona_csbeta/c1296_-2208_-184.vtf,4968,4097
materials/maps/de_arizona_csbeta/c1296_-2800_-312.hdr.vtf,76528,128
materials/maps/de_arizona_csbeta/c1296_-2800_-312.vtf,4968,3826
materials/maps/de_arizona_csbeta/c1312_-2336_-176.hdr.vtf,76528,128
materials/maps/de_arizona_csbeta/c1312_-2336_-176.vtf,4968,4197
materials/maps/de_arizona_csbeta/c1312_-2896_-304.hdr.vtf,76528,128
materials/maps/de_arizona_csbeta/c1312_-2896_-304.vtf,4968,3234
materials/maps/de_arizona_csbeta/c1312_-3664_-360.hdr.vtf,76528,128
materials/maps/de_arizona_csbeta/c1312_-3664_-360.vtf,4968,4288
materials/maps/de_arizona_csbeta/c1320_-1376_-48.hdr.vtf,76528,128
materials/maps/de_arizona_csbeta/c1320_-1376_-48.vtf,4968,4308
materials/maps/de_arizona_csbeta/c1320_-3040_-312.hdr.vtf,76528,128
materials/maps/de_arizona_csbeta/c1320_-3040_-312.vtf,4968,4094
materials/maps/de_arizona_csbeta/c1328_-1192_-184.hdr.vtf,76528,128
materials/maps/de_arizona_csbeta/c1328_-1192_-184.vtf,4968,3950
materials/maps/de_arizona_csbeta/c1328_-1312_-200.hdr.vtf,76528,128
materials/maps/de_arizona_csbeta/c1328_-1312_-200.vtf,4968,3885
materials/maps/de_arizona_csbeta/c1328_-1312_-520.hdr.vtf,76528,128
materials/maps/de_arizona_csbeta/c1328_-1312_-520.vtf,4968,3635
materials/maps/de_arizona_csbeta/c1328_-1376_-200.hdr.vtf,76528,128
materials/maps/de_arizona_csbeta/c1328_-1376_-200.vtf,4968,4485
materials/maps/de_arizona_csbeta/c1328_-1888_-184.hdr.vtf,76528,128
materials/maps/de_arizona_csbeta/c1328_-1888_-184.vtf,4968,3309
materials/maps/de_arizona_csbeta/c1328_-3008_-208.hdr.vtf,76528,128
materials/maps/de_arizona_csbeta/c1328_-3008_-208.vtf,4968,4179
materials/maps/de_arizona_csbeta/c1344_-1248_-200.hdr.vtf,76528,128
materials/maps/de_arizona_csbeta/c1344_-1248_-200.vtf,4968,3770
materials/maps/de_arizona_csbeta/c1344_-2496_40.hdr.vtf,76528,128
materials/maps/de_arizona_csbeta/c1344_-2496_40.vtf,4968,4406
materials/maps/de_arizona_csbeta/c1344_-2712_-312.hdr.vtf,76528,128
materials/maps/de_arizona_csbeta/c1344_-2712_-312.vtf,4968,4140
materials/maps/de_arizona_csbeta/c1344_-888_-184.hdr.vtf,76528,128
materials/maps/de_arizona_csbeta/c1344_-888_-184.vtf,4968,3769
materials/maps/de_arizona_csbeta/c1352_-1504_-200.hdr.vtf,76528,128
materials/maps/de_arizona_csbeta/c1352_-1504_-200.vtf,4968,4515
materials/maps/de_arizona_csbeta/c1360_-720_-176.hdr.vtf,76528,128
materials/maps/de_arizona_csbeta/c1360_-720_-176.vtf,4968,3718
materials/maps/de_arizona_csbeta/c136_-2272_-968.hdr.vtf,76528,128
materials/maps/de_arizona_csbeta/c136_-2272_-968.vtf,19304,11378
materials/maps/de_arizona_csbeta/c1392_-3208_-320.hdr.vtf,76528,128
materials/maps/de_arizona_csbeta/c1392_-3208_-320.vtf,4968,4115
materials/maps/de_arizona_csbeta/c1392_-3360_-352.hdr.vtf,76528,128
materials/maps/de_arizona_csbeta/c1392_-3360_-352.vtf,4968,4159
materials/maps/de_arizona_csbeta/c1408_-1312_-144.hdr.vtf,76528,128
materials/maps/de_arizona_csbeta/c1408_-1312_-144.vtf,4968,4141
materials/maps/de_arizona_csbeta/c1408_-1312_-264.hdr.vtf,76528,128
materials/maps/de_arizona_csbeta/c1408_-1312_-264.vtf,4968,4149
materials/maps/de_arizona_csbeta/c1408_-1312_-352.hdr.vtf,76528,128
materials/maps/de_arizona_csbeta/c1408_-1312_-352.vtf,4968,3870
materials/maps/de_arizona_csbeta/c1408_-1312_-440.hdr.vtf,76528,128
materials/maps/de_arizona_csbeta/c1408_-1312_-440.vtf,4968,3607
materials/maps/de_arizona_csbeta/c1408_-1312_-60.hdr.vtf,76528,128
materials/maps/de_arizona_csbeta/c1408_-1312_-60.vtf,4968,3405
materials/maps/de_arizona_csbeta/c1408_-1360_-192.hdr.vtf,76528,128
materials/maps/de_arizona_csbeta/c1408_-1360_-192.vtf,4968,4501
materials/maps/de_arizona_csbeta/c1408_-3480_-376.hdr.vtf,76528,128
materials/maps/de_arizona_csbeta/c1408_-3480_-376.vtf,4968,4194
materials/maps/de_arizona_csbeta/c1416_-1424_-200.hdr.vtf,76528,128
materials/maps/de_arizona_csbeta/c1416_-1424_-200.vtf,4968,4549
materials/maps/de_arizona_csbeta/c1424_-1416_-48.hdr.vtf,76528,128
materials/maps/de_arizona_csbeta/c1424_-1416_-48.vtf,4968,4188
materials/maps/de_arizona_csbeta/c1424_-3040_-312.hdr.vtf,76528,128
materials/maps/de_arizona_csbeta/c1424_-3040_-312.vtf,4968,4159
materials/maps/de_arizona_csbeta/c1436_-1404_-212.hdr.vtf,76528,128
materials/maps/de_arizona_csbeta/c1436_-1404_-212.vtf,4968,4555
materials/maps/de_arizona_csbeta/c1440_-1536_-168.hdr.vtf,76528,128
materials/maps/de_arizona_csbeta/c1440_-1536_-168.vtf,4968,4496
materials/maps/de_arizona_csbeta/c1440_-2592_-224.hdr.vtf,76528,128
materials/maps/de_arizona_csbeta/c1440_-2592_-224.vtf,4968,4162
materials/maps/de_arizona_csbeta/c1456_-1488_-200.hdr.vtf,76528,128
materials/maps/de_arizona_csbeta/c1456_-1488_-200.vtf,4968,4416
materials/maps/de_arizona_csbeta/c1472_-1256_-200.hdr.vtf,76528,128
materials/maps/de_arizona_csbeta/c1472_-1256_-200.vtf,4968,3173
materials/maps/de_arizona_csbeta/c1488_-1368_-200.hdr.vtf,76528,128
materials/maps/de_arizona_csbeta/c1488_-1368_-200.vtf,4968,4331
materials/maps/de_arizona_csbeta/c1488_-2528_-184.hdr.vtf,76528,128
materials/maps/de_arizona_csbeta/c1488_-2528_-184.vtf,4968,4229
materials/maps/de_arizona_csbeta/c1504_-1952_-184.hdr.vtf,76528,128
materials/maps/de_arizona_csbeta/c1504_-1952_-184.vtf,4968,3209
materials/maps/de_arizona_csbeta/c1504_-2744_-184.hdr.vtf,76528,128
materials/maps/de_arizona_csbeta/c1504_-2744_-184.vtf,4968,4140
materials/maps/de_arizona_csbeta/c1512_-2336_-176.hdr.vtf,76528,128
materials/maps/de_arizona_csbeta/c1512_-2336_-176.vtf,4968,4243
materials/maps/de_arizona_csbeta/c1552_-2080_-184.hdr.vtf,76528,128
materials/maps/de_arizona_csbeta/c1552_-2080_-184.vtf,4968,3783
materials/maps/de_arizona_csbeta/c1552_-3672_-376.hdr.vtf,76528,128
materials/maps/de_arizona_csbeta/c1552_-3672_-376.vtf,4968,4261
materials/maps/de_arizona_csbeta/c160_-1584_-968.hdr.vtf,76528,128
materials/maps/de_arizona_csbeta/c160_-1584_-968.vtf,19304,10438
materials/maps/de_arizona_csbeta/c160_-2624_-968.hdr.vtf,76528,128
materials/maps/de_arizona_csbeta/c160_-2624_-968.vtf,19304,11759
materials/maps/de_arizona_csbeta/c1640_-3680_-376.hdr.vtf,76528,128
materials/maps/de_arizona_csbeta/c1640_-3680_-376.vtf,4968,4000
materials/maps/de_arizona_csbeta/c1648_-2328_-120.hdr.vtf,76528,128
materials/maps/de_arizona_csbeta/c1648_-2328_-120.vtf,4968,4232
materials/maps/de_arizona_csbeta/c1664_-2432_-184.hdr.vtf,76528,128
materials/maps/de_arizona_csbeta/c1664_-2432_-184.vtf,4968,4170
materials/maps/de_arizona_csbeta/c1680_-2200_-184.hdr.vtf,76528,128
materials/maps/de_arizona_csbeta/c1680_-2200_-184.vtf,4968,4064
materials/maps/de_arizona_csbeta/c1744_-2328_-96.hdr.vtf,76528,128
materials/maps/de_arizona_csbeta/c1744_-2328_-96.vtf,4968,4234
materials/maps/de_arizona_csbeta/c176_-1152_-968.hdr.vtf,76528,128
materials/maps/de_arizona_csbeta/c176_-1152_-968.vtf,19304,12093
materials/maps/de_arizona_csbeta/c176_-1456_-968.hdr.vtf,76528,128
materials/maps/de_arizona_csbeta/c176_-1456_-968.vtf,19304,10337
materials/maps/de_arizona_csbeta/c184_-1248_-968.hdr.vtf,76528,128
materials/maps/de_arizona_csbeta/c184_-1248_-968.vtf,19304,10372
materials/maps/de_arizona_csbeta/c184_-1360_-968.hdr.vtf,76528,128
materials/maps/de_arizona_csbeta/c184_-1360_-968.vtf,19304,10145
materials/maps/de_arizona_csbeta/c1896_-2328_-184.hdr.vtf,76528,128
materials/maps/de_arizona_csbeta/c1896_-2328_-184.vtf,4968,4097
materials/maps/de_arizona_csbeta/c1904_-3672_-376.hdr.vtf,76528,128
materials/maps/de_arizona_csbeta/c1904_-3672_-376.vtf,4968,2960
materials/maps/de_arizona_csbeta/c192_-2000_-160.hdr.vtf,76528,128
materials/maps/de_arizona_csbeta/c192_-2000_-160.vtf,4968,4295
materials/maps/de_arizona_csbeta/c192_-2088_-184.hdr.vtf,76528,128
materials/maps/de_arizona_csbeta/c192_-2088_-184.vtf,4968,4284
materials/maps/de_arizona_csbeta/c192_-2088_-324.hdr.vtf,76528,128
materials/maps/de_arizona_csbeta/c192_-2088_-324.vtf,4968,3530
materials/maps/de_arizona_csbeta/c192_-2172_-160.hdr.vtf,76528,128
materials/maps/de_arizona_csbeta/c192_-2172_-160.vtf,4968,4319
materials/maps/de_arizona_csbeta/c200_-3664_-376.hdr.vtf,76528,128
materials/maps/de_arizona_csbeta/c200_-3664_-376.vtf,4968,4386
materials/maps/de_arizona_csbeta/c2032_-3592_-376.hdr.vtf,76528,128
materials/maps/de_arizona_csbeta/c2032_-3592_-376.vtf,4968,2667
materials/maps/de_arizona_csbeta/c2064_-2400_-184.hdr.vtf,76528,128
materials/maps/de_arizona_csbeta/c2064_-2400_-184.vtf,4968,4299
materials/maps/de_arizona_csbeta/c2080_-3432_-376.hdr.vtf,76528,128
materials/maps/de_arizona_csbeta/c2080_-3432_-376.vtf,4968,1650
materials/maps/de_arizona_csbeta/c2120_-2592_-184.hdr.vtf,76528,128
materials/maps/de_arizona_csbeta/c2120_-2592_-184.vtf,4968,4271
materials/maps/de_arizona_csbeta/c2168_-2312_-176.hdr.vtf,76528,128
materials/maps/de_arizona_csbeta/c2168_-2312_-176.vtf,4968,4506
materials/maps/de_arizona_csbeta/c224_-1672_-968.hdr.vtf,76528,128
materials/maps/de_arizona_csbeta/c224_-1672_-968.vtf,19304,10373
materials/maps/de_arizona_csbeta/c240_-2336_-968.hdr.vtf,76528,128
materials/maps/de_arizona_csbeta/c240_-2336_-968.vtf,19304,11948
materials/maps/de_arizona_csbeta/c248_-1848_-968.hdr.vtf,76528,128
materials/maps/de_arizona_csbeta/c248_-1848_-968.vtf,19304,10699
materials/maps/de_arizona_csbeta/c248_-2032_-968.hdr.vtf,76528,128
materials/maps/de_arizona_csbeta/c248_-2032_-968.vtf,19304,10974
materials/maps/de_arizona_csbeta/c248_-2208_-968.hdr.vtf,76528,128
materials/maps/de_arizona_csbeta/c248_-2208_-968.vtf,19304,11735
materials/maps/de_arizona_csbeta/c248_-2528_-968.hdr.vtf,76528,128
materials/maps/de_arizona_csbeta/c248_-2528_-968.vtf,19304,11278
materials/maps/de_arizona_csbeta/c256_-2440_-968.hdr.vtf,76528,128
materials/maps/de_arizona_csbeta/c256_-2440_-968.vtf,19304,11380
materials/maps/de_arizona_csbeta/c288_-144_-200.hdr.vtf,76528,128
materials/maps/de_arizona_csbeta/c288_-144_-200.vtf,4968,3904
materials/maps/de_arizona_csbeta/c28_-2000_-160.hdr.vtf,76528,128
materials/maps/de_arizona_csbeta/c28_-2000_-160.vtf,4968,4337
materials/maps/de_arizona_csbeta/c28_-2088_-184.hdr.vtf,76528,128
materials/maps/de_arizona_csbeta/c28_-2088_-184.vtf,4968,4357
materials/maps/de_arizona_csbeta/c28_-2088_-324.hdr.vtf,76528,128
materials/maps/de_arizona_csbeta/c28_-2088_-324.vtf,4968,3554
materials/maps/de_arizona_csbeta/c28_-2172_-160.hdr.vtf,76528,128
materials/maps/de_arizona_csbeta/c28_-2172_-160.vtf,4968,4321
materials/maps/de_arizona_csbeta/c300_-768_-652.hdr.vtf,76528,128
materials/maps/de_arizona_csbeta/c300_-768_-652.vtf,4968,3457
materials/maps/de_arizona_csbeta/c32_-1632_-288.hdr.vtf,76528,128
materials/maps/de_arizona_csbeta/c32_-1632_-288.vtf,4968,3879
materials/maps/de_arizona_csbeta/c336_-2000_-160.hdr.vtf,76528,128
materials/maps/de_arizona_csbeta/c336_-2000_-160.vtf,4968,4364
materials/maps/de_arizona_csbeta/c336_-2088_-184.hdr.vtf,76528,128
materials/maps/de_arizona_csbeta/c336_-2088_-184.vtf,4968,4387
materials/maps/de_arizona_csbeta/c336_-2088_-324.hdr.vtf,76528,128
materials/maps/de_arizona_csbeta/c336_-2088_-324.vtf,4968,3579
materials/maps/de_arizona_csbeta/c336_-2172_-160.hdr.vtf,76528,128
materials/maps/de_arizona_csbeta/c336_-2172_-160.vtf,4968,4400
materials/maps/de_arizona_csbeta/c384_-3672_-376.hdr.vtf,76528,128
materials/maps/de_arizona_csbeta/c384_-3672_-376.vtf,4968,4353
materials/maps/de_arizona_csbeta/c40_-1016_-968.hdr.vtf,76528,128
materials/maps/de_arizona_csbeta/c40_-1016_-968.vtf,19304,14078
materials/maps/de_arizona_csbeta/c448_-32_-184.hdr.vtf,76528,128
materials/maps/de_arizona_csbeta/c448_-32_-184.vtf,4968,3988
materials/maps/de_arizona_csbeta/c460_-844_-652.hdr.vtf,76528,128
materials/maps/de_arizona_csbeta/c460_-844_-652.vtf,4968,3524
materials/maps/de_arizona_csbeta/c464_-2072_-336.hdr.vtf,76528,128
materials/maps/de_arizona_csbeta/c464_-2072_-336.vtf,4968,3545
materials/maps/de_arizona_csbeta/c480_-2096_-184.hdr.vtf,76528,128
materials/maps/de_arizona_csbeta/c480_-2096_-184.vtf,4968,4285
materials/maps/de_arizona_csbeta/c48_-1488_-264.hdr.vtf,76528,128
materials/maps/de_arizona_csbeta/c48_-1488_-264.vtf,4968,3778
materials/maps/de_arizona_csbeta/c512_-3632_-376.hdr.vtf,76528,128
materials/maps/de_arizona_csbeta/c512_-3632_-376.vtf,4968,4380
materials/maps/de_arizona_csbeta/c544_-3472_-272.hdr.vtf,76528,128
materials/maps/de_arizona_csbeta/c544_-3472_-272.vtf,4968,4291
materials/maps/de_arizona_csbeta/c544_96_-184.hdr.vtf,76528,128
materials/maps/de_arizona_csbeta/c544_96_-184.vtf,4968,3919
materials/maps/de_arizona_csbeta/c560_-3424_-224.hdr.vtf,76528,128
materials/maps/de_arizona_csbeta/c560_-3424_-224.vtf,4968,4304
materials/maps/de_arizona_csbeta/c56_-3584_-376.hdr.vtf,76528,128
materials/maps/de_arizona_csbeta/c56_-3584_-376.vtf,4968,4368
materials/maps/de_arizona_csbeta/c584_-3184_-272.hdr.vtf,76528,128
materials/maps/de_arizona_csbeta/c584_-3184_-272.vtf,4968,3810
materials/maps/de_arizona_csbeta/c592_-3632_-304.hdr.vtf,76528,128
materials/maps/de_arizona_csbeta/c592_-3632_-304.vtf,4968,4350
materials/maps/de_arizona_csbeta/c608_-2080_-344.hdr.vtf,76528,128
materials/maps/de_arizona_csbeta/c608_-2080_-344.vtf,4968,4017
materials/maps/de_arizona_csbeta/c616_-2272_-344.hdr.vtf,76528,128
materials/maps/de_arizona_csbeta/c616_-2272_-344.vtf,4968,4131
materials/maps/de_arizona_csbeta/c616_-3760_-376.hdr.vtf,76528,128
materials/maps/de_arizona_csbeta/c616_-3760_-376.vtf,4968,4379
materials/maps/de_arizona_csbeta/c624_-3120_-208.hdr.vtf,76528,128
materials/maps/de_arizona_csbeta/c624_-3120_-208.vtf,4968,4097
materials/maps/de_arizona_csbeta/c630_-1014_-652.hdr.vtf,76528,128
materials/maps/de_arizona_csbeta/c630_-1014_-652.vtf,4968,3435
materials/maps/de_arizona_csbeta/c640_-3312_-168.hdr.vtf,76528,128
materials/maps/de_arizona_csbeta/c640_-3312_-168.vtf,4968,4279
materials/maps/de_arizona_csbeta/c640_-3312_-272.hdr.vtf,76528,128
materials/maps/de_arizona_csbeta/c640_-3312_-272.vtf,4968,3142
materials/maps/de_arizona_csbeta/c640_160_-184.hdr.vtf,76528,128
materials/maps/de_arizona_csbeta/c640_160_-184.vtf,4968,3930
materials/maps/de_arizona_csbeta/c656_-1944_-344.hdr.vtf,76528,128
materials/maps/de_arizona_csbeta/c656_-1944_-344.vtf,4968,3994
materials/maps/de_arizona_csbeta/c656_-3448_-272.hdr.vtf,76528,128
materials/maps/de_arizona_csbeta/c656_-3448_-272.vtf,4968,4353
materials/maps/de_arizona_csbeta/c688_-3008_-272.hdr.vtf,76528,128
materials/maps/de_arizona_csbeta/c688_-3008_-272.vtf,4968,3906
materials/maps/de_arizona_csbeta/c688_-3632_-288.hdr.vtf,76528,128
materials/maps/de_arizona_csbeta/c688_-3632_-288.vtf,4968,4300
materials/maps/de_arizona_csbeta/c696_-1280_-376.hdr.vtf,76528,128
materials/maps/de_arizona_csbeta/c696_-1280_-376.vtf,4968,3803
materials/maps/de_arizona_csbeta/c704_-3168_-272.hdr.vtf,76528,128
materials/maps/de_arizona_csbeta/c704_-3168_-272.vtf,4968,4078
materials/maps/de_arizona_csbeta/c720_-2080_-184.hdr.vtf,76528,128
materials/maps/de_arizona_csbeta/c720_-2080_-184.vtf,4968,4079
materials/maps/de_arizona_csbeta/c728_-1504_-184.hdr.vtf,76528,128
materials/maps/de_arizona_csbeta/c728_-1504_-184.vtf,4968,3816
materials/maps/de_arizona_csbeta/c728_-3264_-240.hdr.vtf,76528,128
materials/maps/de_arizona_csbeta/c728_-3264_-240.vtf,4968,4173
materials/maps/de_arizona_csbeta/c728_-480_-184.hdr.vtf,76528,128
materials/maps/de_arizona_csbeta/c728_-480_-184.vtf,4968,3985
materials/maps/de_arizona_csbeta/c72_-2704_-968.hdr.vtf,76528,128
materials/maps/de_arizona_csbeta/c72_-2704_-968.vtf,19304,11634
materials/maps/de_arizona_csbeta/c736_-1376_-376.hdr.vtf,76528,128
materials/maps/de_arizona_csbeta/c736_-1376_-376.vtf,4968,4089
materials/maps/de_arizona_csbeta/c736_-1384_-200.hdr.vtf,76528,128
materials/maps/de_arizona_csbeta/c736_-1384_-200.vtf,4968,4033
materials/maps/de_arizona_csbeta/c736_-2400_-336.hdr.vtf,76528,128
materials/maps/de_arizona_csbeta/c736_-2400_-336.vtf,4968,3960
materials/maps/de_arizona_csbeta/c736_-592_-208.hdr.vtf,76528,128
materials/maps/de_arizona_csbeta/c736_-592_-208.vtf,4968,3938
materials/maps/de_arizona_csbeta/c736_-960_-328.hdr.vtf,76528,128
materials/maps/de_arizona_csbeta/c736_-960_-328.vtf,4968,3855
materials/maps/de_arizona_csbeta/c744_-1504_-376.hdr.vtf,76528,128
materials/maps/de_arizona_csbeta/c744_-1504_-376.vtf,4968,4068
materials/maps/de_arizona_csbeta/c752_-3360_-272.hdr.vtf,76528,128
materials/maps/de_arizona_csbeta/c752_-3360_-272.vtf,4968,4197
materials/maps/de_arizona_csbeta/c752_-760_-256.hdr.vtf,76528,128
materials/maps/de_arizona_csbeta/c752_-760_-256.vtf,4968,3895
materials/maps/de_arizona_csbeta/c768_-1160_-368.hdr.vtf,76528,128
materials/maps/de_arizona_csbeta/c768_-1160_-368.vtf,4968,3884
materials/maps/de_arizona_csbeta/c768_-3624_-312.hdr.vtf,76528,128
materials/maps/de_arizona_csbeta/c768_-3624_-312.vtf,4968,4346
materials/maps/de_arizona_csbeta/c768_-368_-184.hdr.vtf,76528,128
materials/maps/de_arizona_csbeta/c768_-368_-184.vtf,4968,3986
materials/maps/de_arizona_csbeta/c800_-1184_-652.hdr.vtf,76528,128
materials/maps/de_arizona_csbeta/c800_-1184_-652.vtf,4968,3489
materials/maps/de_arizona_csbeta/c800_-1280_-272.hdr.vtf,76528,128
materials/maps/de_arizona_csbeta/c800_-1280_-272.vtf,4968,4099
materials/maps/de_arizona_csbeta/c800_-1800_-344.hdr.vtf,76528,128
materials/maps/de_arizona_csbeta/c800_-1800_-344.vtf,4968,3942
materials/maps/de_arizona_csbeta/c816_-3768_-376.hdr.vtf,76528,128
materials/maps/de_arizona_csbeta/c816_-3768_-376.vtf,4968,4357
materials/maps/de_arizona_csbeta/c816_-424_-104.hdr.vtf,76528,128
materials/maps/de_arizona_csbeta/c816_-424_-104.vtf,4968,4163
materials/maps/de_arizona_csbeta/c816_152_-184.hdr.vtf,76528,128
materials/maps/de_arizona_csbeta/c816_152_-184.vtf,4968,3876
materials/maps/de_arizona_csbeta/c824_-1432_-184.hdr.vtf,76528,128
materials/maps/de_arizona_csbeta/c824_-1432_-184.vtf,4968,4156
materials/maps/de_arizona_csbeta/c824_-1640_-360.hdr.vtf,76528,128
materials/maps/de_arizona_csbeta/c824_-1640_-360.vtf,4968,3986
materials/maps/de_arizona_csbeta/c832_-1520_-144.hdr.vtf,76528,128
materials/maps/de_arizona_csbeta/c832_-1520_-144.vtf,4968,4013
materials/maps/de_arizona_csbeta/c840_-3144_-400.hdr.vtf,76528,128
materials/maps/de_arizona_csbeta/c840_-3144_-400.vtf,4968,4199
materials/maps/de_arizona_csbeta/c840_-3272_-328.hdr.vtf,76528,128
materials/maps/de_arizona_csbeta/c840_-3272_-328.vtf,4968,4321
materials/maps/de_arizona_csbeta/c848_-1376_-376.hdr.vtf,76528,128
materials/maps/de_arizona_csbeta/c848_-1376_-376.vtf,4968,3834
materials/maps/de_arizona_csbeta/c848_-1584_-184.hdr.vtf,76528,128
materials/maps/de_arizona_csbeta/c848_-1584_-184.vtf,4968,3870
materials/maps/de_arizona_csbeta/c84_-768_-652.hdr.vtf,76528,128
materials/maps/de_arizona_csbeta/c84_-768_-652.vtf,4968,3492
materials/maps/de_arizona_csbeta/c864_-2976_-272.hdr.vtf,76528,128
materials/maps/de_arizona_csbeta/c864_-2976_-272.vtf,4968,4034
materials/maps/de_arizona_csbeta/c864_-3632_-376.hdr.vtf,76528,128
materials/maps/de_arizona_csbeta/c864_-3632_-376.vtf,4968,4311
materials/maps/de_arizona_csbeta/c872_-1288_-328.hdr.vtf,76528,128
materials/maps/de_arizona_csbeta/c872_-1288_-328.vtf,4968,4033
materials/maps/de_arizona_csbeta/c872_-1376_-208.hdr.vtf,76528,128
materials/maps/de_arizona_csbeta/c872_-1376_-208.vtf,4968,4196
materials/maps/de_arizona_csbeta/c880_-1224_-376.hdr.vtf,76528,128
materials/maps/de_arizona_csbeta/c880_-1224_-376.vtf,4968,3974
materials/maps/de_arizona_csbeta/c884_-1268_-652.hdr.vtf,76528,128
materials/maps/de_arizona_csbeta/c884_-1268_-652.vtf,4968,3255
materials/maps/de_arizona_csbeta/c888_-1696_-184.hdr.vtf,76528,128
materials/maps/de_arizona_csbeta/c888_-1696_-184.vtf,4968,3442
materials/maps/de_arizona_csbeta/c888_-3248_-376.hdr.vtf,76528,128
materials/maps/de_arizona_csbeta/c888_-3248_-376.vtf,4968,4300
materials/maps/de_arizona_csbeta/c904_72_-184.hdr.vtf,76528,128
materials/maps/de_arizona_csbeta/c904_72_-184.vtf,4968,3968
materials/maps/de_arizona_csbeta/c912_-2248_-184.hdr.vtf,76528,128
materials/maps/de_arizona_csbeta/c912_-2248_-184.vtf,4968,4072
materials/maps/de_arizona_csbeta/c912_-256_-184.hdr.vtf,76528,128
materials/maps/de_arizona_csbeta/c912_-256_-184.vtf,4968,4016
materials/maps/de_arizona_csbeta/c912_-384_-184.hdr.vtf,76528,128
materials/maps/de_arizona_csbeta/c912_-384_-184.vtf,4968,4009
materials/maps/de_arizona_csbeta/c928_-2416_-336.hdr.vtf,76528,128
materials/maps/de_arizona_csbeta/c928_-2416_-336.vtf,4968,3919
materials/maps/de_arizona_csbeta/c928_-96_-184.hdr.vtf,76528,128
materials/maps/de_arizona_csbeta/c928_-96_-184.vtf,4968,3920
materials/maps/de_arizona_csbeta/c936_-1296_-360.hdr.vtf,76528,128
materials/maps/de_arizona_csbeta/c936_-1296_-360.vtf,4968,3896
materials/maps/de_arizona_csbeta/c944_-1296_-216.hdr.vtf,76528,128
materials/maps/de_arizona_csbeta/c944_-1296_-216.vtf,4968,4250
materials/maps/de_arizona_csbeta/c944_-1552_-184.hdr.vtf,76528,128
materials/maps/de_arizona_csbeta/c944_-1552_-184.vtf,4968,4086
materials/maps/de_arizona_csbeta/c944_-1792_-184.hdr.vtf,76528,128
materials/maps/de_arizona_csbeta/c944_-1792_-184.vtf,4968,3139
materials/maps/de_arizona_csbeta/c960_-1408_-176.hdr.vtf,76528,128
materials/maps/de_arizona_csbeta/c960_-1408_-176.vtf,4968,4165
materials/maps/de_arizona_csbeta/c976_-3408_-392.hdr.vtf,76528,128
materials/maps/de_arizona_csbeta/c976_-3408_-392.vtf,4968,4240
materials/maps/de_arizona_csbeta/c992_-1312_-652.hdr.vtf,76528,128
materials/maps/de_arizona_csbeta/c992_-1312_-652.vtf,4968,3538
materials/maps/de_arizona_csbeta/cstrike/cstrike_me4metl_-40_-3704_-368.vmt,143,134
materials/maps/de_arizona_csbeta/cstrike/cstrike_me4metl_1024_-2536_-344.vmt,144,136
materials/maps/de_arizona_csbeta/cstrike/cstrike_me4metl_1024_-2704_-376.vmt,144,135
materials/maps/de_arizona_csbeta/cstrike/cstrike_me4metl_1032_-2888_-400.vmt,144,135
materials/maps/de_arizona_csbeta/cstrike/cstrike_me4metl_1032_-3000_-408.vmt,144,135
materials/maps/de_arizona_csbeta/cstrike/cstrike_me4metl_1056_-3664_-376.vmt,144,134
materials/maps/de_arizona_csbeta/cstrike/cstrike_me4metl_1064_-3784_-368.vmt,144,134
materials/maps/de_arizona_csbeta/cstrike/cstrike_me4metl_1080_-2352_-184.vmt,144,136
materials/maps/de_arizona_csbeta/cstrike/cstrike_me4metl_1184_-2416_-144.vmt,144,135
materials/maps/de_arizona_csbeta/cstrike/cstrike_me4metl_1224_-2520_-72.vmt,143,135
materials/maps/de_arizona_csbeta/cstrike/cstrike_me4metl_1312_-2336_-176.vmt,144,136
materials/maps/de_arizona_csbeta/cstrike/cstrike_me4metl_1328_-3008_-208.vmt,144,135
materials/maps/de_arizona_csbeta/cstrike/cstrike_me4metl_1552_-3672_-376.vmt,144,134
materials/maps/de_arizona_csbeta/cstrike/cstrike_me4metl_1640_-3680_-376.vmt,144,134
materials/maps/de_arizona_csbeta/cstrike/cstrike_me4metl_1664_-2432_-184.vmt,144,136
materials/maps/de_arizona_csbeta/cstrike/cstrike_me4metl_1744_-2328_-96.vmt,143,135
materials/maps/de_arizona_csbeta/cstrike/cstrike_me4metl_1896_-2328_-184.vmt,144,136
materials/maps/de_arizona_csbeta/cstrike/cstrike_me4metl_336_-2000_-160.vmt,143,134
materials/maps/de_arizona_csbeta/cstrike/cstrike_me4metl_336_-2172_-160.vmt,143,135
materials/maps/de_arizona_csbeta/cstrike/cstrike_me4metl_464_-2072_-336.vmt,143,135
materials/maps/de_arizona_csbeta/cstrike/cstrike_me4metl_480_-2096_-184.vmt,143,135
materials/maps/de_arizona_csbeta/cstrike/cstrike_me4metl_512_-3632_-376.vmt,143,133
materials/maps/de_arizona_csbeta/cstrike/cstrike_me4metl_544_-3472_-272.vmt,143,134
materials/maps/de_arizona_csbeta/cstrike/cstrike_me4metl_56_-3584_-376.vmt,142,133
materials/maps/de_arizona_csbeta/cstrike/cstrike_me4metl_592_-3632_-304.vmt,143,133
materials/maps/de_arizona_csbeta/cstrike/cstrike_me4metl_608_-2080_-344.vmt,143,135
materials/maps/de_arizona_csbeta/cstrike/cstrike_me4metl_616_-2272_-344.vmt,143,135
materials/maps/de_arizona_csbeta/cstrike/cstrike_me4metl_616_-3760_-376.vmt,143,132
materials/maps/de_arizona_csbeta/cstrike/cstrike_me4metl_656_-1944_-344.vmt,143,134
materials/maps/de_arizona_csbeta/cstrike/cstrike_me4metl_688_-3632_-288.vmt,143,135
materials/maps/de_arizona_csbeta/cstrike/cstrike_me4metl_720_-2080_-184.vmt,143,134
materials/maps/de_arizona_csbeta/cstrike/cstrike_me4metl_728_-1504_-184.vmt,143,134
materials/maps/de_arizona_csbeta/cstrike/cstrike_me4metl_736_-1376_-376.vmt,143,132
materials/maps/de_arizona_csbeta/cstrike/cstrike_me4metl_736_-2400_-336.vmt,143,135
materials/maps/de_arizona_csbeta/cstrike/cstrike_me4metl_744_-1504_-376.vmt,143,134
materials/maps/de_arizona_csbeta/cstrike/cstrike_me4metl_768_-3624_-312.vmt,143,134
materials/maps/de_arizona_csbeta/cstrike/cstrike_me4metl_800_-1800_-344.vmt,143,132
materials/maps/de_arizona_csbeta/cstrike/cstrike_me4metl_824_-1640_-360.vmt,143,135
materials/maps/de_arizona_csbeta/cstrike/cstrike_me4metl_864_-2976_-272.vmt,143,134
materials/maps/de_arizona_csbeta/cstrike/cstrike_me4metl_864_-3632_-376.vmt,143,134
materials/maps/de_arizona_csbeta/cstrike/cstrike_me4metl_888_-1696_-184.vmt,143,134
materials/maps/de_arizona_csbeta/cstrike/cstrike_me4metl_912_-2248_-184.vmt,143,134
materials/maps/de_arizona_csbeta/cstrike/cstrike_me4metl_928_-2416_-336.vmt,143,135
materials/maps/de_arizona_csbeta/cstrike/cstrike_oe4pnl_1328_-1312_-200.vmt,143,135
materials/maps/de_arizona_csbeta/cstrike/cstrike_oe4pnl_1328_-1376_-200.vmt,143,135
materials/maps/de_arizona_csbeta/cstrike/cstrike_oe4vent_-1216_-1184_-184.vmt,145,135
materials/maps/de_arizona_csbeta/cstrike/cstrike_oe4vent_-1448_-1184_-152.vmt,145,136
materials/maps/de_arizona_csbeta/cstrike/cstrike_oe4vent_-416_-1984_-184.vmt,144,135
materials/maps/de_arizona_csbeta/cstrike/cstrike_oe4vent_-416_-2208_-152.vmt,144,136
materials/maps/de_arizona_csbeta/cstrike/cstrike_oe4vent_1216_-1288_-200.vmt,144,136
materials/maps/de_arizona_csbeta/cubemapdefault.hdr.vtf,76528,128
materials/maps/de_arizona_csbeta/cubemapdefault.vtf,9832,106
materials/maps/de_arizona_csbeta/halflife/+0button4_-1072_-1120_-184.vmt,163,150
materials/maps/de_arizona_csbeta/halflife/+0button4_-976_-1216_-648.vmt,162,149
materials/maps/de_arizona_csbeta/halflife/+0~tnnl_lgt4_-1072_-1120_-184.vmt,166,153
materials/maps/de_arizona_csbeta/halflife/+0~tnnl_lgt4_-1072_-1248_-184.vmt,166,152
materials/maps/de_arizona_csbeta/halflife/+0~tnnl_lgt4_-1148_-1721_-184.vmt,166,153
materials/maps/de_arizona_csbeta/halflife/+0~tnnl_lgt4_-1247_-1483_-184.vmt,166,153
materials/maps/de_arizona_csbeta/halflife/+0~tnnl_lgt4_-1320_-1184_-184.vmt,166,152
materials/maps/de_arizona_csbeta/halflife/+0~tnnl_lgt4_-1320_-928_-184.vmt,165,153
materials/maps/de_arizona_csbeta/halflife/+0~tnnl_lgt4_-160_-2088_-184.vmt,165,153
materials/maps/de_arizona_csbeta/halflife/+0~tnnl_lgt4_-416_-2088_-184.vmt,165,153
materials/maps/de_arizona_csbeta/halflife/+0~tnnl_lgt4_-716_-2014_-184.vmt,165,153
materials/maps/de_arizona_csbeta/halflife/+0~tnnl_lgt4_-800_-1216_-648.vmt,165,153
materials/maps/de_arizona_csbeta/halflife/+0~tnnl_lgt4_-953_-1916_-184.vmt,165,152
materials/maps/de_arizona_csbeta/halflife/+0~tnnl_lgt4_-976_-1216_-648.vmt,165,152
materials/maps/de_arizona_csbeta/halflife/+0~tnnl_lgt4_1352_-1504_-200.vmt,165,153
materials/maps/de_arizona_csbeta/halflife/+0~tnnl_lgt4_1416_-1424_-200.vmt,165,153
materials/maps/de_arizona_csbeta/halflife/ammo01_-1036_-1184_-304.vmt,137,135
materials/maps/de_arizona_csbeta/halflife/ammo01_-1320_-1184_-184.vmt,137,133
materials/maps/de_arizona_csbeta/halflife/ammo01_-1448_-1184_-152.vmt,137,133
materials/maps/de_arizona_csbeta/halflife/ammo01_-160_-2088_-184.vmt,136,134
materials/maps/de_arizona_csbeta/halflife/ammo01_-2024_-1040_-120.vmt,137,134
materials/maps/de_arizona_csbeta/halflife/ammo01_-416_-2088_-184.vmt,136,134
materials/maps/de_arizona_csbeta/halflife/ammo01_-416_-2208_-152.vmt,136,134
materials/maps/de_arizona_csbeta/halflife/ammo01_0_-2224_-328.vmt,133,130
materials/maps/de_arizona_csbeta/halflife/ammo01_1048_-3232_-400.vmt,136,134
materials/maps/de_arizona_csbeta/halflife/ammo01_1456_-1488_-200.vmt,136,134
materials/maps/de_arizona_csbeta/halflife/ammo01_512_-3632_-376.vmt,135,130
materials/maps/de_arizona_csbeta/halflife/ammo01_560_-3424_-224.vmt,135,133
materials/maps/de_arizona_csbeta/halflife/ammo01_592_-3632_-304.vmt,135,130
materials/maps/de_arizona_csbeta/halflife/ammo01_640_-3312_-272.vmt,135,132
materials/maps/de_arizona_csbeta/halflife/ammo01_704_-3168_-272.vmt,135,132
materials/maps/de_arizona_csbeta/halflife/ammo01_752_-3360_-272.vmt,135,132
materials/maps/de_arizona_csbeta/halflife/ammo01_840_-3144_-400.vmt,135,133
materials/maps/de_arizona_csbeta/halflife/ammo01_840_-3272_-328.vmt,135,130
materials/maps/de_arizona_csbeta/halflife/ammo02_-1448_-1184_-152.vmt,137,133
materials/maps/de_arizona_csbeta/halflife/ammo02_-2024_-1040_-120.vmt,137,134
materials/maps/de_arizona_csbeta/halflife/ammo02_-416_-2088_-184.vmt,136,134
materials/maps/de_arizona_csbeta/halflife/ammo02_-416_-2208_-152.vmt,136,134
materials/maps/de_arizona_csbeta/halflife/ammo02_0_-2224_-328.vmt,133,130
materials/maps/de_arizona_csbeta/halflife/ammo02_1456_-1488_-200.vmt,136,134
materials/maps/de_arizona_csbeta/halflife/ammo02_640_-3312_-272.vmt,135,132
materials/maps/de_arizona_csbeta/halflife/ammo02_728_-3264_-240.vmt,135,132
materials/maps/de_arizona_csbeta/halflife/ammo02_888_-3248_-376.vmt,135,131
materials/maps/de_arizona_csbeta/halflife/ammo03_-1247_-1483_-184.vmt,137,133
materials/maps/de_arizona_csbeta/halflife/ammo03_-1320_-928_-184.vmt,136,134
materials/maps/de_arizona_csbeta/halflife/ammo03_-1448_-1184_-152.vmt,137,133
materials/maps/de_arizona_csbeta/halflife/ammo03_-160_-2088_-184.vmt,136,134
materials/maps/de_arizona_csbeta/halflife/ammo03_-2024_-1040_-120.vmt,137,134
materials/maps/de_arizona_csbeta/halflife/ammo03_-416_-2088_-184.vmt,136,134
materials/maps/de_arizona_csbeta/halflife/ammo03_-416_-2208_-152.vmt,136,134
materials/maps/de_arizona_csbeta/halflife/ammo03_-716_-2014_-184.vmt,136,134
materials/maps/de_arizona_csbeta/halflife/ammo03_1352_-1504_-200.vmt,136,134
materials/maps/de_arizona_csbeta/halflife/ammo03_1488_-1368_-200.vmt,136,133
materials/maps/de_arizona_csbeta/halflife/ammo03_640_-3312_-272.vmt,135,132
materials/maps/de_arizona_csbeta/halflife/ammo03_704_-3168_-272.vmt,135,132
materials/maps/de_arizona_csbeta/halflife/ammo03_752_-3360_-272.vmt,135,132
materials/maps/de_arizona_csbeta/halflife/ammo03_840_-3144_-400.vmt,135,133
materials/maps/de_arizona_csbeta/halflife/ammo03_840_-3272_-328.vmt,135,130
materials/maps/de_arizona_csbeta/halflife/ammo04_-1320_-928_-184.vmt,136,134
materials/maps/de_arizona_csbeta/halflife/ammo04_-1448_-1184_-152.vmt,137,133
materials/maps/de_arizona_csbeta/halflife/ammo04_-160_-2088_-184.vmt,136,134
materials/maps/de_arizona_csbeta/halflife/ammo04_-2024_-1040_-120.vmt,137,134
materials/maps/de_arizona_csbeta/halflife/ammo04_-416_-2208_-152.vmt,136,134
materials/maps/de_arizona_csbeta/halflife/ammo04_560_-3424_-224.vmt,135,133
materials/maps/de_arizona_csbeta/halflife/ammo04_640_-3312_-272.vmt,135,132
materials/maps/de_arizona_csbeta/halflife/ammo04_752_-3360_-272.vmt,135,132
materials/maps/de_arizona_csbeta/halflife/basetrim02_128_-2128_-968.vmt,139,134
materials/maps/de_arizona_csbeta/halflife/basetrim02_248_-2032_-968.vmt,139,136
materials/maps/de_arizona_csbeta/halflife/crete2_flr03c_-1036_-1184_-304.vmt,144,142
materials/maps/de_arizona_csbeta/halflife/crete2_flr03c_-1072_-1120_-184.vmt,144,141
materials/maps/de_arizona_csbeta/halflife/crete2_flr03c_-1072_-1184_-184.vmt,144,140
materials/maps/de_arizona_csbeta/halflife/crete2_flr03c_-1072_-1248_-184.vmt,144,140
materials/maps/de_arizona_csbeta/halflife/crete2_flr03c_-1096_-1088_-652.vmt,144,141
materials/maps/de_arizona_csbeta/halflife/crete2_flr03c_-1216_-1184_-184.vmt,144,140
materials/maps/de_arizona_csbeta/halflife/crete2_flr03c_-1247_-1483_-184.vmt,144,141
materials/maps/de_arizona_csbeta/halflife/crete2_flr03c_-1320_-928_-184.vmt,143,141
materials/maps/de_arizona_csbeta/halflife/crete2_flr03c_-1448_-1184_-152.vmt,144,141
materials/maps/de_arizona_csbeta/halflife/crete2_flr03c_-1472_-496_-64.vmt,142,140
materials/maps/de_arizona_csbeta/halflife/crete2_flr03c_-160_-2088_-184.vmt,143,141
materials/maps/de_arizona_csbeta/halflife/crete2_flr03c_-2024_-1040_-120.vmt,144,141
materials/maps/de_arizona_csbeta/halflife/crete2_flr03c_-416_-1984_-184.vmt,143,140
materials/maps/de_arizona_csbeta/halflife/crete2_flr03c_-416_-2208_-152.vmt,143,141
materials/maps/de_arizona_csbeta/halflife/crete2_flr03c_-716_-2014_-184.vmt,143,141
materials/maps/de_arizona_csbeta/halflife/crete2_flr03c_-976_-1216_-648.vmt,143,141
materials/maps/de_arizona_csbeta/halflife/crete2_flr03c_1168_-1216_-184.vmt,143,139
materials/maps/de_arizona_csbeta/halflife/crete2_flr03c_1224_-1400_-200.vmt,143,141
materials/maps/de_arizona_csbeta/halflife/crete2_flr03c_1224_-2520_-72.vmt,142,140
materials/maps/de_arizona_csbeta/halflife/crete2_flr03c_1408_-1312_-264.vmt,143,141
materials/maps/de_arizona_csbeta/halflife/duct_flr01_-1036_-1184_-304.vmt,141,138
materials/maps/de_arizona_csbeta/halflife/duct_flr01_-1072_-1184_-184.vmt,141,137
materials/maps/de_arizona_csbeta/halflife/duct_flr01_-880_-1152_-632.vmt,140,138
materials/maps/de_arizona_csbeta/halflife/duct_flr01_-976_-1216_-648.vmt,140,138
materials/maps/de_arizona_csbeta/halflife/duct_flr02_-1036_-1184_-304.vmt,141,138
materials/maps/de_arizona_csbeta/halflife/duct_flr02_-1072_-1120_-184.vmt,141,137
materials/maps/de_arizona_csbeta/halflife/duct_flr02_-1072_-1184_-184.vmt,141,137
materials/maps/de_arizona_csbeta/halflife/duct_flr02_-1072_-1248_-184.vmt,141,136
materials/maps/de_arizona_csbeta/halflife/duct_flr02_-1216_-1184_-184.vmt,141,137
materials/maps/de_arizona_csbeta/halflife/duct_flr02_-1472_-496_-64.vmt,139,136
materials/maps/de_arizona_csbeta/halflife/duct_flr02_-2024_-1040_-120.vmt,141,137
materials/maps/de_arizona_csbeta/halflife/duct_vnt_-1036_-1184_-304.vmt,139,136
materials/maps/de_arizona_csbeta/halflife/duct_vnt_-1072_-1184_-184.vmt,139,135
materials/maps/de_arizona_csbeta/halflife/duct_wall03_-1036_-1184_-432.vmt,142,140
materials/maps/de_arizona_csbeta/halflife/duct_wall03_-1072_-1120_-184.vmt,142,139
materials/maps/de_arizona_csbeta/halflife/duct_wall03_-2024_-1040_-120.vmt,142,139
materials/maps/de_arizona_csbeta/halflife/duct_wall03_-976_-1216_-648.vmt,141,138
materials/maps/de_arizona_csbeta/halflife/duct_wall03_1328_-1192_-184.vmt,141,137
materials/maps/de_arizona_csbeta/halflife/generic100a_-1320_-1184_-184.vmt,142,138
materials/maps/de_arizona_csbeta/halflife/generic100a_-2024_-1040_-120.vmt,142,139
materials/maps/de_arizona_csbeta/halflife/generic100a_-416_-2208_-152.vmt,141,138
materials/maps/de_arizona_csbeta/halflife/generic100a_640_-3312_-272.vmt,140,137
materials/maps/de_arizona_csbeta/halflife/generic100a_656_-3448_-272.vmt,140,137
materials/maps/de_arizona_csbeta/halflife/generic_111a_1032_-2888_-400.vmt,142,138
materials/maps/de_arizona_csbeta/halflife/generic_111a_1552_-3672_-376.vmt,142,136
materials/maps/de_arizona_csbeta/halflife/generic_111a_1744_-2328_-96.vmt,141,139
materials/maps/de_arizona_csbeta/halflife/generic_111a_28_-2000_-160.vmt,140,137
materials/maps/de_arizona_csbeta/halflife/sign87_-1072_-1184_-184.vmt,137,133
materials/maps/de_arizona_csbeta/halflife/sign87_1436_-1404_-212.vmt,136,134
materials/maps/de_arizona_csbeta/halflife/signc1a3_2a_1224_-1400_-200.vmt,141,138
materials/maps/de_arizona_csbeta/halflife/steel_-1168_768_-184.vmt,134,131
materials/maps/de_arizona_csbeta/halflife/steel_-1216_-1088_-652.vmt,136,133
materials/maps/de_arizona_csbeta/halflife/steel_-1392_24_-184.vmt,133,130
materials/maps/de_arizona_csbeta/halflife/steel_-1424_784_-184.vmt,134,131
materials/maps/de_arizona_csbeta/halflife/steel_-1552_-224_-184.vmt,135,132
materials/maps/de_arizona_csbeta/halflife/steel_-1568_240_-184.vmt,134,132
materials/maps/de_arizona_csbeta/halflife/steel_-1600_8_-184.vmt,132,130
materials/maps/de_arizona_csbeta/halflife/steel_-160_-2088_-184.vmt,135,133
materials/maps/de_arizona_csbeta/halflife/steel_-16_-3392_-376.vmt,134,131
materials/maps/de_arizona_csbeta/halflife/steel_-2000_-432_-88.vmt,134,132
materials/maps/de_arizona_csbeta/halflife/steel_-2024_-1040_-120.vmt,136,132
materials/maps/de_arizona_csbeta/halflife/steel_-2072_-544_-120.vmt,135,133
materials/maps/de_arizona_csbeta/halflife/steel_-40_-3704_-368.vmt,134,131
materials/maps/de_arizona_csbeta/halflife/steel_-616_128_-968.vmt,133,130
materials/maps/de_arizona_csbeta/halflife/steel_-768_744_-184.vmt,133,130
materials/maps/de_arizona_csbeta/halflife/steel_1032_-2888_-400.vmt,135,133
materials/maps/de_arizona_csbeta/halflife/steel_1032_-3000_-408.vmt,135,132
materials/maps/de_arizona_csbeta/halflife/steel_1064_-3784_-368.vmt,135,131
materials/maps/de_arizona_csbeta/halflife/steel_1072_-2960_-272.vmt,135,132
materials/maps/de_arizona_csbeta/halflife/steel_1224_-2520_-72.vmt,134,132
materials/maps/de_arizona_csbeta/halflife/steel_1312_-3664_-360.vmt,135,131
materials/maps/de_arizona_csbeta/halflife/steel_1392_-3208_-320.vmt,135,130
materials/maps/de_arizona_csbeta/halflife/steel_1424_-3040_-312.vmt,135,132
materials/maps/de_arizona_csbeta/halflife/steel_1552_-3672_-376.vmt,135,131
materials/maps/de_arizona_csbeta/halflife/steel_1640_-3680_-376.vmt,135,131
materials/maps/de_arizona_csbeta/halflife/steel_1664_-2432_-184.vmt,135,133
materials/maps/de_arizona_csbeta/halflife/steel_1744_-2328_-96.vmt,134,132
materials/maps/de_arizona_csbeta/halflife/steel_1896_-2328_-184.vmt,135,133
materials/maps/de_arizona_csbeta/halflife/steel_2120_-2592_-184.vmt,135,133
materials/maps/de_arizona_csbeta/halflife/steel_2168_-2312_-176.vmt,135,133
materials/maps/de_arizona_csbeta/halflife/steel_248_-2528_-968.vmt,134,131
materials/maps/de_arizona_csbeta/halflife/steel_28_-2000_-160.vmt,133,129
materials/maps/de_arizona_csbeta/halflife/steel_28_-2088_-184.vmt,133,129
materials/maps/de_arizona_csbeta/halflife/steel_616_-3760_-376.vmt,134,129
materials/maps/de_arizona_csbeta/halflife/trk_bumper_1512_-2336_-176.vmt,140,138
materials/maps/de_arizona_csbeta/halflife/trk_bumper_1896_-2328_-184.vmt,140,138
materials/maps/de_arizona_csbeta/halflife/trk_bumper_512_-3632_-376.vmt,139,134
materials/maps/de_arizona_csbeta/halflife/trk_bumper_864_-3632_-376.vmt,139,135
materials/maps/de_arizona_csbeta/halflife/yellow_1024_-2536_-344.vmt,136,134
materials/maps/de_arizona_csbeta/halflife/yellow_1024_-2704_-376.vmt,136,133
materials/maps/de_arizona_csbeta/halflife/yellow_1032_-2888_-400.vmt,136,134
materials/maps/de_arizona_csbeta/halflife/yellow_1072_-2960_-272.vmt,136,133
materials/maps/de_arizona_csbeta/halflife/yellow_1080_-2352_-184.vmt,136,134
materials/maps/de_arizona_csbeta/halflife/yellow_336_-2172_-160.vmt,135,132
materials/maps/de_arizona_csbeta/halflife/yellow_480_-2096_-184.vmt,135,132
materials/maps/de_arizona_csbeta/halflife/yellow_608_-2080_-344.vmt,135,133
materials/maps/de_arizona_csbeta/halflife/yellow_616_-2272_-344.vmt,135,132
materials/maps/de_arizona_csbeta/halflife/yellow_656_-1944_-344.vmt,135,132
materials/maps/de_arizona_csbeta/halflife/yellow_720_-2080_-184.vmt,135,132
materials/maps/de_arizona_csbeta/halflife/yellow_728_-1504_-184.vmt,135,131
materials/maps/de_arizona_csbeta/halflife/yellow_736_-1376_-376.vmt,135,131
materials/maps/de_arizona_csbeta/halflife/yellow_736_-2400_-336.vmt,135,133
materials/maps/de_arizona_csbeta/halflife/yellow_744_-1504_-376.vmt,135,131
materials/maps/de_arizona_csbeta/halflife/yellow_800_-1800_-344.vmt,135,129
materials/maps/de_arizona_csbeta/halflife/yellow_824_-1640_-360.vmt,135,132
materials/maps/de_arizona_csbeta/halflife/yellow_888_-1696_-184.vmt,135,132
materials/maps/de_arizona_csbeta/halflife/yellow_912_-2248_-184.vmt,135,132
materials/maps/de_arizona_csbeta/halflife/yellow_928_-2416_-336.vmt,135,132
materials/maps/de_arizona_csbeta/halflife/{tension5_-8_-1936_-328.vmt,137,134
materials/maps/de_arizona_csbeta/halflife/{tension5_0_-2224_-328.vmt,136,133
materials/maps/de_arizona_csbeta/halflife/{tension5_192_-2000_-160.vmt,138,135
materials/maps/de_arizona_csbeta/halflife/{tension5_192_-2088_-324.vmt,138,136
materials/maps/de_arizona_csbeta/halflife/{tension5_464_-2072_-336.vmt,138,136
materials/maps/de_arizona_csbeta/halflife/~spotblue_-1096_-1088_-652.vmt,140,136
materials/maps/de_arizona_csbeta/halflife/~spotblue_-132_-768_-652.vmt,138,136
materials/maps/de_arizona_csbeta/halflife/~spotblue_-318_-814_-652.vmt,138,136
materials/maps/de_arizona_csbeta/halflife/~spotblue_-488_-984_-652.vmt,138,136
materials/maps/de_arizona_csbeta/halflife/~spotblue_-664_-1088_-652.vmt,139,137
materials/maps/de_arizona_csbeta/halflife/~spotblue_-880_-1088_-652.vmt,139,136
materials/maps/de_arizona_csbeta/halflife/~spotblue_1216_-1312_-632.vmt,139,136
materials/maps/de_arizona_csbeta/halflife/~spotblue_1328_-1312_-520.vmt,139,136
materials/maps/de_arizona_csbeta/halflife/~spotblue_1408_-1312_-144.vmt,139,136
materials/maps/de_arizona_csbeta/halflife/~spotblue_1408_-1312_-352.vmt,139,137
materials/maps/de_arizona_csbeta/halflife/~spotblue_300_-768_-652.vmt,137,134
materials/maps/de_arizona_csbeta/halflife/~spotblue_460_-844_-652.vmt,137,134
materials/maps/de_arizona_csbeta/halflife/~spotblue_630_-1014_-652.vmt,138,136
materials/maps/de_arizona_csbeta/halflife/~spotblue_800_-1184_-652.vmt,138,136
materials/maps/de_arizona_csbeta/halflife/~spotblue_84_-768_-652.vmt,136,134
materials/maps/de_arizona_csbeta/halflife/~spotblue_992_-1312_-652.vmt,138,135
materials/maps/de_arizona_csbeta/halflife/~spotred_-880_-1152_-632.vmt,138,136
materials/maps/de_arizona_csbeta/halflife/~spotred_1280_-1508_-208.vmt,138,136
materials/maps/de_arizona_csbeta/maps/de_arizona_csbeta/arizona/!at_oil01_-880_-1088_-652_depth_8.vmt,142,131
materials/maps/de_arizona_csbeta/maps/de_arizona_csbeta/arizona/scroll_at_water_72_-2704_-968_depth_32.vmt,147,132
materials/maps/de_arizona_csbeta/tools/toolsblack_metalgrate_1512_-2336_-176.vmt,148,141
materials/maps/de_arizona_csbeta/tools/toolsblack_metalgrate_1664_-2432_-184.vmt,148,141
materials/maps/de_arizona_csbeta/tools/toolsblack_metalgrate_1680_-2200_-184.vmt,148,141
materials/maps/de_arizona_csbeta/tools/toolsblack_metalgrate_816_-3768_-376.vmt,147,137
materials/maps/de_arizona_csbeta/tools/toolsblack_metalgrate_864_-3632_-376.vmt,147,139
materials/maps/de_arizona_csbeta/tools/toolsblack_metalgrate_976_-3408_-392.vmt,147,140
materials/maps/de_arizona_csbeta/tools/toolsblack_metalpanel2_-1036_-1184_-560.vmt,150,142
materials/maps/de_arizona_csbeta/tools/toolsblack_metalpanel2_-1216_-1088_-652.vmt,150,143
materials/maps/de_arizona_csbeta/tools/toolsblack_metalpanel2_-1320_-928_-184.vmt,149,142
materials/maps/de_arizona_csbeta/tools/toolsblack_metalpanel2_-132_-768_-652.vmt,148,141
materials/maps/de_arizona_csbeta/tools/toolsblack_metalpanel2_-2024_-1040_-120.vmt,150,142
materials/maps/de_arizona_csbeta/tools/toolsblack_metalpanel2_-318_-814_-652.vmt,148,141
materials/maps/de_arizona_csbeta/tools/toolsblack_metalpanel2_-336_-832_-540.vmt,148,141
materials/maps/de_arizona_csbeta/tools/toolsblack_metalpanel2_-416_-912_-540.vmt,148,141
materials/maps/de_arizona_csbeta/tools/toolsblack_metalpanel2_-480_-984_-540.vmt,148,141
materials/maps/de_arizona_csbeta/tools/toolsblack_metalpanel2_-512_-624_-968.vmt,148,141
materials/maps/de_arizona_csbeta/tools/toolsblack_metalpanel2_-552_-1048_-652.vmt,149,142
materials/maps/de_arizona_csbeta/tools/toolsblack_metalpanel2_-800_-1216_-648.vmt,149,142
materials/maps/de_arizona_csbeta/tools/toolsblack_metalpanel2_-880_-1152_-632.vmt,149,142
materials/maps/de_arizona_csbeta/tools/toolsblack_metalpanel2_-888_-1216_-648.vmt,149,142
materials/maps/de_arizona_csbeta/tools/toolsblack_metalpanel2_1120_-1312_-652.vmt,149,141
materials/maps/de_arizona_csbeta/tools/toolsblack_metalpanel2_1216_-1288_-200.vmt,149,142
materials/maps/de_arizona_csbeta/tools/toolsblack_metalpanel2_1216_-1312_-632.vmt,149,141
materials/maps/de_arizona_csbeta/tools/toolsblack_metalpanel2_1224_-1400_-200.vmt,149,142
materials/maps/de_arizona_csbeta/tools/toolsblack_metalpanel2_1328_-1312_-200.vmt,149,142
materials/maps/de_arizona_csbeta/tools/toolsblack_metalpanel2_1328_-1312_-520.vmt,149,142
materials/maps/de_arizona_csbeta/tools/toolsblack_metalpanel2_1328_-1376_-200.vmt,149,142
materials/maps/de_arizona_csbeta/tools/toolsblack_metalpanel2_1344_-1248_-200.vmt,149,142
materials/maps/de_arizona_csbeta/tools/toolsblack_metalpanel2_1408_-1312_-144.vmt,149,141
materials/maps/de_arizona_csbeta/tools/toolsblack_metalpanel2_1408_-1312_-352.vmt,149,142
materials/maps/de_arizona_csbeta/tools/toolsblack_metalpanel2_1408_-1312_-440.vmt,149,142
materials/maps/de_arizona_csbeta/tools/toolsblack_metalpanel2_300_-768_-652.vmt,147,140
materials/maps/de_arizona_csbeta/tools/toolsblack_metalpanel2_460_-844_-652.vmt,147,140
materials/maps/de_arizona_csbeta/tools/toolsblack_metalpanel2_630_-1014_-652.vmt,148,141
materials/maps/de_arizona_csbeta/tools/toolsblack_metalpanel2_752_-760_-256.vmt,147,140
materials/maps/de_arizona_csbeta/tools/toolsblack_metalpanel2_800_-1184_-652.vmt,148,141
materials/maps/de_arizona_csbeta/tools/toolsblack_metalpanel2_848_-1376_-376.vmt,148,140
materials/maps/de_arizona_csbeta/tools/toolsblack_metalpanel2_84_-768_-652.vmt,146,139
materials/maps/de_arizona_csbeta/tools/toolsblack_metalpanel2_884_-1268_-652.vmt,148,141
materials/maps/de_arizona_csbeta/tools/toolsblack_metalpanel_-1072_-1120_-184.vmt,149,140
materials/maps/de_arizona_csbeta/tools/toolsblack_metalpanel_-1072_-1248_-184.vmt,149,140
materials/maps/de_arizona_csbeta/tools/toolsblack_metalpanel_-1148_-1721_-184.vmt,149,141
materials/maps/de_arizona_csbeta/tools/toolsblack_metalpanel_-1216_-1184_-184.vmt,149,140
materials/maps/de_arizona_csbeta/tools/toolsblack_metalpanel_-1247_-1483_-184.vmt,149,141
materials/maps/de_arizona_csbeta/tools/toolsblack_metalpanel_-1312_-656_-184.vmt,148,141
materials/maps/de_arizona_csbeta/tools/toolsblack_metalpanel_-1320_-1184_-184.vmt,149,140
materials/maps/de_arizona_csbeta/tools/toolsblack_metalpanel_-1320_-928_-184.vmt,148,141
materials/maps/de_arizona_csbeta/tools/toolsblack_metalpanel_-1448_-1184_-152.vmt,149,141
materials/maps/de_arizona_csbeta/tools/toolsblack_metalpanel_-160_-2088_-184.vmt,148,141
materials/maps/de_arizona_csbeta/tools/toolsblack_metalpanel_-416_-1984_-184.vmt,148,140
materials/maps/de_arizona_csbeta/tools/toolsblack_metalpanel_-416_-2088_-184.vmt,148,141
materials/maps/de_arizona_csbeta/tools/toolsblack_metalpanel_-416_-2208_-152.vmt,148,141
materials/maps/de_arizona_csbeta/tools/toolsblack_metalpanel_-448_-944_-968.vmt,147,139
materials/maps/de_arizona_csbeta/tools/toolsblack_metalpanel_-716_-2014_-184.vmt,148,141
materials/maps/de_arizona_csbeta/tools/toolsblack_metalpanel_-880_-1088_-652.vmt,148,140
materials/maps/de_arizona_csbeta/tools/toolsblack_metalpanel_-880_-1152_-632.vmt,148,141
materials/maps/de_arizona_csbeta/tools/toolsblack_metalpanel_-953_-1916_-184.vmt,148,140
materials/maps/de_arizona_csbeta/tools/toolsblack_metalpanel_1224_-1400_-200.vmt,148,141
materials/maps/de_arizona_csbeta/tools/toolsblack_metalpanel_1264_-2592_-264.vmt,148,140
materials/maps/de_arizona_csbeta/tools/toolsblack_metalpanel_1280_-1504_-48.vmt,147,140
materials/maps/de_arizona_csbeta/tools/toolsblack_metalpanel_1280_-1508_-208.vmt,148,141
materials/maps/de_arizona_csbeta/tools/toolsblack_metalpanel_1328_-1376_-200.vmt,148,141
materials/maps/de_arizona_csbeta/tools/toolsblack_metalpanel_1344_-2712_-312.vmt,148,141
materials/maps/de_arizona_csbeta/tools/toolsblack_metalpanel_1408_-1312_-144.vmt,148,140
materials/maps/de_arizona_csbeta/tools/toolsblack_metalpanel_1408_-1312_-352.vmt,148,141
materials/maps/de_arizona_csbeta/tools/toolsblack_metalpanel_1440_-2592_-224.vmt,148,140
materials/maps/de_arizona_csbeta/tools/toolsblack_metalpanel_1512_-2336_-176.vmt,148,141
materials/maps/de_arizona_csbeta/tools/toolsblack_metalpanel_1648_-2328_-120.vmt,148,140
materials/maps/de_arizona_csbeta/tools/toolsblack_metalpanel_1664_-2432_-184.vmt,148,141
materials/maps/de_arizona_csbeta/tools/toolsblack_metalpanel_1680_-2200_-184.vmt,148,140
materials/maps/de_arizona_csbeta/tools/toolsblack_metalpanel_1744_-2328_-96.vmt,147,140
materials/maps/de_arizona_csbeta/tools/toolsblack_metalpanel_1896_-2328_-184.vmt,148,141
materials/maps/de_arizona_csbeta/tools/toolsblack_metalpanel_28_-2000_-160.vmt,146,138
materials/maps/de_arizona_csbeta/tools/toolsblack_metalpanel_28_-2088_-184.vmt,146,138
materials/maps/de_arizona_csbeta/tools/toolsblack_metalpanel_28_-2172_-160.vmt,146,139
materials/maps/de_arizona_csbeta/tools/toolsblack_metalpanel_512_-3632_-376.vmt,147,138
materials/maps/de_arizona_csbeta/tools/toolsblack_metalpanel_544_-3472_-272.vmt,147,140
materials/maps/de_arizona_csbeta/tools/toolsblack_metalpanel_616_-3760_-376.vmt,147,137
materials/maps/de_arizona_csbeta/tools/toolsblack_metalpanel_72_-2704_-968.vmt,146,139
materials/maps/de_arizona_csbeta/tools/toolsblack_metalpanel_768_-3624_-312.vmt,147,139
materials/maps/de_arizona_csbeta/tools/toolsblack_metalpanel_816_-3768_-376.vmt,147,137
materials/maps/de_arizona_csbeta/tools/toolsblack_metalpanel_832_-1520_-144.vmt,147,139
materials/maps/de_arizona_csbeta/tools/toolsblack_metalpanel_840_-3144_-400.vmt,147,140
materials/maps/de_arizona_csbeta/tools/toolsblack_metalpanel_848_-1584_-184.vmt,147,137
materials/maps/de_arizona_csbeta/tools/toolsblack_metalpanel_864_-3632_-376.vmt,147,139
materials/maps/de_arizona_csbeta/tools/toolsblack_metalpanel_888_-1696_-184.vmt,147,139
materials/maps/de_arizona_csbeta/tools/toolsblack_metalpanel_944_-1552_-184.vmt,147,139
materials/maps/de_arizona_csbeta/tools/toolsblack_metalpanel_976_-3408_-392.vmt,147,139
materials/models/cactus/cactus.vmt,109,103
materials/models/cactus/cactus.vtf,131217,65959
materials/overviews/de_arizona_csbeta.vmt,149,123
materials/overviews/de_arizona_csbeta.vtf,5592612,821867
materials/overviews/de_arizona_csbeta_radar.vmt,176,134
materials/overviews/de_arizona_csbeta_radar.vtf,5592612,764067
materials/skybox/gfx/env/arizonabk.vmt,94,95
materials/skybox/gfx/env/arizonabk.vtf,4194511,1982315
materials/skybox/gfx/env/arizonadn.vmt,94,95
materials/skybox/gfx/env/arizonadn.vtf,4194511,2166824
materials/skybox/gfx/env/arizonaft.vmt,94,95
materials/skybox/gfx/env/arizonaft.vtf,4194511,2132797
materials/skybox/gfx/env/arizonalf.vmt,94,95
materials/skybox/gfx/env/arizonalf.vtf,4194511,1917904
materials/skybox/gfx/env/arizonart.vmt,94,96
materials/skybox/gfx/env/arizonart.vtf,4194511,2007408
materials/skybox/gfx/env/arizonaup.vmt,94,96
materials/skybox/gfx/env/arizonaup.vtf,4194511,1013537
materials/sprites/de_arizona_glow.vmt,150,125
materials/sprites/de_arizona_glow.vtf,16591,3220
materials/sprites/xsmoke1.vmt,363,208
materials/sprites/xsmoke1.vtf,61633,23323
materials/tools/invisible_metal.vmt,153,133
materials/tools/invisible_metalgrate.vmt,158,136
materials/tools/toolsblack_metalgrate.vmt,147,123
materials/tools/toolsblack_metalpanel.vmt,147,123
materials/tools/toolsblack_metalpanel2.vmt,170,140
materials/tools/toolsblack_rubbertire.vmt,89,91
materials/tools/toolsblack_wood_plank.vmt,89,91
materials/tools/toolsblock_los.vmt,273,162
materials/tools/toolsbuyzone.vmt,122,116
materials/tools/toolsbuyzone.vtf,5696,2381
materials/tools/toolsclip_metal.vmt,151,123
materials/tools/toolseffect.vmt,98,97
materials/tools/toolseffect.vtf,5712,523
materials/tools/toolshurt.vmt,282,226
materials/tools/toolshurt.vtf,5696,596
materials/tools/toolsinvisible_glass.vmt,154,127
materials/tools/toolsnoclip.vmt,137,111
materials/tools/toolsnoclip.vtf,2952,557
materials/tools/toolsphysicsclip.vmt,103,101
materials/tools/toolsphysicsclip.vtf,5712,1360
materials/tools/toolssoundscape.vmt,140,129
materials/tools/toolssoundscape.vtf,5696,2123
materials/tools/toolswind.vmt,282,225
materials/tools/toolswind.vtf,5696,699
models/cactus.dx80.vtx,1755,501
models/cactus.dx90.vtx,1755,501
models/cactus.mdl,1724,417
models/cactus.phy,687,461
models/cactus.sw.vtx,1755,493
models/cactus.vvd,6592,3068
resource/overviews/de_arizona_csbeta.txt,353,251
scripts/soundscapes_de_arizona_csbeta.txt,10617,1188
sp_0.vhv,1024,307
sp_1.vhv,1024,291
sp_10.vhv,1024,313
sp_11.vhv,1024,311
sp_2.vhv,1024,284
sp_3.vhv,1024,236
sp_4.vhv,1024,297
sp_5.vhv,1024,307
sp_6.vhv,1024,308
sp_7.vhv,1024,303
sp_8.vhv,1024,299
sp_9.vhv,1024,311
sp_hdr_0.vhv,1024,307
sp_hdr_1.vhv,1024,291
sp_hdr_10.vhv,1024,313
sp_hdr_11.vhv,1024,311
sp_hdr_2.vhv,1024,284
sp_hdr_3.vhv,1024,236
sp_hdr_4.vhv,1024,297
sp_hdr_5.vhv,1024,307
sp_hdr_6.vhv,1024,308
sp_hdr_7.vhv,1024,303
sp_hdr_8.vhv,1024,299
sp_hdr_9.vhv,1024,311
