filename,size,compressed
maps/ze_the_parish_cemetery_v2_particles.txt,57,64
materials/brick/brick_ext_02_height-ssbump.vtf,175008,147450
materials/brick/brick_ext_06.vmt,155,127
materials/brick/brick_ext_06.vtf,175008,114642
materials/brick/brick_ext_06_cheap.vmt,103,102
materials/brick/brick_ext_07.vmt,99,101
materials/brick/brick_ext_07.vtf,175008,113812
materials/brick/brick_floor_01.vmt,159,128
materials/brick/brick_floor_01.vtf,175008,127713
materials/brick/brick_floor_01_height-ssbump.vtf,175008,154333
materials/buildings/building_balcony_01.vmt,109,111
materials/buildings/building_balcony_01.vtf,175008,112251
materials/buildings/building_trim_ext_01.vmt,114,114
materials/buildings/building_trim_ext_01.vtf,43856,32828
materials/buildings/shingles_ext_01.vmt,109,113
materials/buildings/shingles_ext_01.vtf,175008,102233
materials/buildings/shingles_ext_02.vmt,109,113
materials/buildings/shingles_ext_02.vtf,175008,90253
materials/buildings/tarp_ext_01.vmt,103,109
materials/buildings/tarp_ext_01.vtf,175008,133021
materials/concrete/blacktop_ext_01_height-ssbump.vtf,349784,326530
materials/concrete/blacktop_ext_03.vtf,175008,124727
materials/concrete/blacktop_ext_04.vtf,175008,140754
materials/concrete/blend_blacktop_02.vmt,369,233
materials/concrete/blend_blacktop_04.vmt,219,148
materials/concrete/blend_rubble_01.vmt,182,130
materials/concrete/blend_rubble_02.vmt,290,201
materials/concrete/blend_sidewalk_01.vmt,234,143
materials/concrete/bridge_road01a.vmt,265,197
materials/concrete/bridge_road01a_cheap.vmt,123,106
materials/concrete/charred_rubble.vtf,699288,420330
materials/concrete/concrete_ext_01.vmt,108,104
materials/concrete/concrete_ext_01.vtf,175008,125835
materials/concrete/concrete_ext_02.vmt,108,104
materials/concrete/concrete_ext_02.vtf,175008,104274
materials/concrete/concrete_ext_03.vmt,108,104
materials/concrete/concrete_ext_03.vtf,175008,127681
materials/concrete/concrete_ext_04.vtf,175008,124432
materials/concrete/concrete_ext_04_cheap.vmt,108,104
materials/concrete/concrete_ext_07.vmt,108,104
materials/concrete/concrete_ext_07.vtf,175008,129778
materials/concrete/concrete_ext_08.vmt,108,104
materials/concrete/concrete_ext_08.vtf,175008,120153
materials/concrete/concrete_ext_09.vmt,108,104
materials/concrete/concrete_ext_09.vtf,175008,103897
materials/concrete/concrete_ext_10.vmt,108,104
materials/concrete/concrete_ext_10.vtf,43856,34758
materials/concrete/concrete_ext_11.vmt,108,104
materials/concrete/concrete_ext_11.vtf,43856,29295
materials/concrete/concrete_ext_12.vmt,108,104
materials/concrete/concrete_ext_12.vtf,175008,124759
materials/concrete/concrete_floor_02.vmt,110,107
materials/concrete/concrete_floor_02.vtf,175008,136847
materials/concrete/concrete_floor_02b.vmt,111,107
materials/concrete/concrete_floor_02b.vtf,175008,141866
materials/concrete/concrete_floor_03.vmt,110,107
materials/concrete/concrete_floor_03.vtf,175008,137831
materials/concrete/concrete_floor_05.vmt,112,105
materials/concrete/concrete_floor_05.vtf,175008,124968
materials/concrete/concrete_floor_06.vtf,175008,116948
materials/concrete/concrete_floor_07.vtf,175008,124629
materials/concrete/concrete_floor_08.vtf,175008,143135
materials/concrete/crypt_00.vmt,101,104
materials/concrete/crypt_00.vtf,175008,131213
materials/concrete/crypt_01.vmt,101,104
materials/concrete/crypt_01.vtf,175008,113622
materials/concrete/crypt_02.vmt,101,104
materials/concrete/crypt_02.vtf,175008,122321
materials/concrete/crypt_03.vmt,101,104
materials/concrete/crypt_03.vtf,175008,116484
materials/concrete/highway_01.vmt,103,105
materials/concrete/highway_01.vtf,175008,115188
materials/concrete/pavement_height-ssbump.vtf,699288,649025
materials/concrete/roadgrate01.vmt,86,89
materials/concrete/roadgrate01.vtf,43856,31721
materials/concrete/rubble_floor_01.vtf,175008,148101
materials/concrete/rubbleedge.vtf,175008,127257
materials/concrete/sewer_concretewall02a.vtf,175008,117421
materials/concrete/sewer_concretewall02a_cheap.vmt,124,109
materials/concrete/street_overlay_02.vmt,168,143
materials/concrete/street_overlay_02.vtf,87576,39328
materials/concrete/street_overlay_crossing.vmt,193,160
materials/concrete/street_overlay_crossing.vtf,349784,300957
materials/concrete/street_overlay_noparking.vmt,194,161
materials/concrete/street_overlay_noparking.vtf,349784,287136
materials/concrete/street_overlay_noparking00.vmt,196,163
materials/concrete/street_overlay_noparking00.vtf,174968,150961
materials/concrete/subway_concretewall_01a.vtf,175008,126437
materials/decals/blood_splatter.vmt,119,104
materials/decals/blood_splatter.vtf,349720,37728
materials/decals/checkpoint01_orange.vmt,141,121
materials/decals/checkpoint01_orange.vtf,87640,10540
materials/decals/checkpointarrow01_orange.vmt,150,126
materials/decals/checkpointarrow01_orange.vtf,43896,6355
materials/decals/debris_exterior_00.vmt,167,140
materials/decals/debris_exterior_00.vtf,87640,41722
materials/decals/debris_exterior_01.vmt,167,142
materials/decals/debris_exterior_01.vtf,174968,101131
materials/decals/metal_vent01.vmt,140,117
materials/decals/metal_vent01.vtf,87640,24611
materials/decals/scorch1_x3.vmt,174,133
materials/decals/sign02.vmt,134,112
materials/decals/sign02.vtf,22104,6378
materials/decals/sign03.vmt,134,113
materials/decals/sign03.vtf,22104,6518
materials/decals/trash_00.vmt,157,133
materials/decals/trash_00.vtf,349784,121842
materials/detail/detailsprites_overgrown.vmt,183,133
materials/detail/detailsprites_overgrown.vtf,349784,150279
materials/effects/fas_glow_debris.vmt,116,107
materials/effects/fas_glow_debris.vtf,22080,5081
materials/effects/hl2mmod/hl2mmod_distortionsandrefractions.vmt,307,168
materials/effects/hl2mmod/hl2mmod_distortionsandrefractions.vtf,65616,44451
materials/effects/neuro_blasts.vmt,227,176
materials/effects/neuro_blasts.vtf,5595144,261116
materials/effects/neuro_debris.vmt,271,224
materials/effects/neuro_debris.vtf,350092,36892
materials/effects/neuro_glow.vmt,113,98
materials/effects/neuro_glow.vtf,65744,7181
materials/effects/neuro_smokes_anim.vmt,264,217
materials/effects/neuro_smokes_anim.vtf,350956,163836
materials/effects/rays_dust.vmt,415,222
materials/effects/rays_dust_00.vtf,43936,16159
materials/effects/rays_dust_scroll.vtf,43936,19202
materials/effects/softglow.vtf,11168,3997
materials/effects/softglow_noz.vmt,154,127
materials/fool/mw2/icbm_hazardstripe2.vmt,181,144
materials/fool/mw2/icbm_hazardstripe2.vtf,32976,19288
materials/glass/glass01opaque.vmt,233,159
materials/glass/hotel_glass001.vmt,215,170
materials/glass/hotel_glass001.vtf,349784,273298
materials/glass/offwndwb_break_hdr.vmt,338,205
materials/glass/offwndwb_break_hdr.vtf,349784,265921
materials/glass/urban_glass_03.vmt,317,192
materials/glass/urban_glass_03.vtf,349784,287574
materials/glass/urban_glass_03_ref.vtf,43936,30670
materials/graffiti/graffiti_melt_throw_512.vmt,110,99
materials/graffiti/graffiti_melt_throw_512.vtf,87576,18483
materials/graffiti/graffiti_saferoom_c5_m3-4_01.vmt,137,121
materials/graffiti/graffiti_saferoom_c5_m3-4_01.vtf,175008,39097
materials/graffiti/graffiti_saferoom_c5_m3-4_02.vmt,137,121
materials/graffiti/graffiti_saferoom_c5_m3-4_02.vtf,175008,34187
materials/graffiti/graffiti_saferoom_c5_m3house01.vmt,139,122
materials/graffiti/graffiti_saferoom_c5_m3house01.vtf,43936,6154
materials/graffiti/graffiti_saferoom_c5_m3house02.vmt,139,122
materials/graffiti/graffiti_saferoom_c5_m3house02.vtf,175008,23280
materials/graffiti/graffiti_saferoom_c5_m3house03.vmt,139,122
materials/graffiti/graffiti_saferoom_c5_m3house03.vtf,175008,32467
materials/maps/ze_the_parish_cemetery_v2/c2630_459_113.hdr.vtf,76536,35667
materials/maps/ze_the_parish_cemetery_v2/c2630_459_113.vtf,28753,113
materials/maps/ze_the_parish_cemetery_v2/c3143_2691_241.hdr.vtf,76536,18811
materials/maps/ze_the_parish_cemetery_v2/c3143_2691_241.vtf,28753,113
materials/maps/ze_the_parish_cemetery_v2/c3594_1261_121.hdr.vtf,76536,27846
materials/maps/ze_the_parish_cemetery_v2/c3594_1261_121.vtf,28753,113
materials/maps/ze_the_parish_cemetery_v2/c3606_434_69.hdr.vtf,76536,17644
materials/maps/ze_the_parish_cemetery_v2/c3606_434_69.vtf,28753,113
materials/maps/ze_the_parish_cemetery_v2/c3680_1659_137.hdr.vtf,76536,33406
materials/maps/ze_the_parish_cemetery_v2/c3680_1659_137.vtf,28753,113
materials/maps/ze_the_parish_cemetery_v2/c3767_5444_73.hdr.vtf,76536,12882
materials/maps/ze_the_parish_cemetery_v2/c3767_5444_73.vtf,28753,113
materials/maps/ze_the_parish_cemetery_v2/c4227_3928_73.hdr.vtf,76536,33289
materials/maps/ze_the_parish_cemetery_v2/c4227_3928_73.vtf,28753,113
materials/maps/ze_the_parish_cemetery_v2/c4232_344_121.hdr.vtf,76536,35313
materials/maps/ze_the_parish_cemetery_v2/c4232_344_121.vtf,28753,113
materials/maps/ze_the_parish_cemetery_v2/c4247_2565_81.hdr.vtf,76536,36140
materials/maps/ze_the_parish_cemetery_v2/c4247_2565_81.vtf,28753,113
materials/maps/ze_the_parish_cemetery_v2/c4266_1119_121.hdr.vtf,76536,33234
materials/maps/ze_the_parish_cemetery_v2/c4266_1119_121.vtf,28753,113
materials/maps/ze_the_parish_cemetery_v2/c4341_314_-174.hdr.vtf,76536,13318
materials/maps/ze_the_parish_cemetery_v2/c4341_314_-174.vtf,28753,113
materials/maps/ze_the_parish_cemetery_v2/c4533_314_-174.hdr.vtf,76536,3899
materials/maps/ze_the_parish_cemetery_v2/c4533_314_-174.vtf,28753,113
materials/maps/ze_the_parish_cemetery_v2/c4626_3226_89.hdr.vtf,76536,36248
materials/maps/ze_the_parish_cemetery_v2/c4626_3226_89.vtf,28753,113
materials/maps/ze_the_parish_cemetery_v2/c4853_314_-174.hdr.vtf,76536,1773
materials/maps/ze_the_parish_cemetery_v2/c4853_314_-174.vtf,28753,113
materials/maps/ze_the_parish_cemetery_v2/c5160_312_-167.hdr.vtf,76536,2687
materials/maps/ze_the_parish_cemetery_v2/c5160_312_-167.vtf,28753,113
materials/maps/ze_the_parish_cemetery_v2/c5749_378_-174.hdr.vtf,76536,10860
materials/maps/ze_the_parish_cemetery_v2/c5749_378_-174.vtf,28753,113
materials/maps/ze_the_parish_cemetery_v2/c5763_6413_115.hdr.vtf,76536,30390
materials/maps/ze_the_parish_cemetery_v2/c5763_6413_115.vtf,28753,113
materials/maps/ze_the_parish_cemetery_v2/c5871_7873_111.hdr.vtf,76536,31478
materials/maps/ze_the_parish_cemetery_v2/c5871_7873_111.vtf,28753,113
materials/maps/ze_the_parish_cemetery_v2/c5926_-1051_41.hdr.vtf,76536,35766
materials/maps/ze_the_parish_cemetery_v2/c5926_-1051_41.vtf,28753,113
materials/maps/ze_the_parish_cemetery_v2/c5941_154_-174.hdr.vtf,76536,9014
materials/maps/ze_the_parish_cemetery_v2/c5941_154_-174.vtf,28753,113
materials/maps/ze_the_parish_cemetery_v2/c5941_378_-174.hdr.vtf,76536,22271
materials/maps/ze_the_parish_cemetery_v2/c5941_378_-174.vtf,28753,113
materials/maps/ze_the_parish_cemetery_v2/c5941_634_-174.hdr.vtf,76536,7500
materials/maps/ze_the_parish_cemetery_v2/c5941_634_-174.vtf,28753,113
materials/maps/ze_the_parish_cemetery_v2/c5955_190_41.hdr.vtf,76536,36060
materials/maps/ze_the_parish_cemetery_v2/c5955_190_41.vtf,28753,113
materials/maps/ze_the_parish_cemetery_v2/c6165_378_-174.hdr.vtf,76536,9214
materials/maps/ze_the_parish_cemetery_v2/c6165_378_-174.vtf,28753,113
materials/maps/ze_the_parish_cemetery_v2/c6384_8381_41.hdr.vtf,76536,26875
materials/maps/ze_the_parish_cemetery_v2/c6384_8381_41.vtf,28753,113
materials/maps/ze_the_parish_cemetery_v2/c6912_-4270_165.hdr.vtf,76536,25609
materials/maps/ze_the_parish_cemetery_v2/c6912_-4270_165.vtf,28753,113
materials/maps/ze_the_parish_cemetery_v2/c7336_-9592_132.hdr.vtf,76536,27423
materials/maps/ze_the_parish_cemetery_v2/c7336_-9592_132.vtf,28753,113
materials/maps/ze_the_parish_cemetery_v2/c8319_-8680_241.hdr.vtf,76536,30940
materials/maps/ze_the_parish_cemetery_v2/c8319_-8680_241.vtf,28753,113
materials/maps/ze_the_parish_cemetery_v2/concrete/blend_blacktop_02_wvt_patch.vmt,285,198
materials/maps/ze_the_parish_cemetery_v2/concrete/blend_blacktop_04_wvt_patch.vmt,119,107
materials/maps/ze_the_parish_cemetery_v2/concrete/blend_rubble_01_wvt_patch.vmt,123,117
materials/maps/ze_the_parish_cemetery_v2/concrete/blend_rubble_02_wvt_patch.vmt,207,162
materials/maps/ze_the_parish_cemetery_v2/concrete/blend_sidewalk_01_wvt_patch.vmt,126,108
materials/maps/ze_the_parish_cemetery_v2/cubemapdefault.hdr.vtf,28753,113
materials/maps/ze_the_parish_cemetery_v2/cubemapdefault.vtf,9832,104
materials/maps/ze_the_parish_cemetery_v2/fool/mw2/icbm_hazardstripe2_3143_2691_241.vmt,153,148
materials/maps/ze_the_parish_cemetery_v2/fool/mw2/icbm_hazardstripe2_5926_-1051_41.vmt,153,147
materials/maps/ze_the_parish_cemetery_v2/glass/glass01opaque_2630_459_113.vmt,144,135
materials/maps/ze_the_parish_cemetery_v2/glass/glass01opaque_3594_1261_121.vmt,145,136
materials/maps/ze_the_parish_cemetery_v2/glass/glasswindowbreak070b_5763_6413_115.vmt,152,140
materials/maps/ze_the_parish_cemetery_v2/glass/hotel_glass001_5749_378_-174.vmt,146,139
materials/maps/ze_the_parish_cemetery_v2/glass/hotel_glass001_5926_-1051_41.vmt,146,138
materials/maps/ze_the_parish_cemetery_v2/glass/hotel_glass001_6912_-4270_165.vmt,147,140
materials/maps/ze_the_parish_cemetery_v2/glass/urban_glass_03_5763_6413_115.vmt,241,171
materials/maps/ze_the_parish_cemetery_v2/maps/ze_the_parish_cemetery_v2/nature/sewer_water001_5941_154_-174_depth_16.vmt,153,141
materials/maps/ze_the_parish_cemetery_v2/metal/drtrimd_7336_-9592_132.vmt,140,136
materials/maps/ze_the_parish_cemetery_v2/metal/metal_corrugated04a_2630_459_113.vmt,150,141
materials/maps/ze_the_parish_cemetery_v2/metal/metal_corrugated04a_3143_2691_241.vmt,151,142
materials/maps/ze_the_parish_cemetery_v2/metal/metal_corrugated04a_3594_1261_121.vmt,151,141
materials/maps/ze_the_parish_cemetery_v2/metal/metal_corrugated04a_3606_434_69.vmt,149,139
materials/maps/ze_the_parish_cemetery_v2/metal/metal_corrugated04a_3680_1659_137.vmt,151,142
materials/maps/ze_the_parish_cemetery_v2/metal/metal_corrugated04a_3767_5444_73.vmt,150,141
materials/maps/ze_the_parish_cemetery_v2/metal/metal_corrugated04a_4227_3928_73.vmt,150,141
materials/maps/ze_the_parish_cemetery_v2/metal/metal_corrugated04a_4247_2565_81.vmt,150,141
materials/maps/ze_the_parish_cemetery_v2/metal/metal_corrugated04a_4533_314_-174.vmt,151,142
materials/maps/ze_the_parish_cemetery_v2/metal/metal_corrugated04a_4626_3226_89.vmt,150,140
materials/maps/ze_the_parish_cemetery_v2/metal/metal_corrugated04a_5926_-1051_41.vmt,151,142
materials/maps/ze_the_parish_cemetery_v2/metal/metal_corrugated04a_6912_-4270_165.vmt,152,143
materials/maps/ze_the_parish_cemetery_v2/metal/offelevdrsa_3767_5444_73.vmt,142,137
materials/maps/ze_the_parish_cemetery_v2/metal/offelevdrsa_5926_-1051_41.vmt,143,137
materials/maps/ze_the_parish_cemetery_v2/metal/offelevdrsa_6912_-4270_165.vmt,144,140
materials/maps/ze_the_parish_cemetery_v2/metal/offelevdrsa_7336_-9592_132.vmt,144,140
materials/maps/ze_the_parish_cemetery_v2/metal/offelevdrsa_8319_-8680_241.vmt,144,140
materials/maps/ze_the_parish_cemetery_v2/nature/blend_dirt_concrete_01_wvt_patch.vmt,287,196
materials/maps/ze_the_parish_cemetery_v2/nature/blend_dirt_concrete_03_wvt_patch.vmt,287,195
materials/maps/ze_the_parish_cemetery_v2/nature/blend_dirt_concrete_04_wvt_patch.vmt,126,109
materials/maps/ze_the_parish_cemetery_v2/nature/blend_dirt_concrete_06_wvt_patch.vmt,127,110
materials/maps/ze_the_parish_cemetery_v2/nature/blend_grass_concrete_01_wvt_patch.vmt,117,110
materials/maps/ze_the_parish_cemetery_v2/nature/blend_urbandirtlawn01_cheap_wvt_patch.vmt,117,110
materials/maps/ze_the_parish_cemetery_v2/nature/blend_urbandirtlawn01_wvt_patch.vmt,279,204
materials/maps/ze_the_parish_cemetery_v2/nature/sewer_water001_4341_314_-174.vmt,147,142
materials/maps/ze_the_parish_cemetery_v2/nature/sewer_water001_5941_154_-174.vmt,147,142
materials/maps/ze_the_parish_cemetery_v2/tile/urban_countertop01b_3143_2691_241.vmt,150,145
materials/maps/ze_the_parish_cemetery_v2/tile/urban_countertop01b_3594_1261_121.vmt,150,144
materials/maps/ze_the_parish_cemetery_v2/tile/urban_countertop01b_3606_434_69.vmt,148,144
materials/maps/ze_the_parish_cemetery_v2/tile/urban_countertop01b_3680_1659_137.vmt,150,145
materials/maps/ze_the_parish_cemetery_v2/tile/urban_countertop01b_3767_5444_73.vmt,149,144
materials/maps/ze_the_parish_cemetery_v2/tile/urban_countertop01b_4227_3928_73.vmt,149,144
materials/maps/ze_the_parish_cemetery_v2/tile/urban_countertop01b_4247_2565_81.vmt,149,144
materials/maps/ze_the_parish_cemetery_v2/tile/urban_countertop01b_4341_314_-174.vmt,150,145
materials/maps/ze_the_parish_cemetery_v2/tile/urban_countertop01b_5763_6413_115.vmt,150,145
materials/maps/ze_the_parish_cemetery_v2/tile/urban_countertop01b_6384_8381_41.vmt,149,144
materials/maps/ze_the_parish_cemetery_v2/wood/urban_woodcabinets02a_3143_2691_241.vmt,152,145
materials/maps/ze_the_parish_cemetery_v2/wood/urban_woodcabinets02a_3594_1261_121.vmt,152,144
materials/maps/ze_the_parish_cemetery_v2/wood/urban_woodcabinets02a_3606_434_69.vmt,150,143
materials/maps/ze_the_parish_cemetery_v2/wood/urban_woodcabinets02a_3767_5444_73.vmt,151,144
materials/maps/ze_the_parish_cemetery_v2/wood/urban_woodcabinets02a_4227_3928_73.vmt,151,143
materials/maps/ze_the_parish_cemetery_v2/wood/urban_woodcabinets02a_4247_2565_81.vmt,151,143
materials/maps/ze_the_parish_cemetery_v2/wood/urban_woodcabinets02a_4626_3226_89.vmt,151,143
materials/metal/ceiling_grey01.vmt,87,92
materials/metal/ceiling_grey01.vtf,175008,69069
materials/metal/corrugated-ssbump.vtf,349784,152233
materials/metal/drtrimd.vmt,161,126
materials/metal/drtrimd.vtf,43856,18047
materials/metal/metal_corrugated01a.vtf,175008,87593
materials/metal/metal_corrugated01a_cheap.vmt,92,93
materials/metal/metal_corrugated03a.vtf,175008,122598
materials/metal/metal_corrugated03b.vtf,175008,122910
materials/metal/metal_corrugated04a.vmt,220,161
materials/metal/metal_corrugated04a.vtf,349784,243424
materials/metal/metal_ext_01.vmt,99,100
materials/metal/metal_ext_01.vtf,175008,149059
materials/metal/metal_ext_03.vmt,99,100
materials/metal/metal_ext_03.vtf,175008,136563
materials/metal/metal_ext_05.vmt,99,100
materials/metal/metal_ext_05.vtf,175008,143437
materials/metal/metal_ext_06.vmt,155,125
materials/metal/metal_ext_06.vtf,175008,104692
materials/metal/metal_ext_06_height-ssbump.vtf,175008,100804
materials/models/c5m3_bridge_destruction/concrete_ext_01.vmt,106,102
materials/models/c5m3_bridge_destruction/highway_01.vmt,101,103
materials/models/effects/urban_puddle01a.vmt,292,201
materials/models/effects/urban_puddle01a.vtf,349784,233792
materials/models/effects/urban_puddle01a_normal.vtf,349784,178944
materials/models/f18/f18_cmap.vmt,252,185
materials/models/f18/f18_cmap.vtf,175008,84744
materials/models/f18/f18_normal.vtf,43936,18062
materials/models/f18/thrust_tiled.vmt,86,91
materials/models/f18/thrust_tiled.vtf,87640,25689
materials/models/lunatic_models/rpg26-main.vmt,78,83
materials/models/lunatic_models/rpg26-main.vtf,5592640,255836
materials/models/propper/testing/decals/{target.vmt,108,93
materials/models/propper/ze_the_parish_m3_v1/plaster/plaster_ceiling_02.vmt,105,103
materials/models/propper/ze_the_parish_m3_v1/plaster/plaster_int_04.vmt,101,101
materials/models/propper/ze_the_parish_m3_v1/plaster/plaster_int_07.vmt,101,101
materials/models/propper/ze_the_parish_m3_v1/wood/plywood_ext_01.vmt,98,97
materials/models/propper/ze_the_parish_m3_v1/wood/wood_int_04.vmt,95,97
materials/models/propper/ze_the_parish_m3_v1/wood/woodsiding_ext_01.vmt,101,102
materials/models/props_cemetery/cemetery_signgate.vmt,80,86
materials/models/props_cemetery/cemetery_signgate.vtf,175008,114125
materials/models/props_cemetery/crypts_base.vmt,74,84
materials/models/props_cemetery/crypts_base.vtf,175008,118922
materials/models/props_cemetery/crypts_bodyfront01.vmt,81,92
materials/models/props_cemetery/crypts_bodyfront01.vtf,175008,118543
materials/models/props_cemetery/crypts_bodyfront02.vmt,81,92
materials/models/props_cemetery/crypts_bodyfront02.vtf,175008,127060
materials/models/props_cemetery/crypts_oneoff01_curbs.vmt,84,95
materials/models/props_cemetery/crypts_oneoff01_curbs.vtf,175008,124678
materials/models/props_cemetery/crypts_oneoff02.vmt,78,90
materials/models/props_cemetery/crypts_oneoff02.vtf,175008,122685
materials/models/props_cemetery/crypts_oneoff03.vmt,78,90
materials/models/props_cemetery/crypts_oneoff03.vtf,175008,126338
materials/models/props_cemetery/crypts_top_roof.vmt,78,90
materials/models/props_cemetery/crypts_top_roof.vtf,175008,120815
materials/models/props_cemetery/crypts_wall.vmt,74,86
materials/models/props_cemetery/crypts_wall.vtf,175008,124430
materials/models/props_debris/brickwall004a.vmt,105,106
materials/models/props_debris/wood_burned_med.vmt,73,70
materials/models/props_debris/wood_int_03.vmt,98,103
materials/models/props_destruction/composite_concrete.vmt,106,108
materials/models/props_destruction/composite_concrete.vtf,699288,517753
materials/models/props_doors/checkpoint door.vmt,246,197
materials/models/props_doors/checkpoint door.vtf,699288,461717
materials/models/props_doors/checkpoint door_reinforcements_01.vmt,266,213
materials/models/props_doors/checkpoint door_reinforcements_01.vtf,87568,65918
materials/models/props_doors/door_urban_48_118.vmt,77,89
materials/models/props_doors/door_urban_48_118.vtf,175008,109406
materials/models/props_doors/roll-up_door.vmt,72,82
materials/models/props_doors/roll-up_door.vtf,175008,69581
materials/models/props_downtown/atm_cigarettemachine.vmt,103,107
materials/models/props_downtown/atm_cigarettemachine.vtf,349784,147893
materials/models/props_downtown/balcony_posts.vmt,76,87
materials/models/props_downtown/balcony_posts.vtf,87568,46934
materials/models/props_downtown/bar.vmt,66,78
materials/models/props_downtown/bar.vtf,175008,90790
materials/models/props_downtown/door01.vmt,69,81
materials/models/props_downtown/door01.vtf,175008,78743
materials/models/props_downtown/door_exterior01.vmt,189,137
materials/models/props_downtown/door_exterior01.vtf,175008,93503
materials/models/props_downtown/door_exterior01_spec.vtf,43936,3423
materials/models/props_downtown/door_pillar01.vmt,76,87
materials/models/props_downtown/door_pillar01.vtf,87568,37489
materials/models/props_downtown/dormers.vmt,70,81
materials/models/props_downtown/dormers.vtf,175008,98272
materials/models/props_downtown/exterior_door_frame.vmt,82,89
materials/models/props_downtown/exterior_door_frame.vtf,175008,100766
materials/models/props_downtown/gutters.vmt,70,80
materials/models/props_downtown/gutters.vtf,87568,42931
materials/models/props_downtown/lights_interior.vmt,98,103
materials/models/props_downtown/lights_interior.vtf,175008,88814
materials/models/props_downtown/railings.vmt,183,158
materials/models/props_downtown/railings.vtf,1398352,427181
materials/models/props_downtown/shutters.vmt,123,120
materials/models/props_downtown/shutters.vtf,699256,137778
materials/models/props_downtown/sign_post.vmt,72,82
materials/models/props_downtown/sign_post.vtf,22032,14696
materials/models/props_downtown/street_lamp01.vmt,76,86
materials/models/props_downtown/street_lamp01.vtf,43856,13083
materials/models/props_downtown/street_signs.vmt,75,84
materials/models/props_downtown/street_signs.vtf,175008,121367
materials/models/props_downtown/trim_exterior_edge.vmt,81,90
materials/models/props_downtown/trim_exterior_edge.vtf,43856,15832
materials/models/props_downtown/windows_exterior_01.vmt,197,140
materials/models/props_downtown/windows_exterior_01.vtf,175008,89968
materials/models/props_downtown/windows_exterior_01_spec.vtf,43936,5959
materials/models/props_downtown/windows_exterior_02.vmt,82,90
materials/models/props_downtown/windows_exterior_02.vtf,87568,43021
materials/models/props_downtown/windows_exterior_03.vmt,197,140
materials/models/props_downtown/windows_exterior_03.vtf,175008,92492
materials/models/props_downtown/windows_exterior_03_spec.vtf,43936,4318
materials/models/props_downtown/windows_exterior_04.vmt,197,141
materials/models/props_downtown/windows_exterior_04.vtf,175008,81472
materials/models/props_downtown/windows_exterior_04_spec.vtf,11168,1920
materials/models/props_downtown/windows_interior.vmt,123,112
materials/models/props_downtown/windows_interior.vtf,349784,119645
materials/models/props_equipment/sleeping_bag2.vmt,288,183
materials/models/props_equipment/sleeping_bag2.vtf,87568,64776
materials/models/props_equipment/sleeping_bag2_ref.vtf,22032,10212
materials/models/props_equipment/sleeping_bag3.vmt,312,195
materials/models/props_equipment/sleeping_bag3.vtf,87568,63801
materials/models/props_equipment/sleeping_bag3_ref.vtf,22032,9683
materials/models/props_exteriors/stairs_house_01.vmt,79,90
materials/models/props_exteriors/stairs_house_01.vtf,175008,83492
materials/models/props_exteriors/woodbeam001.vmt,93,99
materials/models/props_foliage/tree_include.vmt,458,208
materials/models/props_foliage/tree_include_dryleaves.vmt,454,202
materials/models/props_foliage/tree_include_medium.vmt,453,203
materials/models/props_foliage/tree_include_small.vmt,456,198
materials/models/props_foliage/urban_trees_barks01.vmt,161,139
materials/models/props_foliage/urban_trees_barks01.vtf,349704,224435
materials/models/props_foliage/urban_trees_barks01_dry.vmt,173,146
materials/models/props_foliage/urban_trees_barks01_medium.vmt,170,144
materials/models/props_foliage/urban_trees_barks01_small.vmt,210,170
materials/models/props_foliage/urban_trees_branches01_dry.vmt,264,205
materials/models/props_foliage/urban_trees_branches01_mip0.vtf,1398352,274409
materials/models/props_foliage/urban_trees_branches02_dry.vmt,264,205
materials/models/props_foliage/urban_trees_branches02_mip0.vtf,1398352,622671
materials/models/props_foliage/urban_trees_branches02_small.vmt,303,226
materials/models/props_foliage/urban_trees_branches02_still.vmt,192,168
materials/models/props_foliage/urban_trees_branches03.vmt,254,196
materials/models/props_foliage/urban_trees_branches03_medium.vmt,261,202
materials/models/props_foliage/urban_trees_branches03_mip0.vtf,1398352,626263
materials/models/props_foliage/urban_trees_branches03_small.vmt,260,202
materials/models/props_fortifications/barricade001.vmt,209,177
materials/models/props_fortifications/barricade001.vtf,1398352,315197
materials/models/props_fortifications/barrier001.vmt,83,94
materials/models/props_fortifications/barrier001.vtf,175008,63149
materials/models/props_fortifications/concrete_block001.vmt,90,100
materials/models/props_fortifications/concrete_block001.vtf,175008,108909
materials/models/props_fortifications/concrete_wall001.vmt,89,99
materials/models/props_fortifications/concrete_wall001.vtf,175008,105479
materials/models/props_fortifications/orangecone001.vmt,226,160
materials/models/props_fortifications/orangecone001.vtf,43936,30440
materials/models/props_fortifications/orangecone001_normal.vtf,2968,106
materials/models/props_fortifications/police_barrier001.vmt,90,99
materials/models/props_fortifications/police_barrier001.vtf,175008,82165
materials/models/props_fortifications/traffic_barrier001.vmt,91,100
materials/models/props_fortifications/traffic_barrier001.vtf,175008,108744
materials/models/props_furniture/inn_chandelier1.vmt,190,137
materials/models/props_furniture/inn_chandelier1.vtf,22032,13032
materials/models/props_furniture/inn_chandelier1_envmask.vtf,22032,12341
materials/models/props_highway/highway_charred_debris.vmt,87,88
materials/models/props_highway/highway_parts001.vmt,82,90
materials/models/props_highway/highway_parts001.vtf,175008,71279
materials/models/props_highway/highway_signs001.vmt,82,90
materials/models/props_highway/highway_signs001.vtf,175008,105913
materials/models/props_highway/metal_corrugated03a.vmt,111,102
materials/models/props_highway/metal_corrugated03b.vmt,111,103
materials/models/props_highway/metalhull002a.vmt,221,183
materials/models/props_highway/overpass_1.vmt,90,86
materials/models/props_highway/overpass_rubble.vmt,83,85
materials/models/props_highway/plywood_ext_01.vmt,101,104
materials/models/props_interiors/bathroom_set.vmt,76,86
materials/models/props_interiors/bathroom_set.vtf,175008,79616
materials/models/props_interiors/bathroomsink01.vmt,203,144
materials/models/props_interiors/bathroomsink01.vtf,43936,21126
materials/models/props_interiors/bathroomsink01_ref.vtf,11168,5450
materials/models/props_interiors/bbq_grill.vmt,169,128
materials/models/props_interiors/bbq_grill.vtf,175008,100635
materials/models/props_interiors/bbq_grill_ref.vtf,11168,3659
materials/models/props_interiors/bed.vmt,67,79
materials/models/props_interiors/bed.vtf,175008,108150
materials/models/props_interiors/bed_houseboat.vmt,77,87
materials/models/props_interiors/bed_houseboat.vtf,175008,104018
materials/models/props_interiors/breakwall_interior.vmt,82,87
materials/models/props_interiors/breakwall_interior.vtf,174968,65659
materials/models/props_interiors/cashregister01.vmt,237,157
materials/models/props_interiors/cashregister01.vtf,43936,14924
materials/models/props_interiors/cashregister01_ref.vtf,2976,1366
materials/models/props_interiors/clothing_pile1.vmt,78,88
materials/models/props_interiors/clothing_pile1.vtf,43936,21687
materials/models/props_interiors/clothing_pile2.vmt,78,88
materials/models/props_interiors/clothing_pile2.vtf,43936,23030
materials/models/props_interiors/clothing_pile3.vmt,78,88
materials/models/props_interiors/clothing_pile3.vtf,43936,22688
materials/models/props_interiors/clothing_pile4.vmt,78,88
materials/models/props_interiors/clothing_pile4.vtf,43936,24280
materials/models/props_interiors/desk_metal.vmt,217,150
materials/models/props_interiors/desk_metal.vtf,43936,23102
materials/models/props_interiors/desk_metal_ref.vtf,11168,6170
materials/models/props_interiors/furniture_wood01.vmt,154,134
materials/models/props_interiors/furniture_wood01.vtf,349784,282822
materials/models/props_interiors/furniture_wood02.vmt,154,134
materials/models/props_interiors/furniture_wood02.vtf,349784,281625
materials/models/props_interiors/lamps_off.vmt,144,125
materials/models/props_interiors/lamps_off.vtf,349784,144729
materials/models/props_interiors/medicinecabinet01.vmt,162,122
materials/models/props_interiors/medicinecabinet01.vtf,43936,19587
materials/models/props_interiors/medicinecabinet01_ref.vtf,11168,4825
materials/models/props_interiors/refrigerator02.vmt,182,131
materials/models/props_interiors/refrigerator02.vtf,175008,80896
materials/models/props_interiors/refrigerator02_new.vmt,190,139
materials/models/props_interiors/refrigerator02_new.vtf,175008,86701
materials/models/props_interiors/refrigerator02_new_ref.vtf,43936,14901
materials/models/props_interiors/refrigerator02_ref.vtf,11168,4267
materials/models/props_interiors/shelvingstore_grocery01.vmt,93,99
materials/models/props_interiors/shelvingstore_grocery01.vtf,175008,87914
materials/models/props_interiors/sink_kitchen.vmt,250,195
materials/models/props_interiors/sink_kitchen.vtf,43936,19255
materials/models/props_interiors/sofa01.vmt,78,83
materials/models/props_interiors/sofa01.vtf,175008,106405
materials/models/props_interiors/sofa_chair.vmt,74,85
materials/models/props_interiors/sofa_chair.vtf,175008,97211
materials/models/props_interiors/stove02.vmt,214,150
materials/models/props_interiors/stove02.vtf,175008,106574
materials/models/props_interiors/stove02_ref.vtf,11168,7018
materials/models/props_interiors/stovehood01.vmt,89,89
materials/models/props_interiors/stovehood01.vtf,43936,15855
materials/models/props_interiors/table_console.vmt,229,160
materials/models/props_interiors/table_console.vtf,43936,26159
materials/models/props_interiors/table_console_ref.vtf,11168,6594
materials/models/props_interiors/table_kitchen.vmt,97,102
materials/models/props_interiors/table_kitchen.vtf,175008,84818
materials/models/props_interiors/table_picnic.vmt,76,86
materials/models/props_interiors/table_picnic.vtf,175008,105862
materials/models/props_interiors/toilet.vmt,216,151
materials/models/props_interiors/toilet.vtf,43936,24559
materials/models/props_interiors/toilet_c.vmt,216,151
materials/models/props_interiors/toilet_c_ref.vtf,11168,6555
materials/models/props_interiors/washerdryer.vmt,95,99
materials/models/props_interiors/washerdryer.vtf,175008,49104
materials/models/props_interiors/water_cooler.vmt,250,162
materials/models/props_interiors/water_cooler.vtf,43936,26813
materials/models/props_interiors/water_cooler_ref.vtf,2976,1494
materials/models/props_interiors/waterbottle.vmt,169,146
materials/models/props_interiors/waterbottle.vtf,43896,23761
materials/models/props_interiors/woodfurniture01.vmt,98,101
materials/models/props_interiors/woodfurniture01.vtf,175008,118809
materials/models/props_junk/barrelfire.vmt,83,93
materials/models/props_junk/barrelfire.vtf,87640,37662
materials/models/props_junk/dumpster_2.vmt,69,81
materials/models/props_junk/dumpster_2.vtf,175008,81915
materials/models/props_junk/trashclusters01.vmt,201,148
materials/models/props_junk/trashclusters01.vtf,175008,76259
materials/models/props_junk/trashclusters01_biohazard.vmt,211,155
materials/models/props_junk/trashclusters01_biohazard.vtf,175008,88618
materials/models/props_junk/trashclusters01_specular.vtf,43936,11777
materials/models/props_lighting/semi_flush_001.vmt,77,89
materials/models/props_lighting/semi_flush_001.vtf,87640,44964
materials/models/props_rooftop/train_signalbox.vmt,97,103
materials/models/props_rooftop/train_signalbox.vtf,175008,60541
materials/models/props_signs/sign_street_01.vmt,74,85
materials/models/props_signs/sign_street_01.vtf,349784,189434
materials/models/props_skybox/concretewall011c.vmt,96,94
materials/models/props_street/electrical_boxes.vmt,75,86
materials/models/props_street/electrical_boxes.vtf,175008,105540
materials/models/props_street/mail_dropbox.vmt,227,153
materials/models/props_street/mail_dropbox.vtf,175008,68213
materials/models/props_street/mail_dropbox_ref.vtf,11168,4849
materials/models/props_street/manhole_cover_surround.vmt,83,92
materials/models/props_street/manhole_cover_surround.vtf,43936,31308
materials/models/props_street/newspaper_dispenser.vmt,232,158
materials/models/props_street/newspaper_dispenser.vtf,175008,104943
materials/models/props_street/newspaper_dispenser_ref.vtf,11168,5908
materials/models/props_street/trashbin01.vmt,223,153
materials/models/props_street/trashbin01.vtf,175008,70292
materials/models/props_street/trashbin01_ref.vtf,43936,10260
materials/models/props_street/trimpiece01.vmt,72,83
materials/models/props_street/trimpiece01.vtf,43936,25420
materials/models/props_trailers/trailer_details01.vmt,100,100
materials/models/props_trailers/trailer_details01.vtf,699288,270382
materials/models/props_trailers/trailer_hitch.vmt,96,97
materials/models/props_trailers/trailer_hitch.vtf,43936,22528
materials/models/props_trailers/trailer_small.vmt,154,132
materials/models/props_trailers/trailer_small.vtf,1398352,950747
materials/models/props_trailers/trailer_stand.vmt,80,87
materials/models/props_trailers/trailer_stand.vtf,175016,106811
materials/models/props_trailers/trailer_wheels02.vmt,99,99
materials/models/props_trailers/trailer_wheels02.vtf,175008,84409
materials/models/props_unique/airport/luggage_set1.vmt,81,91
materials/models/props_unique/airport/luggage_set1.vtf,175008,94124
materials/models/props_unique/airport/luggage_set2.vmt,81,91
materials/models/props_unique/airport/luggage_set2.vtf,175008,95221
materials/models/props_unique/grocerystorechiller01.vmt,86,95
materials/models/props_unique/grocerystorechiller01.vtf,175008,89422
materials/models/props_unique/metal_corrugated03a.vmt,100,95
materials/models/props_unique/reflectivity_10b.vmt,102,106
materials/models/props_unique/reflectivity_10b.vtf,928,428
materials/models/props_unique/reflectivity_50b.vmt,102,106
materials/models/props_unique/skybox_buildings_01.vmt,133,133
materials/models/props_unique/skybox_buildings_01.vtf,349784,180369
materials/models/props_unique/spawn_apartment/lantern_glass_on.vmt,205,142
materials/models/props_unique/spawn_apartment/lantern_glass_on.vtf,11128,9315
materials/models/props_unique/spawn_apartment/lantern_glass_ref.vtf,5648,3503
materials/models/props_unique/spawn_apartment/lantern_on.vmt,185,136
materials/models/props_unique/spawn_apartment/lantern_on.vtf,87640,35448
materials/models/props_unique/spawn_apartment/lantern_ref.vtf,11168,6854
materials/models/props_unique/wooden_barricade.vmt,77,88
materials/models/props_unique/wooden_barricade.vtf,175008,118222
materials/models/props_unique/zombiebreakwall2x4core.vmt,55,67
materials/models/props_urban/airconditioner001.vmt,81,92
materials/models/props_urban/airconditioner001.vtf,175008,62612
materials/models/props_urban/chimneys001.vmt,75,87
materials/models/props_urban/chimneys001.vtf,175008,110471
materials/models/props_urban/curb_parts001.vmt,77,89
materials/models/props_urban/curb_parts001.vtf,175008,85674
materials/models/props_urban/curbs001.vmt,72,84
materials/models/props_urban/curbs001.vtf,175008,85515
materials/models/props_urban/curbs002.vmt,70,83
materials/models/props_urban/curbs002.vtf,175008,90576
materials/models/props_urban/dumpster001.vmt,75,87
materials/models/props_urban/dumpster001.vtf,175008,73256
materials/models/props_urban/fence001.vmt,217,178
materials/models/props_urban/fence001.vtf,349784,118514
materials/models/props_urban/fence002.vmt,205,171
materials/models/props_urban/fence002.vtf,349784,116244
materials/models/props_urban/fence003.vmt,205,171
materials/models/props_urban/fence003.vtf,349784,115660
materials/models/props_urban/fence_cover001.vmt,78,90
materials/models/props_urban/fence_cover001.vtf,175008,77229
materials/models/props_urban/fire_hydrant001.vmt,219,176
materials/models/props_urban/fire_hydrant001.vtf,175008,101171
materials/models/props_urban/flood_light001.vmt,88,92
materials/models/props_urban/flood_light001.vtf,175008,78766
materials/models/props_urban/fridge001.vmt,73,86
materials/models/props_urban/fridge001.vtf,175008,67541
materials/models/props_urban/fridge002.vmt,120,117
materials/models/props_urban/fridge002.vtf,349784,194871
materials/models/props_urban/garbage_can001.vmt,151,134
materials/models/props_urban/garbage_can001.vtf,349784,208703
materials/models/props_urban/garden_hose001.vmt,78,90
materials/models/props_urban/garden_hose001.vtf,175008,84315
materials/models/props_urban/gas_meter.vmt,69,81
materials/models/props_urban/gas_meter.vtf,43936,28791
materials/models/props_urban/gates001.vmt,72,85
materials/models/props_urban/gates001.vtf,175008,64979
materials/models/props_urban/mailbox001.vmt,74,87
materials/models/props_urban/mailbox001.vtf,175008,103819
materials/models/props_urban/metal_plate_01.vmt,78,90
materials/models/props_urban/metal_plate_01.vtf,175008,123643
materials/models/props_urban/metalwall026a.vmt,92,88
materials/models/props_urban/oil_drum001.vmt,129,104
materials/models/props_urban/oil_drum001.vtf,175008,96905
materials/models/props_urban/oil_drum001_normal.vtf,175008,30641
materials/models/props_urban/plastic_flamingo001.vmt,226,163
materials/models/props_urban/plastic_flamingo001.vtf,175008,29881
materials/models/props_urban/plastic_flamingo001_normal.vtf,175008,13415
materials/models/props_urban/plastic_table_set001.vmt,252,197
materials/models/props_urban/plastic_table_set001.vtf,349784,237363
materials/models/props_urban/porch_light001.vmt,78,90
materials/models/props_urban/porch_light001.vtf,175008,73381
materials/models/props_urban/porch_light002.vmt,78,90
materials/models/props_urban/porch_light002.vtf,175008,71951
materials/models/props_urban/stoop001.vmt,72,85
materials/models/props_urban/stoop001.vtf,175008,111697
materials/models/props_urban/stoop001_32.vmt,71,85
materials/models/props_urban/stoop001_32.vtf,175008,132716
materials/models/props_urban/stoop002.vmt,72,85
materials/models/props_urban/stoop002.vtf,175008,125403
materials/models/props_urban/telephone_pole001.vmt,81,93
materials/models/props_urban/telephone_pole001.vtf,175008,119851
materials/models/props_urban/telephone_pole_addons001.vmt,88,98
materials/models/props_urban/telephone_pole_addons001.vtf,175008,92230
materials/models/props_urban/tire001.vmt,234,178
materials/models/props_urban/tire001.vtf,175008,53960
materials/models/props_urban/tire001_normal.vtf,175008,58655
materials/models/props_urban/wood_fence001.vmt,129,127
materials/models/props_urban/wood_fence001.vtf,349784,213835
materials/models/props_urban/wood_fence002.vmt,77,89
materials/models/props_urban/wood_fence002.vtf,175008,96549
materials/models/props_urban/wood_railing001.vmt,104,109
materials/models/props_urban/wood_railing001.vtf,349784,76686
materials/models/props_urban/wood_railing002.vmt,79,91
materials/models/props_urban/wood_railing002.vtf,175008,61269
materials/models/props_urban/woodfloor_ext_01.vmt,103,105
materials/models/props_vehicles/4carz1024.vmt,287,189
materials/models/props_vehicles/4carz1024.vtf,1398352,749698
materials/models/props_vehicles/4carz1024_envmask.vtf,175008,96935
materials/models/props_vehicles/4carz1024_glass.vmt,342,232
materials/models/props_vehicles/4carz1024_glass.vtf,349784,276692
materials/models/props_vehicles/ambulance.vmt,173,129
materials/models/props_vehicles/ambulance.vtf,699288,355749
materials/models/props_vehicles/ambulance_ref.vtf,175008,89050
materials/models/props_vehicles/bus01_a_2.vmt,192,142
materials/models/props_vehicles/bus01_a_2.vtf,699288,265139
materials/models/props_vehicles/bus01_a_ref.vtf,699288,191348
materials/models/props_vehicles/bus01_b_2.vmt,190,139
materials/models/props_vehicles/bus01_b_2.vtf,349712,174318
materials/models/props_vehicles/bus01_b_ref.vtf,349712,94960
materials/models/props_vehicles/car_glass.vmt,217,148
materials/models/props_vehicles/car_glass.vtf,87640,59983
materials/models/props_vehicles/car_glass_ref.vtf,11168,7030
materials/models/props_vehicles/flatnose_truck.vmt,156,138
materials/models/props_vehicles/flatnose_truck.vtf,1398352,614860
materials/models/props_vehicles/helicopter_rescue_smashed.vmt,88,96
materials/models/props_vehicles/helicopter_rescue_smashed.vtf,175008,108681
materials/models/props_vehicles/semi_trailer.vmt,180,132
materials/models/props_vehicles/semi_trailer.vtf,349712,224953
materials/models/props_vehicles/semi_trailer_ref.vtf,87568,51081
materials/models/props_vehicles/train_ladder.vmt,75,86
materials/models/props_vehicles/train_ladder.vtf,43856,26730
materials/models/props_vehicles/van1.vmt,201,145
materials/models/props_vehicles/van1.vtf,175008,86809
materials/models/props_vehicles/van1_ref.vtf,43936,15833
materials/models/props_windows/window_uban_apt_glass.vtf,87640,71011
materials/models/props_windows/window_uban_apt_glass_ref.vtf,2976,1395
materials/models/props_windows/window_urban_bars.vmt,99,101
materials/models/props_windows/window_urban_bars.vtf,22032,11044
materials/models/props_windows/windows_urban01.vmt,77,84
materials/models/props_windows/windows_urban01.vtf,175008,108751
materials/models/props_windows/windows_urban02.vmt,77,84
materials/models/props_windows/windows_urban02.vtf,175008,108085
materials/models/props_windows/windows_urban_boarded.vmt,83,89
materials/models/props_windows/windows_urban_boarded.vtf,175008,114402
materials/models/v_models/weapons/eq_molotov/v_eq_molotov_bottle_normal.vtf,349784,200506
materials/models/w_models/eq_medkit/w_eq_medkit.vmt,78,79
materials/models/w_models/eq_medkit/w_eq_medkit.vtf,175008,119748
materials/models/w_models/eq_molotov/w_eq_molotov_bottle.vmt,259,179
materials/models/w_models/eq_molotov/w_eq_molotov_bottle.vtf,43936,24839
materials/models/w_models/eq_molotov/w_eq_molotov_rag.vmt,183,141
materials/models/w_models/eq_molotov/w_eq_molotov_rag.vtf,22032,14621
materials/nature/blend_dirt_concrete_01.vmt,357,238
materials/nature/blend_dirt_concrete_03.vmt,357,236
materials/nature/blend_dirt_concrete_04.vmt,171,133
materials/nature/blend_dirt_concrete_06.vmt,221,156
materials/nature/blend_grass_concrete_01.vmt,223,157
materials/nature/blend_texture_01.vtf,175008,115021
materials/nature/blend_urbandirtlawn01.vmt,351,241
materials/nature/blend_urbandirtlawn01_cheap.vmt,163,129
materials/nature/dirt_ext_01.vmt,80,85
materials/nature/dirt_ext_01.vtf,175008,149724
materials/nature/dirt_ext_02.vtf,175008,147915
materials/nature/ground_grass01.vtf,175008,148761
materials/overlays/building_grate002.vmt,168,148
materials/overlays/building_grate002.vtf,22104,12006
materials/overlays/building_grate003.vmt,168,148
materials/overlays/building_grate003.vtf,22104,7488
materials/overlays/plaster_side_01.vmt,166,146
materials/overlays/plaster_side_01.vtf,43928,21693
materials/overlays/plaster_side_04.vmt,166,146
materials/overlays/plaster_side_04.vtf,43928,22405
materials/overlays/sign_08.vmt,158,140
materials/overlays/sign_08.vtf,22104,5510
materials/overlays/sign_16.vmt,158,140
materials/overlays/sign_16.vtf,22104,6095
materials/overlays/sign_24.vmt,158,140
materials/overlays/sign_24.vtf,22104,6242
materials/overlays/sign_30.vmt,158,140
materials/overlays/sign_30.vtf,22104,7049
materials/overlays/sign_31.vmt,158,140
materials/overlays/sign_31.vtf,22104,7263
materials/overlays/sign_32.vmt,158,140
materials/overlays/sign_32.vtf,22104,4805
materials/overlays/sign_33.vmt,158,140
materials/overlays/sign_33.vtf,22104,6869
materials/overlays/sign_34.vmt,158,139
materials/overlays/sign_34.vtf,22104,4632
materials/overlays/street_cover_05.vmt,189,159
materials/overlays/street_cover_05.vtf,87640,19730
materials/overlays/street_cover_09.vmt,166,145
materials/overlays/street_cover_09.vtf,87640,40918
materials/overlays/street_cover_10.vmt,166,145
materials/overlays/street_cover_10.vtf,349784,143748
materials/overlays/street_cover_11.vmt,166,145
materials/overlays/street_cover_11.vtf,87640,40832
materials/overlays/street_cover_12.vmt,166,145
materials/overlays/street_cover_12.vtf,87640,37237
materials/overlays/street_cover_13.vmt,166,145
materials/overlays/street_cover_13.vtf,87640,38908
materials/overlays/street_cover_14.vmt,166,145
materials/overlays/street_cover_14.vtf,43896,21281
materials/overlays/trash_01.vmt,159,138
materials/overlays/trash_01.vtf,349784,112423
materials/overviews/ze_the_parish_cemetery_v2.vmt,159,131
materials/overviews/ze_the_parish_cemetery_v2.vtf,1048784,92060
materials/overviews/ze_the_parish_cemetery_v2_radar.vmt,159,131
materials/particle/fluidexplosions/fluidexplosion.vmt,282,185
materials/particle/fluidexplosions/fluidexplosion.vtf,1404528,470110
materials/particle/particle_flare_007b_noz.vmt,133,110
materials/particle/particle_flares/aircraft_blue.vmt,84,87
materials/particle/particle_flares/aircraft_blue.vtf,43936,15033
materials/particle/particle_flares/particle_flare_001.vmt,105,89
materials/particle/particle_flares/particle_flare_001.vtf,349792,145286
materials/particle/particle_flares/particle_flare_007b.vtf,87640,16531
materials/particle/particle_flares/particle_flare_009.vtf,175016,28051
materials/particle/particle_flares/particle_flare_009_nodepth_minmax.vmt,148,118
materials/particle/particle_spark.vmt,78,86
materials/particle/star.vmt,99,93
materials/particle/star_minmaxsize.vmt,99,95
materials/particle/star_noz.vmt,126,113
materials/particle/tinyfiresprites/tinyfiresprites_add_01.vmt,193,156
materials/plaster/plaster_ceiling_02.vmt,114,112
materials/plaster/plaster_ceiling_02.vtf,175008,119607
materials/plaster/plaster_crypts_01.vmt,113,111
materials/plaster/plaster_crypts_01.vtf,175008,133519
materials/plaster/plaster_ext_01.vmt,105,103
materials/plaster/plaster_ext_01.vtf,175008,112757
materials/plaster/plaster_ext_05.vmt,105,103
materials/plaster/plaster_ext_05.vtf,175008,121692
materials/plaster/plaster_ext_09.vmt,105,103
materials/plaster/plaster_ext_09.vtf,175008,116546
materials/plaster/plaster_ext_15.vmt,105,103
materials/plaster/plaster_ext_15.vtf,175008,105595
materials/plaster/plaster_ext_17.vmt,106,108
materials/plaster/plaster_ext_17.vtf,175008,120728
materials/plaster/plaster_int_02.vmt,187,156
materials/plaster/plaster_int_02.vtf,175008,104870
materials/plaster/plaster_int_04.vmt,110,109
materials/plaster/plaster_int_04.vtf,175008,130043
materials/plaster/plaster_int_07.vmt,110,109
materials/plaster/plaster_int_07.vtf,175008,112949
materials/plaster/urban_plasterwall_00a.vtf,175008,89385
materials/plaster/urban_plasterwall_00a_cheap.vmt,94,94
materials/plaster/urban_plasterwall_height-ssbump.vtf,349784,272580
materials/sewage/urban_sewagescum01.vmt,130,124
materials/sewage/urban_sewagescum01.vtf,349784,280668
materials/signs/impound_signage_01.vmt,111,113
materials/signs/impound_signage_01.vtf,87640,29000
materials/signs/impound_signage_02.vmt,89,97
materials/signs/impound_signage_02.vtf,22032,13704
materials/signs/impound_signage_04.vmt,97,105
materials/signs/impound_signage_04.vtf,43936,29539
materials/signs/impound_signage_05.vmt,111,113
materials/signs/impound_signage_05.vtf,43936,25172
materials/signs/privateproperty01.vmt,115,108
materials/signs/privateproperty01.vtf,22104,5918
materials/signs/quarter_flyers_04.vmt,110,113
materials/signs/quarter_flyers_04.vtf,87640,24805
materials/signs/quarter_shopsigns_01.vmt,122,119
materials/signs/quarter_shopsigns_01.vtf,43896,15694
materials/signs/quarter_shopsigns_02.vmt,122,119
materials/signs/quarter_shopsigns_02.vtf,43896,14693
materials/signs/sign_military_photography.vmt,138,132
materials/signs/sign_military_photography.vtf,11168,7503
materials/signs/sign_military_quarantine_01.vmt,140,135
materials/signs/sign_military_quarantine_01.vtf,349784,74320
materials/signs/sign_military_quarantine_02.vmt,140,135
materials/signs/sign_military_quarantine_02.vtf,349784,76072
materials/skybox/urban_horizon.vmt,98,99
materials/skybox/urban_horizon.vtf,175000,37562
materials/tile/countertop01_ref.vtf,11168,6273
materials/tile/tile_int_01.vmt,96,102
materials/tile/tile_int_01.vtf,175008,124906
materials/tile/urban_countertop01b.vmt,165,134
materials/tile/urban_countertop01b.vtf,175008,107351
materials/tile/urban_tilewall01a.vmt,156,130
materials/tile/urban_tilewall01a.vtf,175008,54414
materials/tile/urban_tilewall01a_ssbump.vtf,349784,1448
materials/tile/yellow02.vmt,75,85
materials/tile/yellow02.vtf,175008,124396
materials/vgui/icon_arrow_down.vmt,101,101
materials/vgui/icon_arrow_down.vtf,5692,478
materials/wood/plywood02.vtf,175008,115499
materials/wood/plywood_ext_01.vmt,103,105
materials/wood/plywood_ext_01.vtf,175008,128418
materials/wood/plywood_ext_02.vmt,103,105
materials/wood/plywood_ext_02.vtf,175008,124220
materials/wood/urban_woodcabinets02a.vmt,240,173
materials/wood/urban_woodcabinets02a.vtf,87568,36685
materials/wood/urban_woodcabinets02a_ssbump.vtf,174968,103085
materials/wood/urban_woodcabinets02b.vmt,105,108
materials/wood/urban_woodcabinets02b.vtf,87568,40782
materials/wood/wood_int_01.vmt,100,103
materials/wood/wood_int_01.vtf,175008,143169
materials/wood/wood_int_02.vmt,100,103
materials/wood/wood_int_02.vtf,175008,128075
materials/wood/wood_int_03.vmt,100,103
materials/wood/wood_int_03.vtf,175008,133279
materials/wood/wood_int_04.vmt,100,103
materials/wood/wood_int_04.vtf,175008,137489
materials/wood/wood_panel02a.vtf,175008,108621
materials/wood/wood_panel02a_cheap.vmt,71,73
materials/wood/woodbeam001.vtf,175008,122992
materials/wood/woodfloor_ext_01.vmt,105,106
materials/wood/woodfloor_ext_01.vtf,175008,117029
materials/wood/woodfloor_int_02.vmt,105,107
materials/wood/woodfloor_int_02.vtf,175008,113268
materials/wood/woodsiding_ext_01.vmt,106,108
materials/wood/woodsiding_ext_01.vtf,175008,115896
materials/wood/woodsiding_ext_02.vmt,106,108
materials/wood/woodsiding_ext_02.vtf,175008,117331
materials/wood/woodsiding_ext_03.vmt,106,108
materials/wood/woodsiding_ext_03.vtf,175008,133854
materials/wood/woodsiding_ext_04.vmt,106,108
materials/wood/woodsiding_ext_04.vtf,175008,87771
materials/wood/woodsiding_ext_05.vmt,106,108
materials/wood/woodsiding_ext_05.vtf,175008,102718
materials/wood/woodsiding_ext_06.vmt,106,108
materials/wood/woodsiding_ext_06.vtf,175008,94017
materials/wood/woodtrim_ext_01.vmt,100,104
materials/wood/woodtrim_ext_01.vtf,22032,14224
materials/wood/woodtrim_ext_02.vmt,100,104
materials/wood/woodtrim_ext_02.vtf,22032,13593
materials/wood/woodtrim_ext_03.vmt,100,104
materials/wood/woodtrim_ext_03.vtf,22032,14108
models/c5m3_bridge_overpass_debris/bridgedebris_set_a.ani,123484,123484
models/c5m3_bridge_overpass_debris/bridgedebris_set_a.dx80.vtx,50773,9445
models/c5m3_bridge_overpass_debris/bridgedebris_set_a.dx90.vtx,50665,9478
models/c5m3_bridge_overpass_debris/bridgedebris_set_a.mdl,60916,20488
models/c5m3_bridge_overpass_debris/bridgedebris_set_a.sw.vtx,49747,8977
models/c5m3_bridge_overpass_debris/bridgedebris_set_a.vvd,214976,102430
models/c5m3_bridge_overpass_debris/bridgedebris_set_b.ani,120312,120312
models/c5m3_bridge_overpass_debris/bridgedebris_set_b.dx80.vtx,48226,9099
models/c5m3_bridge_overpass_debris/bridgedebris_set_b.dx90.vtx,48091,8935
models/c5m3_bridge_overpass_debris/bridgedebris_set_b.mdl,56660,19232
models/c5m3_bridge_overpass_debris/bridgedebris_set_b.sw.vtx,47224,8555
models/c5m3_bridge_overpass_debris/bridgedebris_set_b.vvd,205056,97390
models/c5m3_bridge_overpass_debris/bridgedebris_set_c.ani,121096,121096
models/c5m3_bridge_overpass_debris/bridgedebris_set_c.dx80.vtx,50664,9500
models/c5m3_bridge_overpass_debris/bridgedebris_set_c.dx90.vtx,50529,9423
models/c5m3_bridge_overpass_debris/bridgedebris_set_c.mdl,57196,19315
models/c5m3_bridge_overpass_debris/bridgedebris_set_c.sw.vtx,49654,9072
models/c5m3_bridge_overpass_debris/bridgedebris_set_c.vvd,214144,101978
models/c5m3_bridge_overpass_debris/bridgedebris_set_d.ani,108916,108916
models/c5m3_bridge_overpass_debris/bridgedebris_set_d.dx80.vtx,43634,8290
models/c5m3_bridge_overpass_debris/bridgedebris_set_d.dx90.vtx,43526,8296
models/c5m3_bridge_overpass_debris/bridgedebris_set_d.mdl,51500,17500
models/c5m3_bridge_overpass_debris/bridgedebris_set_d.sw.vtx,42739,7843
models/c5m3_bridge_overpass_debris/bridgedebris_set_d.vvd,184768,88347
models/c5m3_bridge_overpass_debris/c5m3_bridge_divider_debris.ani,123852,123852
models/c5m3_bridge_overpass_debris/c5m3_bridge_divider_debris.dx80.vtx,63258,10019
models/c5m3_bridge_overpass_debris/c5m3_bridge_divider_debris.dx90.vtx,63150,10050
models/c5m3_bridge_overpass_debris/c5m3_bridge_divider_debris.mdl,38836,9073
models/c5m3_bridge_overpass_debris/c5m3_bridge_divider_debris.sw.vtx,62606,9145
models/c5m3_bridge_overpass_debris/c5m3_bridge_divider_debris.vvd,304960,74825
models/c5m3_bridge_overpass_debris/c5m3_bridge_overpass_debris.ani,184796,184796
models/c5m3_bridge_overpass_debris/c5m3_bridge_overpass_debris.dx80.vtx,69849,11378
models/c5m3_bridge_overpass_debris/c5m3_bridge_overpass_debris.dx90.vtx,69579,11380
models/c5m3_bridge_overpass_debris/c5m3_bridge_overpass_debris.mdl,56256,12356
models/c5m3_bridge_overpass_debris/c5m3_bridge_overpass_debris.sw.vtx,67869,9864
models/c5m3_bridge_overpass_debris/c5m3_bridge_overpass_debris.vvd,341696,85237
models/effects/urban_puddle_model03a.dx80.vtx,789,245
models/effects/urban_puddle_model03a.dx90.vtx,789,245
models/effects/urban_puddle_model03a.mdl,1760,437
models/effects/urban_puddle_model03a.phy,625,442
models/effects/urban_puddle_model03a.sw.vtx,789,244
models/effects/urban_puddle_model03a.vvd,3136,955
models/f18/f18_placeholder.dx80.vtx,102945,18437
models/f18/f18_placeholder.dx90.vtx,102945,18438
models/f18/f18_placeholder.mdl,68608,43478
models/f18/f18_placeholder.sw.vtx,102905,17824
models/f18/f18_placeholder.vvd,446976,149780
models/lunatic_models/rpg26.dx80.vtx,116436,21883
models/lunatic_models/rpg26.dx90.vtx,116436,21884
models/lunatic_models/rpg26.mdl,1756,424
models/lunatic_models/rpg26.sw.vtx,116436,21657
models/lunatic_models/rpg26.vvd,514816,166818
models/missiles/f18_agm65maverick.ani,1104,1104
models/missiles/f18_agm65maverick.dx80.vtx,8318,1965
models/missiles/f18_agm65maverick.dx90.vtx,8318,1970
models/missiles/f18_agm65maverick.mdl,3900,1269
models/missiles/f18_agm65maverick.sw.vtx,8302,1955
models/missiles/f18_agm65maverick.vvd,31872,11754
models/propper/testing/char_overkill_target01.dx80.vtx,237,96
models/propper/testing/char_overkill_target01.dx90.vtx,237,96
models/propper/testing/char_overkill_target01.mdl,1768,429
models/propper/testing/char_overkill_target01.phy,721,419
models/propper/testing/char_overkill_target01.vvd,576,104
models/propper/ze_the_parish_m3_v1/parish_detail_001.dx80.vtx,4266,852
models/propper/ze_the_parish_m3_v1/parish_detail_001.dx90.vtx,4266,852
models/propper/ze_the_parish_m3_v1/parish_detail_001.mdl,2832,610
models/propper/ze_the_parish_m3_v1/parish_detail_001.phy,6122,1798
models/propper/ze_the_parish_m3_v1/parish_detail_001.vvd,19776,1566
models/props_cemetery/cemetery_gate.dx80.vtx,34461,5206
models/props_cemetery/cemetery_gate.dx90.vtx,34461,5206
models/props_cemetery/cemetery_gate.mdl,1768,446
models/props_cemetery/cemetery_gate.phy,1443,858
models/props_cemetery/cemetery_gate.sw.vtx,34461,5291
models/props_cemetery/cemetery_gate.vvd,173632,24228
models/props_cemetery/cemetery_gate_128.dx80.vtx,14757,2410
models/props_cemetery/cemetery_gate_128.dx90.vtx,14757,2410
models/props_cemetery/cemetery_gate_128.mdl,1772,442
models/props_cemetery/cemetery_gate_128.phy,719,455
models/props_cemetery/cemetery_gate_128.sw.vtx,14757,2406
models/props_cemetery/cemetery_gate_128.vvd,77888,7056
models/props_cemetery/cemetery_gate_32.dx80.vtx,4443,871
models/props_cemetery/cemetery_gate_32.dx90.vtx,4443,872
models/props_cemetery/cemetery_gate_32.mdl,1772,438
models/props_cemetery/cemetery_gate_32.phy,715,465
models/props_cemetery/cemetery_gate_32.sw.vtx,4443,871
models/props_cemetery/cemetery_gate_32.vvd,22976,2814
models/props_cemetery/cemetery_gate_64.dx80.vtx,7881,1511
models/props_cemetery/cemetery_gate_64.dx90.vtx,7881,1512
models/props_cemetery/cemetery_gate_64.mdl,1772,438
models/props_cemetery/cemetery_gate_64.phy,716,453
models/props_cemetery/cemetery_gate_64.sw.vtx,7881,1511
models/props_cemetery/cemetery_gate_64.vvd,41280,4359
models/props_cemetery/cemetery_sign.dx80.vtx,46347,7283
models/props_cemetery/cemetery_sign.dx90.vtx,46347,7284
models/props_cemetery/cemetery_sign.mdl,1764,433
models/props_cemetery/cemetery_sign.sw.vtx,46347,6828
models/props_cemetery/cemetery_sign.vvd,207296,62896
models/props_cemetery/crypt_bodyfront_destroyed.dx80.vtx,7128,1284
models/props_cemetery/crypt_bodyfront_destroyed.dx90.vtx,7128,1280
models/props_cemetery/crypt_bodyfront_destroyed.mdl,1772,461
models/props_cemetery/crypt_bodyfront_destroyed.phy,2404,1356
models/props_cemetery/crypt_bodyfront_destroyed.sw.vtx,7128,1276
models/props_cemetery/crypt_bodyfront_destroyed.vvd,35968,9674
models/props_cemetery/crypts_base01.dx80.vtx,4905,930
models/props_cemetery/crypts_base01.dx90.vtx,4905,930
models/props_cemetery/crypts_base01.mdl,1756,445
models/props_cemetery/crypts_base01.phy,1044,691
models/props_cemetery/crypts_base01.sw.vtx,4905,928
models/props_cemetery/crypts_base01.vvd,22336,4741
models/props_cemetery/crypts_base02.dx80.vtx,4071,791
models/props_cemetery/crypts_base02.dx90.vtx,4071,792
models/props_cemetery/crypts_base02.mdl,1756,442
models/props_cemetery/crypts_base02.phy,900,574
models/props_cemetery/crypts_base02.sw.vtx,4071,790
models/props_cemetery/crypts_base02.vvd,20416,4476
models/props_cemetery/crypts_base03.dx80.vtx,43875,6786
models/props_cemetery/crypts_base03.dx90.vtx,43875,6786
models/props_cemetery/crypts_base03.mdl,1756,443
models/props_cemetery/crypts_base03.phy,3359,1852
models/props_cemetery/crypts_base03.sw.vtx,43875,6730
models/props_cemetery/crypts_base03.vvd,196800,46544
models/props_cemetery/crypts_base04.dx80.vtx,2649,553
models/props_cemetery/crypts_base04.dx90.vtx,2649,553
models/props_cemetery/crypts_base04.mdl,1756,437
models/props_cemetery/crypts_base04.phy,1106,692
models/props_cemetery/crypts_base04.sw.vtx,2649,552
models/props_cemetery/crypts_base04.vvd,13120,3129
models/props_cemetery/crypts_bodyfront01.dx80.vtx,15603,2441
models/props_cemetery/crypts_bodyfront01.dx90.vtx,15603,2442
models/props_cemetery/crypts_bodyfront01.mdl,1768,448
models/props_cemetery/crypts_bodyfront01.phy,2494,1367
models/props_cemetery/crypts_bodyfront01.sw.vtx,15603,2437
models/props_cemetery/crypts_bodyfront01.vvd,76992,15047
models/props_cemetery/crypts_bodyfront02.dx80.vtx,11619,1897
models/props_cemetery/crypts_bodyfront02.dx90.vtx,11619,1901
models/props_cemetery/crypts_bodyfront02.mdl,1768,449
models/props_cemetery/crypts_bodyfront02.phy,2462,1376
models/props_cemetery/crypts_bodyfront02.sw.vtx,11619,1890
models/props_cemetery/crypts_bodyfront02.vvd,56768,12224
models/props_cemetery/crypts_bodyfront03.dx80.vtx,6045,1131
models/props_cemetery/crypts_bodyfront03.dx90.vtx,6045,1131
models/props_cemetery/crypts_bodyfront03.mdl,1768,447
models/props_cemetery/crypts_bodyfront03.phy,2429,1320
models/props_cemetery/crypts_bodyfront03.sw.vtx,6045,1108
models/props_cemetery/crypts_bodyfront03.vvd,28608,6605
models/props_cemetery/crypts_bodyfront04.dx80.vtx,18837,2509
models/props_cemetery/crypts_bodyfront04.dx90.vtx,18837,2510
models/props_cemetery/crypts_bodyfront04.mdl,1768,433
models/props_cemetery/crypts_bodyfront04.phy,725,466
models/props_cemetery/crypts_bodyfront04.sw.vtx,18837,2506
models/props_cemetery/crypts_bodyfront04.vvd,96064,11885
models/props_cemetery/crypts_bodyfront05.dx80.vtx,15417,2419
models/props_cemetery/crypts_bodyfront05.dx90.vtx,15417,2420
models/props_cemetery/crypts_bodyfront05.mdl,1768,439
models/props_cemetery/crypts_bodyfront05.phy,725,463
models/props_cemetery/crypts_bodyfront05.sw.vtx,15417,2407
models/props_cemetery/crypts_bodyfront05.vvd,75584,15493
models/props_cemetery/crypts_oneoff01.dx80.vtx,8031,1381
models/props_cemetery/crypts_oneoff01.dx90.vtx,8031,1384
models/props_cemetery/crypts_oneoff01.mdl,1776,461
models/props_cemetery/crypts_oneoff01.phy,3454,1912
models/props_cemetery/crypts_oneoff01.sw.vtx,8031,1377
models/props_cemetery/crypts_oneoff01.vvd,39360,9595
models/props_cemetery/crypts_oneoff02.dx80.vtx,18789,2847
models/props_cemetery/crypts_oneoff02.dx90.vtx,18789,2848
models/props_cemetery/crypts_oneoff02.mdl,1768,447
models/props_cemetery/crypts_oneoff02.phy,7190,3609
models/props_cemetery/crypts_oneoff02.sw.vtx,18789,2848
models/props_cemetery/crypts_oneoff02.vvd,92224,21801
models/props_cemetery/crypts_oneoff03.dx80.vtx,49761,7571
models/props_cemetery/crypts_oneoff03.dx90.vtx,49761,7572
models/props_cemetery/crypts_oneoff03.mdl,1768,457
models/props_cemetery/crypts_oneoff03.phy,5494,2980
models/props_cemetery/crypts_oneoff03.sw.vtx,49761,7034
models/props_cemetery/crypts_oneoff03.vvd,234560,59128
models/props_cemetery/crypts_roof01.dx80.vtx,8997,1567
models/props_cemetery/crypts_roof01.dx90.vtx,8997,1567
models/props_cemetery/crypts_roof01.mdl,1760,456
models/props_cemetery/crypts_roof01.phy,815,529
models/props_cemetery/crypts_roof01.sw.vtx,8997,1524
models/props_cemetery/crypts_roof01.vvd,44096,9929
models/props_cemetery/crypts_roof02.dx80.vtx,4575,941
models/props_cemetery/crypts_roof02.dx90.vtx,4575,942
models/props_cemetery/crypts_roof02.mdl,1760,448
models/props_cemetery/crypts_roof02.phy,1007,655
models/props_cemetery/crypts_roof02.sw.vtx,4575,937
models/props_cemetery/crypts_roof02.vvd,20160,5926
models/props_cemetery/crypts_roofapex.dx80.vtx,3270,712
models/props_cemetery/crypts_roofapex.dx90.vtx,3270,713
models/props_cemetery/crypts_roofapex.mdl,1760,442
models/props_cemetery/crypts_roofapex.phy,818,539
models/props_cemetery/crypts_roofapex.sw.vtx,3270,712
models/props_cemetery/crypts_roofapex.vvd,16128,3617
models/props_cemetery/crypts_roofapexshort.dx80.vtx,2025,454
models/props_cemetery/crypts_roofapexshort.dx90.vtx,2025,455
models/props_cemetery/crypts_roofapexshort.mdl,1764,456
models/props_cemetery/crypts_roofapexshort.phy,1014,647
models/props_cemetery/crypts_roofapexshort.sw.vtx,2025,454
models/props_cemetery/crypts_roofapexshort.vvd,10048,2131
models/props_cemetery/crypts_top01.dx80.vtx,2181,486
models/props_cemetery/crypts_top01.dx90.vtx,2181,486
models/props_cemetery/crypts_top01.mdl,1756,428
models/props_cemetery/crypts_top01.sw.vtx,2181,485
models/props_cemetery/crypts_top01.vvd,10560,1994
models/props_cemetery/crypts_top02.dx80.vtx,4779,963
models/props_cemetery/crypts_top02.dx90.vtx,4779,964
models/props_cemetery/crypts_top02.mdl,1756,421
models/props_cemetery/crypts_top02.sw.vtx,4779,954
models/props_cemetery/crypts_top02.vvd,22208,4262
models/props_cemetery/crypts_top04.dx80.vtx,1869,461
models/props_cemetery/crypts_top04.dx90.vtx,1869,462
models/props_cemetery/crypts_top04.mdl,1756,441
models/props_cemetery/crypts_top04.sw.vtx,1869,460
models/props_cemetery/crypts_top04.vvd,8768,1800
models/props_cemetery/crypts_top05.dx80.vtx,4227,820
models/props_cemetery/crypts_top05.dx90.vtx,4227,821
models/props_cemetery/crypts_top05.mdl,1756,430
models/props_cemetery/crypts_top05.sw.vtx,4227,820
models/props_cemetery/crypts_top05.vvd,21184,4393
models/props_cemetery/crypts_top06.dx80.vtx,3441,696
models/props_cemetery/crypts_top06.dx90.vtx,3441,698
models/props_cemetery/crypts_top06.mdl,1756,428
models/props_cemetery/crypts_top06.sw.vtx,3441,701
models/props_cemetery/crypts_top06.vvd,16704,3939
models/props_cemetery/crypts_wall.dx80.vtx,17133,2841
models/props_cemetery/crypts_wall.dx90.vtx,17133,2838
models/props_cemetery/crypts_wall.mdl,1752,445
models/props_cemetery/crypts_wall.phy,721,453
models/props_cemetery/crypts_wall.sw.vtx,17133,2855
models/props_cemetery/crypts_wall.vvd,80960,14929
models/props_cemetery/curb_128.dx80.vtx,1773,439
models/props_cemetery/curb_128.dx90.vtx,1773,439
models/props_cemetery/curb_128.mdl,1760,442
models/props_cemetery/curb_128.phy,714,467
models/props_cemetery/curb_128.sw.vtx,1773,438
models/props_cemetery/curb_128.vvd,8768,2686
models/props_cemetery/curb_16.dx80.vtx,1206,330
models/props_cemetery/curb_16.dx90.vtx,1206,330
models/props_cemetery/curb_16.mdl,1760,437
models/props_cemetery/curb_16.phy,710,463
models/props_cemetery/curb_16.sw.vtx,1206,329
models/props_cemetery/curb_16.vvd,5632,1917
models/props_cemetery/curb_32.dx80.vtx,1566,398
models/props_cemetery/curb_32.dx90.vtx,1566,399
models/props_cemetery/curb_32.mdl,1760,434
models/props_cemetery/curb_32.phy,710,444
models/props_cemetery/curb_32.sw.vtx,1566,397
models/props_cemetery/curb_32.vvd,7552,2212
models/props_cemetery/curb_64.dx80.vtx,1683,427
models/props_cemetery/curb_64.dx90.vtx,1683,430
models/props_cemetery/curb_64.mdl,1760,439
models/props_cemetery/curb_64.phy,711,452
models/props_cemetery/curb_64.sw.vtx,1683,429
models/props_cemetery/curb_64.vvd,8128,2530
models/props_cemetery/curb_64a.dx80.vtx,1056,303
models/props_cemetery/curb_64a.dx90.vtx,1056,303
models/props_cemetery/curb_64a.mdl,1760,445
models/props_cemetery/curb_64a.phy,712,452
models/props_cemetery/curb_64a.sw.vtx,1056,304
models/props_cemetery/curb_64a.vvd,4736,1705
models/props_debris/burnt_building_chimney_01.dx80.vtx,14016,2554
models/props_debris/burnt_building_chimney_01.dx90.vtx,14016,2546
models/props_debris/burnt_building_chimney_01.mdl,1960,491
models/props_debris/burnt_building_chimney_01.phy,4304,2056
models/props_debris/burnt_building_chimney_01.sw.vtx,14016,2532
models/props_debris/burnt_building_chimney_01.vvd,69696,16749
models/props_debris/burnt_building_corner_01.dx80.vtx,26850,4104
models/props_debris/burnt_building_corner_01.dx90.vtx,26850,4069
models/props_debris/burnt_building_corner_01.mdl,1768,432
models/props_debris/burnt_building_corner_01.phy,12334,5423
models/props_debris/burnt_building_corner_01.sw.vtx,26850,4114
models/props_debris/burnt_building_corner_01.vvd,134016,29233
models/props_debris/burnt_building_corner_02.dx80.vtx,41739,6492
models/props_debris/burnt_building_corner_02.dx90.vtx,41739,6511
models/props_debris/burnt_building_corner_02.mdl,1768,446
models/props_debris/burnt_building_corner_02.phy,16806,7752
models/props_debris/burnt_building_corner_02.sw.vtx,41739,6431
models/props_debris/burnt_building_corner_02.vvd,210624,46847
models/props_debris/burnt_building_debrispile_01.dx80.vtx,53172,7794
models/props_debris/burnt_building_debrispile_01.dx90.vtx,53172,7891
models/props_debris/burnt_building_debrispile_01.mdl,1772,456
models/props_debris/burnt_building_debrispile_01.sw.vtx,53172,7791
models/props_debris/burnt_building_debrispile_01.vvd,267776,76479
models/props_debris/burnt_building_debrispile_02.dx80.vtx,36792,5590
models/props_debris/burnt_building_debrispile_02.dx90.vtx,36792,5590
models/props_debris/burnt_building_debrispile_02.mdl,1772,451
models/props_debris/burnt_building_debrispile_02.sw.vtx,36792,5585
models/props_debris/burnt_building_debrispile_02.vvd,184576,52520
models/props_debris/burnt_building_rafters_01.dx80.vtx,12906,2155
models/props_debris/burnt_building_rafters_01.dx90.vtx,12906,2170
models/props_debris/burnt_building_rafters_01.mdl,1768,442
models/props_debris/burnt_building_rafters_01.sw.vtx,12906,2186
models/props_debris/burnt_building_rafters_01.vvd,64128,14915
models/props_debris/burnt_building_rafters_02.dx80.vtx,12177,2037
models/props_debris/burnt_building_rafters_02.dx90.vtx,12177,2037
models/props_debris/burnt_building_rafters_02.mdl,1768,430
models/props_debris/burnt_building_rafters_02.sw.vtx,12177,2031
models/props_debris/burnt_building_rafters_02.vvd,59968,15414
models/props_debris/burnt_building_roof_01.dx80.vtx,51015,7423
models/props_debris/burnt_building_roof_01.dx90.vtx,51015,7424
models/props_debris/burnt_building_roof_01.mdl,1960,473
models/props_debris/burnt_building_roof_01.sw.vtx,51015,7429
models/props_debris/burnt_building_roof_01.vvd,254080,61015
models/props_debris/burnt_building_roof_02.dx80.vtx,46053,6862
models/props_debris/burnt_building_roof_02.dx90.vtx,46053,6856
models/props_debris/burnt_building_roof_02.mdl,1764,424
models/props_debris/burnt_building_roof_02.sw.vtx,46053,6817
models/props_debris/burnt_building_roof_02.vvd,230720,54158
models/props_debris/burnt_building_wall_01.dx80.vtx,20460,3196
models/props_debris/burnt_building_wall_01.dx90.vtx,20460,3217
models/props_debris/burnt_building_wall_01.mdl,1764,450
models/props_debris/burnt_building_wall_01.phy,9779,5203
models/props_debris/burnt_building_wall_01.sw.vtx,20460,3195
models/props_debris/burnt_building_wall_01.vvd,101760,28693
models/props_debris/burnt_building_wall_02.dx80.vtx,30579,4643
models/props_debris/burnt_building_wall_02.dx90.vtx,30579,4644
models/props_debris/burnt_building_wall_02.mdl,1764,459
models/props_debris/burnt_building_wall_02.phy,11987,6288
models/props_debris/burnt_building_wall_02.sw.vtx,30579,4683
models/props_debris/burnt_building_wall_02.vvd,152000,41892
models/props_debris/burnt_building_wall_03.dx80.vtx,21561,3451
models/props_debris/burnt_building_wall_03.dx90.vtx,21561,3451
models/props_debris/burnt_building_wall_03.mdl,1764,460
models/props_debris/burnt_building_wall_03.phy,10892,5745
models/props_debris/burnt_building_wall_03.sw.vtx,21561,3454
models/props_debris/burnt_building_wall_03.vvd,107584,27066
models/props_debris/burnt_building_wall_04.dx80.vtx,9969,1717
models/props_debris/burnt_building_wall_04.dx90.vtx,9969,1698
models/props_debris/burnt_building_wall_04.mdl,1764,453
models/props_debris/burnt_building_wall_04.phy,4995,2654
models/props_debris/burnt_building_wall_04.sw.vtx,9969,1716
models/props_debris/burnt_building_wall_04.vvd,49216,11551
models/props_debris/burnt_building_wall_05.dx80.vtx,4842,945
models/props_debris/burnt_building_wall_05.dx90.vtx,4842,966
models/props_debris/burnt_building_wall_05.mdl,1764,446
models/props_debris/burnt_building_wall_05.phy,2877,1724
models/props_debris/burnt_building_wall_05.sw.vtx,4842,967
models/props_debris/burnt_building_wall_05.vvd,23680,6079
models/props_debris/burnt_building_wall_06.dx80.vtx,11976,2076
models/props_debris/burnt_building_wall_06.dx90.vtx,11976,2076
models/props_debris/burnt_building_wall_06.mdl,1764,455
models/props_debris/burnt_building_wall_06.phy,5451,3103
models/props_debris/burnt_building_wall_06.sw.vtx,11976,2076
models/props_debris/burnt_building_wall_06.vvd,58880,14389
models/props_destruction/general_dest_concrete_set.ani,797908,797908
models/props_destruction/general_dest_concrete_set.dx80.vtx,90540,13322
models/props_destruction/general_dest_concrete_set.dx90.vtx,90405,13364
models/props_destruction/general_dest_concrete_set.mdl,91780,32702
models/props_destruction/general_dest_concrete_set.sw.vtx,89335,12138
models/props_destruction/general_dest_concrete_set.vvd,451904,100459
models/props_doors/checkpoint_door_01.dx80.vtx,104117,16050
models/props_doors/checkpoint_door_01.dx90.vtx,104117,16038
models/props_doors/checkpoint_door_01.mdl,4212,1287
models/props_doors/checkpoint_door_01.phy,3233,1603
models/props_doors/checkpoint_door_01.sw.vtx,104085,15633
models/props_doors/checkpoint_door_01.vvd,346800,95445
models/props_doors/checkpoint_door_01_static.dx80.vtx,99923,16693
models/props_doors/checkpoint_door_01_static.dx90.vtx,99923,16694
models/props_doors/checkpoint_door_01_static.mdl,1860,542
models/props_doors/checkpoint_door_01_static.phy,3016,1588
models/props_doors/checkpoint_door_01_static.sw.vtx,99923,16421
models/props_doors/checkpoint_door_01_static.vvd,351424,94568
models/props_doors/checkpoint_door_02.dx80.vtx,74877,10857
models/props_doors/checkpoint_door_02.dx90.vtx,74877,11183
models/props_doors/checkpoint_door_02.mdl,3232,898
models/props_doors/checkpoint_door_02.phy,2289,1203
models/props_doors/checkpoint_door_02.sw.vtx,74861,10575
models/props_doors/checkpoint_door_02.vvd,237824,53224
models/props_doors/checkpoint_door_02_static.dx80.vtx,74837,10881
models/props_doors/checkpoint_door_02_static.dx90.vtx,74837,10890
models/props_doors/checkpoint_door_02_static.mdl,1860,540
models/props_doors/checkpoint_door_02_static.phy,2193,1120
models/props_doors/checkpoint_door_02_static.sw.vtx,74837,10876
models/props_doors/checkpoint_door_02_static.vvd,237824,53980
models/props_doors/checkpoint_doorframe_02.dx80.vtx,7185,1353
models/props_doors/checkpoint_doorframe_02.dx90.vtx,7185,1374
models/props_doors/checkpoint_doorframe_02.mdl,1776,471
models/props_doors/checkpoint_doorframe_02.phy,1855,1066
models/props_doors/checkpoint_doorframe_02.sw.vtx,7185,1351
models/props_doors/checkpoint_doorframe_02.vvd,35136,7886
models/props_doors/checkpoint_frame_reinforcement_01.dx80.vtx,6963,1348
models/props_doors/checkpoint_frame_reinforcement_01.dx90.vtx,6963,1348
models/props_doors/checkpoint_frame_reinforcement_01.mdl,1804,487
models/props_doors/checkpoint_frame_reinforcement_01.sw.vtx,6963,1338
models/props_doors/checkpoint_frame_reinforcement_01.vvd,31168,9459
models/props_doors/door_urban_48_118_boarded.dx80.vtx,3153,683
models/props_doors/door_urban_48_118_boarded.dx90.vtx,3153,683
models/props_doors/door_urban_48_118_boarded.mdl,1768,456
models/props_doors/door_urban_48_118_boarded.phy,730,455
models/props_doors/door_urban_48_118_boarded.sw.vtx,3153,684
models/props_doors/door_urban_48_118_boarded.vvd,15424,3749
models/props_doors/door_urban_48_118_damaged_boarded.dx80.vtx,3537,741
models/props_doors/door_urban_48_118_damaged_boarded.dx90.vtx,3537,742
models/props_doors/door_urban_48_118_damaged_boarded.mdl,1776,464
models/props_doors/door_urban_48_118_damaged_boarded.phy,738,462
models/props_doors/door_urban_48_118_damaged_boarded.sw.vtx,3537,741
models/props_doors/door_urban_48_118_damaged_boarded.vvd,17472,4295
models/props_doors/roll-up_door_full.dx80.vtx,41346,6198
models/props_doors/roll-up_door_full.dx90.vtx,41346,6204
models/props_doors/roll-up_door_full.mdl,1768,461
models/props_doors/roll-up_door_full.phy,2844,1455
models/props_doors/roll-up_door_full.sw.vtx,41346,6181
models/props_doors/roll-up_door_full.vvd,193408,24534
models/props_downtown/balcony_post_base01_186.dx80.vtx,3891,915
models/props_downtown/balcony_post_base01_186.dx90.vtx,3891,912
models/props_downtown/balcony_post_base01_186.mdl,1768,450
models/props_downtown/balcony_post_base01_186.phy,915,581
models/props_downtown/balcony_post_base01_186.sw.vtx,3891,898
models/props_downtown/balcony_post_base01_186.vvd,15552,4735
models/props_downtown/balcony_post_base04_154.dx80.vtx,3915,832
models/props_downtown/balcony_post_base04_154.dx90.vtx,3915,833
models/props_downtown/balcony_post_base04_154.mdl,1768,447
models/props_downtown/balcony_post_base04_154.phy,915,594
models/props_downtown/balcony_post_base04_154.sw.vtx,3915,818
models/props_downtown/balcony_post_base04_154.vvd,16832,3081
models/props_downtown/balcony_post_upper01_154.dx80.vtx,3891,894
models/props_downtown/balcony_post_upper01_154.dx90.vtx,3891,886
models/props_downtown/balcony_post_upper01_154.mdl,1768,451
models/props_downtown/balcony_post_upper01_154.phy,916,577
models/props_downtown/balcony_post_upper01_154.sw.vtx,3891,892
models/props_downtown/balcony_post_upper01_154.vvd,15552,4777
models/props_downtown/balcony_post_upper02_144.dx80.vtx,4107,860
models/props_downtown/balcony_post_upper02_144.dx90.vtx,4107,841
models/props_downtown/balcony_post_upper02_144.mdl,1768,446
models/props_downtown/balcony_post_upper02_144.phy,916,585
models/props_downtown/balcony_post_upper02_144.sw.vtx,4107,837
models/props_downtown/balcony_post_upper02_144.vvd,17600,4360
models/props_downtown/bar.dx80.vtx,35760,5397
models/props_downtown/bar.dx90.vtx,35760,5398
models/props_downtown/bar.mdl,1740,443
models/props_downtown/bar.phy,1890,1090
models/props_downtown/bar.sw.vtx,35760,5432
models/props_downtown/bar.vvd,170752,40322
models/props_downtown/cigarettemachine.dx80.vtx,32079,5319
models/props_downtown/cigarettemachine.dx90.vtx,32079,5307
models/props_downtown/cigarettemachine.mdl,1772,465
models/props_downtown/cigarettemachine.phy,1440,875
models/props_downtown/cigarettemachine.sw.vtx,32079,5254
models/props_downtown/cigarettemachine.vvd,138560,17992
models/props_downtown/door01_80_136.dx80.vtx,8286,1358
models/props_downtown/door01_80_136.dx90.vtx,8286,1360
models/props_downtown/door01_80_136.mdl,1764,449
models/props_downtown/door01_80_136.sw.vtx,8286,1360
models/props_downtown/door01_80_136.vvd,42368,8934
models/props_downtown/door03_48_104.dx80.vtx,2385,548
models/props_downtown/door03_48_104.dx90.vtx,2385,548
models/props_downtown/door03_48_104.mdl,1764,459
models/props_downtown/door03_48_104.phy,716,474
models/props_downtown/door03_48_104.sw.vtx,2385,546
models/props_downtown/door03_48_104.vvd,11840,2756
models/props_downtown/door_interior_112_01.dx80.vtx,14793,2405
models/props_downtown/door_interior_112_01.dx90.vtx,14793,2405
models/props_downtown/door_interior_112_01.mdl,2212,700
models/props_downtown/door_interior_112_01.phy,799,502
models/props_downtown/door_interior_112_01.sw.vtx,14785,2428
models/props_downtown/door_interior_112_01.vvd,68928,12706
models/props_downtown/door_interior_112_01_dm01_01.dx80.vtx,24837,3985
models/props_downtown/door_interior_112_01_dm01_01.dx90.vtx,24837,3985
models/props_downtown/door_interior_112_01_dm01_01.mdl,1880,588
models/props_downtown/door_interior_112_01_dm01_01.phy,3921,1876
models/props_downtown/door_interior_112_01_dm01_01.sw.vtx,24829,3746
models/props_downtown/door_interior_112_01_dm01_01.vvd,120640,28961
models/props_downtown/door_interior_112_01_dm01_02.dx80.vtx,4062,853
models/props_downtown/door_interior_112_01_dm01_02.dx90.vtx,4062,853
models/props_downtown/door_interior_112_01_dm01_02.mdl,1704,443
models/props_downtown/door_interior_112_01_dm01_02.phy,1495,992
models/props_downtown/door_interior_112_01_dm01_02.sw.vtx,4062,857
models/props_downtown/door_interior_112_01_dm01_02.vvd,20352,5673
models/props_downtown/door_interior_112_01_dm02_01.dx80.vtx,28485,4516
models/props_downtown/door_interior_112_01_dm02_01.dx90.vtx,28485,4498
models/props_downtown/door_interior_112_01_dm02_01.mdl,1880,588
models/props_downtown/door_interior_112_01_dm02_01.phy,4890,2276
models/props_downtown/door_interior_112_01_dm02_01.sw.vtx,28477,4123
models/props_downtown/door_interior_112_01_dm02_01.vvd,139584,35024
models/props_downtown/door_interior_112_01_dm02_02.dx80.vtx,3930,825
models/props_downtown/door_interior_112_01_dm02_02.dx90.vtx,3930,826
models/props_downtown/door_interior_112_01_dm02_02.mdl,1768,460
models/props_downtown/door_interior_112_01_dm02_02.phy,1015,633
models/props_downtown/door_interior_112_01_dm02_02.sw.vtx,3930,825
models/props_downtown/door_interior_112_01_dm02_02.vvd,19328,5960
models/props_downtown/door_interior_112_01_dm02_03.dx80.vtx,2421,549
models/props_downtown/door_interior_112_01_dm02_03.dx90.vtx,2421,550
models/props_downtown/door_interior_112_01_dm02_03.mdl,1768,457
models/props_downtown/door_interior_112_01_dm02_03.phy,1159,790
models/props_downtown/door_interior_112_01_dm02_03.sw.vtx,2421,549
models/props_downtown/door_interior_112_01_dm02_03.vvd,11840,3681
models/props_downtown/door_interior_112_01_dm02_04.dx80.vtx,1623,404
models/props_downtown/door_interior_112_01_dm02_04.dx90.vtx,1623,405
models/props_downtown/door_interior_112_01_dm02_04.mdl,1768,454
models/props_downtown/door_interior_112_01_dm02_04.phy,724,501
models/props_downtown/door_interior_112_01_dm02_04.sw.vtx,1623,403
models/props_downtown/door_interior_112_01_dm02_04.vvd,7872,2550
models/props_downtown/door_interior_112_01_dm02_05.dx80.vtx,2529,577
models/props_downtown/door_interior_112_01_dm02_05.dx90.vtx,2529,577
models/props_downtown/door_interior_112_01_dm02_05.mdl,1768,459
models/props_downtown/door_interior_112_01_dm02_05.phy,917,579
models/props_downtown/door_interior_112_01_dm02_05.sw.vtx,2529,575
models/props_downtown/door_interior_112_01_dm02_05.vvd,12352,3711
models/props_downtown/door_interior_112_01_dm03_01.dx80.vtx,42369,6178
models/props_downtown/door_interior_112_01_dm03_01.dx90.vtx,42369,6178
models/props_downtown/door_interior_112_01_dm03_01.mdl,1900,610
models/props_downtown/door_interior_112_01_dm03_01.phy,5888,2906
models/props_downtown/door_interior_112_01_dm03_01.sw.vtx,42361,5731
models/props_downtown/door_interior_112_01_dm03_01.vvd,211264,59079
models/props_downtown/door_interior_112_01_dm03_02.dx80.vtx,3213,697
models/props_downtown/door_interior_112_01_dm03_02.dx90.vtx,3213,697
models/props_downtown/door_interior_112_01_dm03_02.mdl,1768,459
models/props_downtown/door_interior_112_01_dm03_02.phy,1261,837
models/props_downtown/door_interior_112_01_dm03_02.sw.vtx,3213,694
models/props_downtown/door_interior_112_01_dm03_02.vvd,15680,4884
models/props_downtown/door_interior_112_01_dm03_03.dx80.vtx,1077,305
models/props_downtown/door_interior_112_01_dm03_03.dx90.vtx,1077,307
models/props_downtown/door_interior_112_01_dm03_03.mdl,1768,450
models/props_downtown/door_interior_112_01_dm03_03.phy,820,587
models/props_downtown/door_interior_112_01_dm03_03.sw.vtx,1077,306
models/props_downtown/door_interior_112_01_dm03_03.vvd,4928,1711
models/props_downtown/door_interior_112_01_dm03_04.dx80.vtx,1569,394
models/props_downtown/door_interior_112_01_dm03_04.dx90.vtx,1569,394
models/props_downtown/door_interior_112_01_dm03_04.mdl,1768,459
models/props_downtown/door_interior_112_01_dm03_04.phy,725,488
models/props_downtown/door_interior_112_01_dm03_04.sw.vtx,1569,393
models/props_downtown/door_interior_112_01_dm03_04.vvd,7488,2375
models/props_downtown/door_interior_112_01_dm04_01.dx80.vtx,11655,2097
models/props_downtown/door_interior_112_01_dm04_01.dx90.vtx,11655,2097
models/props_downtown/door_interior_112_01_dm04_01.mdl,1768,464
models/props_downtown/door_interior_112_01_dm04_01.phy,1896,1172
models/props_downtown/door_interior_112_01_dm04_01.sw.vtx,11655,2067
models/props_downtown/door_interior_112_01_dm04_01.vvd,53440,14588
models/props_downtown/door_interior_112_01_dm04_02.dx80.vtx,2691,608
models/props_downtown/door_interior_112_01_dm04_02.dx90.vtx,2691,608
models/props_downtown/door_interior_112_01_dm04_02.mdl,1768,464
models/props_downtown/door_interior_112_01_dm04_02.phy,1583,995
models/props_downtown/door_interior_112_01_dm04_02.sw.vtx,2691,608
models/props_downtown/door_interior_112_01_dm04_02.vvd,13248,3951
models/props_downtown/door_interior_112_01_dm04_03.dx80.vtx,8238,1511
models/props_downtown/door_interior_112_01_dm04_03.dx90.vtx,8238,1513
models/props_downtown/door_interior_112_01_dm04_03.mdl,1768,462
models/props_downtown/door_interior_112_01_dm04_03.phy,728,524
models/props_downtown/door_interior_112_01_dm04_03.sw.vtx,8238,1511
models/props_downtown/door_interior_112_01_dm04_03.vvd,41856,12397
models/props_downtown/door_interior_112_01_dm04_04.dx80.vtx,11022,1964
models/props_downtown/door_interior_112_01_dm04_04.dx90.vtx,11022,1913
models/props_downtown/door_interior_112_01_dm04_04.mdl,1768,462
models/props_downtown/door_interior_112_01_dm04_04.phy,2296,1369
models/props_downtown/door_interior_112_01_dm04_04.sw.vtx,11022,1920
models/props_downtown/door_interior_112_01_dm04_04.vvd,56064,16022
models/props_downtown/door_interior_112_01_dm04_05.dx80.vtx,14193,2260
models/props_downtown/door_interior_112_01_dm04_05.dx90.vtx,14193,2261
models/props_downtown/door_interior_112_01_dm04_05.mdl,1768,457
models/props_downtown/door_interior_112_01_dm04_05.phy,728,479
models/props_downtown/door_interior_112_01_dm04_05.sw.vtx,14193,2260
models/props_downtown/door_interior_112_01_dm04_05.vvd,72896,20320
models/props_downtown/door_interior_128_01.dx80.vtx,14793,2394
models/props_downtown/door_interior_128_01.dx90.vtx,14793,2389
models/props_downtown/door_interior_128_01.mdl,2792,774
models/props_downtown/door_interior_128_01.phy,799,504
models/props_downtown/door_interior_128_01.sw.vtx,14785,2330
models/props_downtown/door_interior_128_01.vvd,68928,12208
models/props_downtown/door_interior_128_01_dm01_01.dx80.vtx,24846,4010
models/props_downtown/door_interior_128_01_dm01_01.dx90.vtx,24846,4011
models/props_downtown/door_interior_128_01_dm01_01.mdl,2468,666
models/props_downtown/door_interior_128_01_dm01_01.phy,3762,1762
models/props_downtown/door_interior_128_01_dm01_01.sw.vtx,24838,3702
models/props_downtown/door_interior_128_01_dm01_01.vvd,120704,28192
models/props_downtown/door_interior_128_01_dm01_02.dx80.vtx,4062,854
models/props_downtown/door_interior_128_01_dm01_02.dx90.vtx,4062,854
models/props_downtown/door_interior_128_01_dm01_02.mdl,1708,445
models/props_downtown/door_interior_128_01_dm01_02.phy,1492,1000
models/props_downtown/door_interior_128_01_dm01_02.sw.vtx,4062,857
models/props_downtown/door_interior_128_01_dm01_02.vvd,20352,5645
models/props_downtown/door_interior_128_01_dm02_01.dx80.vtx,28413,4462
models/props_downtown/door_interior_128_01_dm02_01.dx90.vtx,28413,4463
models/props_downtown/door_interior_128_01_dm02_01.mdl,2468,671
models/props_downtown/door_interior_128_01_dm02_01.phy,5003,2365
models/props_downtown/door_interior_128_01_dm02_01.sw.vtx,28405,4182
models/props_downtown/door_interior_128_01_dm02_01.vvd,139072,34219
models/props_downtown/door_interior_128_01_dm02_02.dx80.vtx,3930,825
models/props_downtown/door_interior_128_01_dm02_02.dx90.vtx,3930,825
models/props_downtown/door_interior_128_01_dm02_02.mdl,1772,463
models/props_downtown/door_interior_128_01_dm02_02.phy,1012,642
models/props_downtown/door_interior_128_01_dm02_02.sw.vtx,3930,824
models/props_downtown/door_interior_128_01_dm02_02.vvd,19328,5822
models/props_downtown/door_interior_128_01_dm02_03.dx80.vtx,2421,550
models/props_downtown/door_interior_128_01_dm02_03.dx90.vtx,2421,551
models/props_downtown/door_interior_128_01_dm02_03.mdl,1772,463
models/props_downtown/door_interior_128_01_dm02_03.phy,1156,786
models/props_downtown/door_interior_128_01_dm02_03.sw.vtx,2421,546
models/props_downtown/door_interior_128_01_dm02_03.vvd,11840,3686
models/props_downtown/door_interior_128_01_dm02_04.dx80.vtx,1623,411
models/props_downtown/door_interior_128_01_dm02_04.dx90.vtx,1623,411
models/props_downtown/door_interior_128_01_dm02_04.mdl,1772,459
models/props_downtown/door_interior_128_01_dm02_04.phy,723,491
models/props_downtown/door_interior_128_01_dm02_04.sw.vtx,1623,410
models/props_downtown/door_interior_128_01_dm02_04.vvd,7872,2509
models/props_downtown/door_interior_128_01_dm02_05.dx80.vtx,2511,569
models/props_downtown/door_interior_128_01_dm02_05.dx90.vtx,2511,569
models/props_downtown/door_interior_128_01_dm02_05.mdl,1772,463
models/props_downtown/door_interior_128_01_dm02_05.phy,916,579
models/props_downtown/door_interior_128_01_dm02_05.sw.vtx,2511,570
models/props_downtown/door_interior_128_01_dm02_05.vvd,12224,3627
models/props_downtown/door_interior_128_01_dm03_01.dx80.vtx,42288,6491
models/props_downtown/door_interior_128_01_dm03_01.dx90.vtx,42288,6492
models/props_downtown/door_interior_128_01_dm03_01.mdl,2488,692
models/props_downtown/door_interior_128_01_dm03_01.phy,5905,2912
models/props_downtown/door_interior_128_01_dm03_01.sw.vtx,42280,5711
models/props_downtown/door_interior_128_01_dm03_01.vvd,210688,57865
models/props_downtown/door_interior_128_01_dm03_02.dx80.vtx,3213,698
models/props_downtown/door_interior_128_01_dm03_02.dx90.vtx,3213,699
models/props_downtown/door_interior_128_01_dm03_02.mdl,1772,466
models/props_downtown/door_interior_128_01_dm03_02.phy,1228,806
models/props_downtown/door_interior_128_01_dm03_02.sw.vtx,3213,699
models/props_downtown/door_interior_128_01_dm03_02.vvd,15680,4830
models/props_downtown/door_interior_128_01_dm03_03.dx80.vtx,1077,307
models/props_downtown/door_interior_128_01_dm03_03.dx90.vtx,1077,307
models/props_downtown/door_interior_128_01_dm03_03.mdl,1772,456
models/props_downtown/door_interior_128_01_dm03_03.phy,819,575
models/props_downtown/door_interior_128_01_dm03_03.sw.vtx,1077,305
models/props_downtown/door_interior_128_01_dm03_03.vvd,4928,1691
models/props_downtown/door_interior_128_01_dm03_04.dx80.vtx,1569,394
models/props_downtown/door_interior_128_01_dm03_04.dx90.vtx,1569,394
models/props_downtown/door_interior_128_01_dm03_04.mdl,1772,463
models/props_downtown/door_interior_128_01_dm03_04.phy,724,481
models/props_downtown/door_interior_128_01_dm03_04.sw.vtx,1569,393
models/props_downtown/door_interior_128_01_dm03_04.vvd,7488,2357
models/props_downtown/door_interior_128_01_dm04_01.dx80.vtx,11655,2089
models/props_downtown/door_interior_128_01_dm04_01.dx90.vtx,11655,2091
models/props_downtown/door_interior_128_01_dm04_01.mdl,1768,467
models/props_downtown/door_interior_128_01_dm04_01.phy,1914,1177
models/props_downtown/door_interior_128_01_dm04_01.sw.vtx,11655,2091
models/props_downtown/door_interior_128_01_dm04_01.vvd,53440,14210
models/props_downtown/door_interior_128_01_dm04_02.dx80.vtx,2655,600
models/props_downtown/door_interior_128_01_dm04_02.dx90.vtx,2655,600
models/props_downtown/door_interior_128_01_dm04_02.mdl,1768,463
models/props_downtown/door_interior_128_01_dm04_02.phy,1584,996
models/props_downtown/door_interior_128_01_dm04_02.sw.vtx,2655,600
models/props_downtown/door_interior_128_01_dm04_02.vvd,12992,3901
models/props_downtown/door_interior_128_01_dm04_03.dx80.vtx,8238,1465
models/props_downtown/door_interior_128_01_dm04_03.dx90.vtx,8238,1465
models/props_downtown/door_interior_128_01_dm04_03.mdl,1768,461
models/props_downtown/door_interior_128_01_dm04_03.phy,728,532
models/props_downtown/door_interior_128_01_dm04_03.sw.vtx,8238,1466
models/props_downtown/door_interior_128_01_dm04_03.vvd,41856,12420
models/props_downtown/door_interior_128_01_dm04_04.dx80.vtx,11022,1908
models/props_downtown/door_interior_128_01_dm04_04.dx90.vtx,11022,1909
models/props_downtown/door_interior_128_01_dm04_04.mdl,1768,463
models/props_downtown/door_interior_128_01_dm04_04.phy,2296,1358
models/props_downtown/door_interior_128_01_dm04_04.sw.vtx,11022,1897
models/props_downtown/door_interior_128_01_dm04_04.vvd,56064,15743
models/props_downtown/door_interior_128_01_dm04_05.dx80.vtx,14193,2265
models/props_downtown/door_interior_128_01_dm04_05.dx90.vtx,14193,2265
models/props_downtown/door_interior_128_01_dm04_05.mdl,1768,459
models/props_downtown/door_interior_128_01_dm04_05.phy,728,479
models/props_downtown/door_interior_128_01_dm04_05.sw.vtx,14193,2263
models/props_downtown/door_interior_128_01_dm04_05.vvd,72896,20398
models/props_downtown/door_interior_with_trim_128_01.dx80.vtx,7560,1300
models/props_downtown/door_interior_with_trim_128_01.dx90.vtx,7560,1300
models/props_downtown/door_interior_with_trim_128_01.mdl,1768,466
models/props_downtown/door_interior_with_trim_128_01.phy,735,484
models/props_downtown/door_interior_with_trim_128_01.sw.vtx,7560,1330
models/props_downtown/door_interior_with_trim_128_01.vvd,37888,7031
models/props_downtown/door_pillar02.dx80.vtx,7605,1143
models/props_downtown/door_pillar02.dx90.vtx,7605,1144
models/props_downtown/door_pillar02.mdl,1760,445
models/props_downtown/door_pillar02.phy,718,455
models/props_downtown/door_pillar02.sw.vtx,7605,1151
models/props_downtown/door_pillar02.vvd,39488,7406
models/props_downtown/door_trim_56_112_01.dx80.vtx,4569,881
models/props_downtown/door_trim_56_112_01.dx90.vtx,4569,881
models/props_downtown/door_trim_56_112_01.mdl,1756,460
models/props_downtown/door_trim_56_112_01.phy,2034,1206
models/props_downtown/door_trim_56_112_01.sw.vtx,4569,880
models/props_downtown/door_trim_56_112_01.vvd,23104,3999
models/props_downtown/door_trim_56_112_02.dx80.vtx,5025,1005
models/props_downtown/door_trim_56_112_02.dx90.vtx,5025,1006
models/props_downtown/door_trim_56_112_02.mdl,1756,449
models/props_downtown/door_trim_56_112_02.phy,2098,1271
models/props_downtown/door_trim_56_112_02.sw.vtx,5025,1009
models/props_downtown/door_trim_56_112_02.vvd,23616,5450
models/props_downtown/door_trim_64_128_01.dx80.vtx,4569,867
models/props_downtown/door_trim_64_128_01.dx90.vtx,4569,868
models/props_downtown/door_trim_64_128_01.mdl,1756,458
models/props_downtown/door_trim_64_128_01.phy,2002,1157
models/props_downtown/door_trim_64_128_01.sw.vtx,4569,867
models/props_downtown/door_trim_64_128_01.vvd,23104,3842
models/props_downtown/door_trim_64_128_02.dx80.vtx,5025,988
models/props_downtown/door_trim_64_128_02.dx90.vtx,5025,990
models/props_downtown/door_trim_64_128_02.mdl,1756,454
models/props_downtown/door_trim_64_128_02.phy,2914,1656
models/props_downtown/door_trim_64_128_02.sw.vtx,5025,992
models/props_downtown/door_trim_64_128_02.vvd,23616,5012
models/props_downtown/door_trim_exterior_01.dx80.vtx,8316,1372
models/props_downtown/door_trim_exterior_01.dx90.vtx,8316,1372
models/props_downtown/door_trim_exterior_01.mdl,1772,467
models/props_downtown/door_trim_exterior_01.phy,2070,1210
models/props_downtown/door_trim_exterior_01.sw.vtx,8316,1375
models/props_downtown/door_trim_exterior_01.vvd,42112,7731
models/props_downtown/door_trim_exterior_02.dx80.vtx,5445,1053
models/props_downtown/door_trim_exterior_02.dx90.vtx,5445,1054
models/props_downtown/door_trim_exterior_02.mdl,1772,465
models/props_downtown/door_trim_exterior_02.phy,2006,1186
models/props_downtown/door_trim_exterior_02.sw.vtx,5445,1052
models/props_downtown/door_trim_exterior_02.vvd,26432,5717
models/props_downtown/dormer_window02.dx80.vtx,3078,663
models/props_downtown/dormer_window02.dx90.vtx,3078,664
models/props_downtown/dormer_window02.mdl,1756,463
models/props_downtown/dormer_window02.phy,820,550
models/props_downtown/dormer_window02.sw.vtx,3078,664
models/props_downtown/dormer_window02.vvd,15104,2977
models/props_downtown/fan_ceiling32.dx80.vtx,10128,1847
models/props_downtown/fan_ceiling32.dx90.vtx,10128,1847
models/props_downtown/fan_ceiling32.mdl,1764,437
models/props_downtown/fan_ceiling32.sw.vtx,10128,1781
models/props_downtown/fan_ceiling32.vvd,43776,10473
models/props_downtown/fan_ceiling_blade_static.dx80.vtx,7614,1447
models/props_downtown/fan_ceiling_blade_static.dx90.vtx,7614,1448
models/props_downtown/fan_ceiling_blade_static.mdl,1776,463
models/props_downtown/fan_ceiling_blade_static.sw.vtx,7614,1461
models/props_downtown/fan_ceiling_blade_static.vvd,34688,10438
models/props_downtown/gutter_downspout_straight01.dx80.vtx,4821,897
models/props_downtown/gutter_downspout_straight01.dx90.vtx,4821,897
models/props_downtown/gutter_downspout_straight01.mdl,1776,475
models/props_downtown/gutter_downspout_straight01.phy,726,472
models/props_downtown/gutter_downspout_straight01.sw.vtx,4821,896
models/props_downtown/gutter_downspout_straight01.vvd,23616,3413
models/props_downtown/gutter_downspout_straight02.dx80.vtx,5217,1035
models/props_downtown/gutter_downspout_straight02.dx90.vtx,5217,1035
models/props_downtown/gutter_downspout_straight02.mdl,1768,462
models/props_downtown/gutter_downspout_straight02.phy,4761,2601
models/props_downtown/gutter_downspout_straight02.sw.vtx,5217,1029
models/props_downtown/gutter_downspout_straight02.vvd,24128,5192
models/props_downtown/gutter_downspout_straight_160_01.dx80.vtx,2781,608
models/props_downtown/gutter_downspout_straight_160_01.dx90.vtx,2781,609
models/props_downtown/gutter_downspout_straight_160_01.mdl,1772,463
models/props_downtown/gutter_downspout_straight_160_01.phy,734,485
models/props_downtown/gutter_downspout_straight_160_01.sw.vtx,2781,606
models/props_downtown/gutter_downspout_straight_160_01.vvd,13376,2166
models/props_downtown/gutter_downspout_straight_160_02.dx80.vtx,4632,956
models/props_downtown/gutter_downspout_straight_160_02.dx90.vtx,4632,965
models/props_downtown/gutter_downspout_straight_160_02.mdl,1772,464
models/props_downtown/gutter_downspout_straight_160_02.phy,3180,1786
models/props_downtown/gutter_downspout_straight_160_02.sw.vtx,4632,949
models/props_downtown/gutter_downspout_straight_160_02.vvd,22016,4511
models/props_downtown/railing01_128.dx80.vtx,2109,482
models/props_downtown/railing01_128.dx90.vtx,2109,482
models/props_downtown/railing01_128.mdl,1752,444
models/props_downtown/railing01_128.phy,713,459
models/props_downtown/railing01_128.sw.vtx,2109,479
models/props_downtown/railing01_128.vvd,9792,1968
models/props_downtown/railing01_256.dx80.vtx,3171,689
models/props_downtown/railing01_256.dx90.vtx,3171,689
models/props_downtown/railing01_256.mdl,1752,443
models/props_downtown/railing01_256.phy,714,457
models/props_downtown/railing01_256.sw.vtx,3171,688
models/props_downtown/railing01_256.vvd,14784,2643
models/props_downtown/railing01_62.dx80.vtx,1629,402
models/props_downtown/railing01_62.dx90.vtx,1629,403
models/props_downtown/railing01_62.mdl,1752,447
models/props_downtown/railing01_62.phy,710,457
models/props_downtown/railing01_62.sw.vtx,1629,401
models/props_downtown/railing01_62.vvd,7232,1720
models/props_downtown/railing01_94.dx80.vtx,1725,422
models/props_downtown/railing01_94.dx90.vtx,1725,423
models/props_downtown/railing01_94.mdl,1752,444
models/props_downtown/railing01_94.phy,712,463
models/props_downtown/railing01_94.sw.vtx,1725,422
models/props_downtown/railing01_94.vvd,7744,1634
models/props_downtown/railing04_128.dx80.vtx,2181,473
models/props_downtown/railing04_128.dx90.vtx,2181,474
models/props_downtown/railing04_128.mdl,1752,442
models/props_downtown/railing04_128.phy,713,459
models/props_downtown/railing04_128.sw.vtx,2181,472
models/props_downtown/railing04_128.vvd,10816,2063
models/props_downtown/railing04_256.dx80.vtx,2469,519
models/props_downtown/railing04_256.dx90.vtx,2469,520
models/props_downtown/railing04_256.mdl,1752,443
models/props_downtown/railing04_256.phy,714,457
models/props_downtown/railing04_256.sw.vtx,2469,513
models/props_downtown/railing04_256.vvd,12352,2246
models/props_downtown/railing04_94.dx80.vtx,1701,392
models/props_downtown/railing04_94.dx90.vtx,1701,393
models/props_downtown/railing04_94.mdl,1752,444
models/props_downtown/railing04_94.phy,712,463
models/props_downtown/railing04_94.sw.vtx,1701,392
models/props_downtown/railing04_94.vvd,8256,1685
models/props_downtown/railing_04_256_broken.dx80.vtx,6537,1098
models/props_downtown/railing_04_256_broken.dx90.vtx,6537,1099
models/props_downtown/railing_04_256_broken.mdl,1760,450
models/props_downtown/railing_04_256_broken.phy,3580,2189
models/props_downtown/railing_04_256_broken.sw.vtx,6537,1099
models/props_downtown/railing_04_256_broken.vvd,33600,7576
models/props_downtown/railing_brace.dx80.vtx,5322,1022
models/props_downtown/railing_brace.dx90.vtx,5322,1024
models/props_downtown/railing_brace.mdl,1752,424
models/props_downtown/railing_brace.sw.vtx,5322,1015
models/props_downtown/railing_brace.vvd,25728,6656
models/props_downtown/railing_brace01.dx80.vtx,8004,1548
models/props_downtown/railing_brace01.dx90.vtx,8004,1548
models/props_downtown/railing_brace01.mdl,1756,437
models/props_downtown/railing_brace01.sw.vtx,8004,1441
models/props_downtown/railing_brace01.vvd,35200,7506
models/props_downtown/railing_brace02.dx80.vtx,8127,1400
models/props_downtown/railing_brace02.dx90.vtx,8127,1399
models/props_downtown/railing_brace02.mdl,1752,435
models/props_downtown/railing_brace02.sw.vtx,8127,1375
models/props_downtown/railing_brace02.vvd,39104,6595
models/props_downtown/railing_brace03.dx80.vtx,951,260
models/props_downtown/railing_brace03.dx90.vtx,951,262
models/props_downtown/railing_brace03.mdl,1752,426
models/props_downtown/railing_brace03.sw.vtx,951,260
models/props_downtown/railing_brace03.vvd,4032,1058
models/props_downtown/railing_frame_154.dx80.vtx,19881,2669
models/props_downtown/railing_frame_154.dx90.vtx,19881,2669
models/props_downtown/railing_frame_154.mdl,1756,442
models/props_downtown/railing_frame_154.phy,2264,1224
models/props_downtown/railing_frame_154.sw.vtx,19881,2696
models/props_downtown/railing_frame_154.vvd,101184,17208
models/props_downtown/railing_frame_154_94.dx80.vtx,13302,2043
models/props_downtown/railing_frame_154_94.dx90.vtx,13302,2045
models/props_downtown/railing_frame_154_94.mdl,1760,441
models/props_downtown/railing_frame_154_94.phy,1778,1034
models/props_downtown/railing_frame_154_94.sw.vtx,13302,2042
models/props_downtown/railing_frame_154_94.vvd,68224,11924
models/props_downtown/shutters_96_closed02.dx80.vtx,6186,1185
models/props_downtown/shutters_96_closed02.dx90.vtx,6186,1181
models/props_downtown/shutters_96_closed02.mdl,1760,443
models/props_downtown/shutters_96_closed02.phy,723,472
models/props_downtown/shutters_96_closed02.sw.vtx,6186,1181
models/props_downtown/shutters_96_closed02.vvd,29824,4756
models/props_downtown/shutters_96_open02.dx80.vtx,7059,1306
models/props_downtown/shutters_96_open02.dx90.vtx,7059,1306
models/props_downtown/shutters_96_open02.mdl,1760,458
models/props_downtown/shutters_96_open02.phy,1417,865
models/props_downtown/shutters_96_open02.sw.vtx,7059,1307
models/props_downtown/shutters_96_open02.vvd,35264,5074
models/props_downtown/shutters_96_openclosed02.dx80.vtx,5802,1125
models/props_downtown/shutters_96_openclosed02.dx90.vtx,5802,1121
models/props_downtown/shutters_96_openclosed02.mdl,1764,446
models/props_downtown/shutters_96_openclosed02.phy,1487,915
models/props_downtown/shutters_96_openclosed02.sw.vtx,5802,1122
models/props_downtown/shutters_96_openclosed02.vvd,28544,4572
models/props_downtown/sign_noparking.dx80.vtx,2757,618
models/props_downtown/sign_noparking.dx90.vtx,2757,618
models/props_downtown/sign_noparking.mdl,1772,476
models/props_downtown/sign_noparking.phy,711,454
models/props_downtown/sign_noparking.sw.vtx,2757,618
models/props_downtown/sign_noparking.vvd,11840,2695
models/props_downtown/sign_post.dx80.vtx,4203,840
models/props_downtown/sign_post.dx90.vtx,4203,841
models/props_downtown/sign_post.mdl,1752,432
models/props_downtown/sign_post.phy,705,452
models/props_downtown/sign_post.sw.vtx,4203,815
models/props_downtown/sign_post.vvd,17856,4154
models/props_downtown/sign_stop.dx80.vtx,2415,550
models/props_downtown/sign_stop.dx90.vtx,2415,549
models/props_downtown/sign_stop.mdl,1764,469
models/props_downtown/sign_stop.phy,1092,680
models/props_downtown/sign_stop.sw.vtx,2415,549
models/props_downtown/sign_stop.vvd,10432,1795
models/props_downtown/street_lamp01.dx80.vtx,18078,3284
models/props_downtown/street_lamp01.dx90.vtx,18078,3300
models/props_downtown/street_lamp01.mdl,1772,448
models/props_downtown/street_lamp01.phy,2971,1698
models/props_downtown/street_lamp01.sw.vtx,18078,3322
models/props_downtown/street_lamp01.vvd,76416,23409
models/props_downtown/street_lamp_wall01.dx80.vtx,4554,923
models/props_downtown/street_lamp_wall01.dx90.vtx,4554,925
models/props_downtown/street_lamp_wall01.mdl,1764,462
models/props_downtown/street_lamp_wall01.phy,2470,1508
models/props_downtown/street_lamp_wall01.sw.vtx,4554,925
models/props_downtown/street_lamp_wall01.vvd,21248,4993
models/props_downtown/trim_exterior_edge_128.dx80.vtx,3018,688
models/props_downtown/trim_exterior_edge_128.dx90.vtx,3018,689
models/props_downtown/trim_exterior_edge_128.mdl,1772,460
models/props_downtown/trim_exterior_edge_128.phy,724,453
models/props_downtown/trim_exterior_edge_128.sw.vtx,3018,671
models/props_downtown/trim_exterior_edge_128.vvd,12800,3812
models/props_downtown/trim_exterior_edge_160.dx80.vtx,3948,859
models/props_downtown/trim_exterior_edge_160.dx90.vtx,3948,860
models/props_downtown/trim_exterior_edge_160.mdl,1772,461
models/props_downtown/trim_exterior_edge_160.phy,724,455
models/props_downtown/trim_exterior_edge_160.sw.vtx,3948,859
models/props_downtown/trim_exterior_edge_160.vvd,17792,5073
models/props_downtown/trim_exterior_edge_192.dx80.vtx,3408,748
models/props_downtown/trim_exterior_edge_192.dx90.vtx,3408,753
models/props_downtown/trim_exterior_edge_192.mdl,1772,457
models/props_downtown/trim_exterior_edge_192.phy,724,448
models/props_downtown/trim_exterior_edge_192.sw.vtx,3408,747
models/props_downtown/trim_exterior_edge_192.vvd,14720,4157
models/props_downtown/window01_56_96_flat.dx80.vtx,6459,1269
models/props_downtown/window01_56_96_flat.dx90.vtx,6459,1269
models/props_downtown/window01_56_96_flat.mdl,1772,476
models/props_downtown/window01_56_96_flat.phy,722,476
models/props_downtown/window01_56_96_flat.sw.vtx,6459,1257
models/props_downtown/window01_56_96_flat.vvd,29248,6879
models/props_downtown/window02_56_96_flat.dx80.vtx,4860,1066
models/props_downtown/window02_56_96_flat.dx90.vtx,4860,1066
models/props_downtown/window02_56_96_flat.mdl,1772,473
models/props_downtown/window02_56_96_flat.phy,722,470
models/props_downtown/window02_56_96_flat.sw.vtx,4860,1100
models/props_downtown/window02_56_96_flat.vvd,21760,6014
models/props_downtown/window03_56_96.dx80.vtx,4239,868
models/props_downtown/window03_56_96.dx90.vtx,4239,868
models/props_downtown/window03_56_96.mdl,1768,458
models/props_downtown/window03_56_96.phy,717,477
models/props_downtown/window03_56_96.sw.vtx,4239,869
models/props_downtown/window03_56_96.vvd,19648,4303
models/props_downtown/window03_56_96_flat.dx80.vtx,7041,1299
models/props_downtown/window03_56_96_flat.dx90.vtx,7041,1299
models/props_downtown/window03_56_96_flat.mdl,1772,473
models/props_downtown/window03_56_96_flat.phy,722,470
models/props_downtown/window03_56_96_flat.sw.vtx,7041,1303
models/props_downtown/window03_56_96_flat.vvd,33856,7013
models/props_downtown/window06_48_96_flat.dx80.vtx,2157,527
models/props_downtown/window06_48_96_flat.dx90.vtx,2157,527
models/props_downtown/window06_48_96_flat.mdl,1772,476
models/props_downtown/window06_48_96_flat.phy,722,470
models/props_downtown/window06_48_96_flat.sw.vtx,2157,523
models/props_downtown/window06_48_96_flat.vvd,9792,2763
models/props_downtown/window07_32_72_flat.dx80.vtx,3813,836
models/props_downtown/window07_32_72_flat.dx90.vtx,3813,836
models/props_downtown/window07_32_72_flat.mdl,1772,473
models/props_downtown/window07_32_72_flat.phy,1106,729
models/props_downtown/window07_32_72_flat.sw.vtx,3813,837
models/props_downtown/window07_32_72_flat.vvd,17856,5619
models/props_downtown/window08_56_128_flat.dx80.vtx,4137,855
models/props_downtown/window08_56_128_flat.dx90.vtx,4137,856
models/props_downtown/window08_56_128_flat.mdl,1772,477
models/props_downtown/window08_56_128_flat.phy,725,473
models/props_downtown/window08_56_128_flat.sw.vtx,4137,855
models/props_downtown/window08_56_128_flat.vvd,20032,3923
models/props_downtown/window09_56_128_flat.dx80.vtx,3723,780
models/props_downtown/window09_56_128_flat.dx90.vtx,3723,780
models/props_downtown/window09_56_128_flat.mdl,1772,479
models/props_downtown/window09_56_128_flat.phy,725,470
models/props_downtown/window09_56_128_flat.sw.vtx,3723,779
models/props_downtown/window09_56_128_flat.vvd,18368,4326
models/props_downtown/window_interior01.dx80.vtx,17010,2553
models/props_downtown/window_interior01.dx90.vtx,17010,2553
models/props_downtown/window_interior01.mdl,1764,471
models/props_downtown/window_interior01.phy,720,467
models/props_downtown/window_interior01.sw.vtx,17010,2555
models/props_downtown/window_interior01.vvd,88448,14933
models/props_downtown/window_interior02.dx80.vtx,9978,1669
models/props_downtown/window_interior02.dx90.vtx,9978,1650
models/props_downtown/window_interior02.mdl,1764,465
models/props_downtown/window_interior02.phy,720,467
models/props_downtown/window_interior02.sw.vtx,9978,1671
models/props_downtown/window_interior02.vvd,50432,10613
models/props_downtown/window_interior_frame01.dx80.vtx,5685,1003
models/props_downtown/window_interior_frame01.dx90.vtx,5685,1003
models/props_downtown/window_interior_frame01.mdl,1776,476
models/props_downtown/window_interior_frame01.phy,3264,1811
models/props_downtown/window_interior_frame01.sw.vtx,5685,1001
models/props_downtown/window_interior_frame01.vvd,29248,5416
models/props_downtown/window_interior_frame01_thin.dx80.vtx,5685,1009
models/props_downtown/window_interior_frame01_thin.dx90.vtx,5685,1009
models/props_downtown/window_interior_frame01_thin.mdl,1780,479
models/props_downtown/window_interior_frame01_thin.phy,3269,1849
models/props_downtown/window_interior_frame01_thin.sw.vtx,5685,996
models/props_downtown/window_interior_frame01_thin.vvd,29248,5521
models/props_equipment/sleeping_bag2.dx80.vtx,14768,3643
models/props_equipment/sleeping_bag2.dx90.vtx,14768,3609
models/props_equipment/sleeping_bag2.mdl,1780,462
models/props_equipment/sleeping_bag2.phy,3968,2643
models/props_equipment/sleeping_bag2.sw.vtx,14768,3623
models/props_equipment/sleeping_bag2.vvd,45440,24235
models/props_equipment/sleeping_bag3.dx80.vtx,16256,3964
models/props_equipment/sleeping_bag3.dx90.vtx,16256,3964
models/props_equipment/sleeping_bag3.mdl,1860,522
models/props_equipment/sleeping_bag3.phy,1389,948
models/props_equipment/sleeping_bag3.sw.vtx,16256,3890
models/props_equipment/sleeping_bag3.vvd,47168,25720
models/props_exteriors/stairs_house_01.dx80.vtx,8871,1361
models/props_exteriors/stairs_house_01.dx90.vtx,8871,1364
models/props_exteriors/stairs_house_01.mdl,1768,450
models/props_exteriors/stairs_house_01.phy,1702,1029
models/props_exteriors/stairs_house_01.sw.vtx,8871,1363
models/props_exteriors/stairs_house_01.vvd,46016,6364
models/props_exteriors/wood_stairs_120.dx80.vtx,10077,1689
models/props_exteriors/wood_stairs_120.dx90.vtx,10077,1680
models/props_exteriors/wood_stairs_120.mdl,1764,460
models/props_exteriors/wood_stairs_120.phy,8741,3573
models/props_exteriors/wood_stairs_120.sw.vtx,10077,1695
models/props_exteriors/wood_stairs_120.vvd,49728,5952
models/props_foliage/urban_bigplant01.dx80.vtx,10641,2422
models/props_foliage/urban_bigplant01.dx90.vtx,10641,2422
models/props_foliage/urban_bigplant01.mdl,1780,466
models/props_foliage/urban_bigplant01.sw.vtx,10641,2415
models/props_foliage/urban_bigplant01.vvd,39488,22270
models/props_foliage/urban_bush01.dx80.vtx,24858,4724
models/props_foliage/urban_bush01.dx90.vtx,24858,4709
models/props_foliage/urban_bush01.mdl,1776,465
models/props_foliage/urban_bush01.sw.vtx,24858,4729
models/props_foliage/urban_bush01.vvd,104320,55592
models/props_foliage/urban_grass_bush01.dx80.vtx,23493,2988
models/props_foliage/urban_grass_bush01.dx90.vtx,23493,2988
models/props_foliage/urban_grass_bush01.mdl,1780,462
models/props_foliage/urban_grass_bush01.sw.vtx,23493,2989
models/props_foliage/urban_grass_bush01.vvd,106816,57720
models/props_foliage/urban_palm01.dx80.vtx,38823,6974
models/props_foliage/urban_palm01.dx90.vtx,38823,7355
models/props_foliage/urban_palm01.mdl,1980,507
models/props_foliage/urban_palm01.phy,3768,2181
models/props_foliage/urban_palm01.sw.vtx,38823,7290
models/props_foliage/urban_palm01.vvd,149248,71007
models/props_foliage/urban_palm01_medium.dx80.vtx,38109,7197
models/props_foliage/urban_palm01_medium.dx90.vtx,38109,7197
models/props_foliage/urban_palm01_medium.mdl,1988,507
models/props_foliage/urban_palm01_medium.phy,4028,2425
models/props_foliage/urban_palm01_medium.sw.vtx,38109,7084
models/props_foliage/urban_palm01_medium.vvd,146560,70370
models/props_foliage/urban_palm01_small.dx80.vtx,32562,6639
models/props_foliage/urban_palm01_small.dx90.vtx,32562,6641
models/props_foliage/urban_palm01_small.mdl,1988,505
models/props_foliage/urban_palm01_small.phy,3867,2342
models/props_foliage/urban_palm01_small.sw.vtx,32562,6666
models/props_foliage/urban_palm01_small.vvd,121536,58820
models/props_foliage/urban_small_palm01.dx80.vtx,24039,4917
models/props_foliage/urban_small_palm01.dx90.vtx,24039,4937
models/props_foliage/urban_small_palm01.mdl,1984,499
models/props_foliage/urban_small_palm01.phy,1939,1184
models/props_foliage/urban_small_palm01.sw.vtx,24039,4982
models/props_foliage/urban_small_palm01.vvd,93568,45997
models/props_foliage/urban_streetpalm01.dx80.vtx,53820,8439
models/props_foliage/urban_streetpalm01.dx90.vtx,53820,8439
models/props_foliage/urban_streetpalm01.mdl,1988,514
models/props_foliage/urban_streetpalm01.phy,3702,2188
models/props_foliage/urban_streetpalm01.sw.vtx,53820,8320
models/props_foliage/urban_streetpalm01.vvd,235840,97362
models/props_foliage/urban_streettree01_medium.dx80.vtx,26121,4810
models/props_foliage/urban_streettree01_medium.dx90.vtx,26121,4811
models/props_foliage/urban_streettree01_medium.mdl,1996,518
models/props_foliage/urban_streettree01_medium.phy,3517,2186
models/props_foliage/urban_streettree01_medium.sw.vtx,26121,4734
models/props_foliage/urban_streettree01_medium.vvd,113664,48138
models/props_foliage/urban_tree01.dx80.vtx,20916,4120
models/props_foliage/urban_tree01.dx90.vtx,20916,4126
models/props_foliage/urban_tree01.mdl,1980,504
models/props_foliage/urban_tree01.phy,4573,2656
models/props_foliage/urban_tree01.sw.vtx,20916,4122
models/props_foliage/urban_tree01.vvd,88384,45562
models/props_foliage/urban_tree01_small.dx80.vtx,15267,3104
models/props_foliage/urban_tree01_small.dx90.vtx,15267,3103
models/props_foliage/urban_tree01_small.mdl,1988,513
models/props_foliage/urban_tree01_small.phy,4579,2768
models/props_foliage/urban_tree01_small.sw.vtx,15267,3071
models/props_foliage/urban_tree01_small.vvd,64896,34120
models/props_foliage/urban_tree_base_bushes01.dx80.vtx,6615,1333
models/props_foliage/urban_tree_base_bushes01.dx90.vtx,6615,1334
models/props_foliage/urban_tree_base_bushes01.mdl,1784,471
models/props_foliage/urban_tree_base_bushes01.sw.vtx,6615,1333
models/props_foliage/urban_tree_base_bushes01.vvd,30656,15196
models/props_foliage/urban_tree_base_bushes01_large.dx80.vtx,9804,1864
models/props_foliage/urban_tree_base_bushes01_large.dx90.vtx,9804,1865
models/props_foliage/urban_tree_base_bushes01_large.mdl,1792,467
models/props_foliage/urban_tree_base_bushes01_large.sw.vtx,9804,1858
models/props_foliage/urban_tree_base_bushes01_large.vvd,44928,21983
models/props_foliage/urban_tree_base_bushes02.dx80.vtx,8598,1628
models/props_foliage/urban_tree_base_bushes02.dx90.vtx,8598,1628
models/props_foliage/urban_tree_base_bushes02.mdl,1784,473
models/props_foliage/urban_tree_base_bushes02.sw.vtx,8598,1626
models/props_foliage/urban_tree_base_bushes02.vvd,40320,19278
models/props_foliage/urban_tree_giant01.dx80.vtx,157584,26658
models/props_foliage/urban_tree_giant01.dx90.vtx,157584,26550
models/props_foliage/urban_tree_giant01.mdl,1972,502
models/props_foliage/urban_tree_giant01.phy,11572,6409
models/props_foliage/urban_tree_giant01.sw.vtx,157584,26509
models/props_foliage/urban_tree_giant01.vvd,696128,336362
models/props_foliage/urban_tree_giant02_medium.dx80.vtx,124527,20987
models/props_foliage/urban_tree_giant02_medium.dx90.vtx,124527,20986
models/props_foliage/urban_tree_giant02_medium.mdl,1980,498
models/props_foliage/urban_tree_giant02_medium.phy,12192,6842
models/props_foliage/urban_tree_giant02_medium.sw.vtx,124527,20819
models/props_foliage/urban_tree_giant02_medium.vvd,558208,239428
models/props_foliage/urban_tree_giant02_mediuma.dx80.vtx,87528,15300
models/props_foliage/urban_tree_giant02_mediuma.dx90.vtx,87528,15050
models/props_foliage/urban_tree_giant02_mediuma.mdl,1980,498
models/props_foliage/urban_tree_giant02_mediuma.phy,9761,5628
models/props_foliage/urban_tree_giant02_mediuma.sw.vtx,87528,14990
models/props_foliage/urban_tree_giant02_mediuma.vvd,389568,170068
models/props_foliage/urban_trees_dryleaves01.dx80.vtx,41493,7397
models/props_foliage/urban_trees_dryleaves01.dx90.vtx,41493,7397
models/props_foliage/urban_trees_dryleaves01.mdl,1988,504
models/props_foliage/urban_trees_dryleaves01.sw.vtx,41493,7408
models/props_foliage/urban_trees_dryleaves01.vvd,179584,86874
models/props_foliage/urban_trees_small01.dx80.vtx,34209,6018
models/props_foliage/urban_trees_small01.dx90.vtx,34209,6019
models/props_foliage/urban_trees_small01.mdl,1984,496
models/props_foliage/urban_trees_small01.sw.vtx,34209,5989
models/props_foliage/urban_trees_small01.vvd,152960,69631
models/props_foliage/urban_vine02.dx80.vtx,29964,4041
models/props_foliage/urban_vine02.dx90.vtx,29964,4042
models/props_foliage/urban_vine02.mdl,1772,465
models/props_foliage/urban_vine02.sw.vtx,29964,4036
models/props_foliage/urban_vine02.vvd,135552,68540
models/props_foliage/urban_vine03.dx80.vtx,12933,2087
models/props_foliage/urban_vine03.dx90.vtx,12933,2087
models/props_foliage/urban_vine03.mdl,1772,472
models/props_foliage/urban_vine03.sw.vtx,12933,2091
models/props_foliage/urban_vine03.vvd,58176,30053
models/props_fortifications/barricade001_128_reference.dx80.vtx,12135,1993
models/props_fortifications/barricade001_128_reference.dx90.vtx,12135,1994
models/props_fortifications/barricade001_128_reference.mdl,1792,457
models/props_fortifications/barricade001_128_reference.phy,2811,1470
models/props_fortifications/barricade001_128_reference.sw.vtx,12135,2029
models/props_fortifications/barricade001_128_reference.vvd,60608,7455
models/props_fortifications/barricade_razorwire001_128_reference.dx80.vtx,24549,3437
models/props_fortifications/barricade_razorwire001_128_reference.dx90.vtx,24549,3438
models/props_fortifications/barricade_razorwire001_128_reference.mdl,1804,478
models/props_fortifications/barricade_razorwire001_128_reference.sw.vtx,24549,3293
models/props_fortifications/barricade_razorwire001_128_reference.vvd,109888,38343
models/props_fortifications/concrete_barrier001_96_reference.dx80.vtx,7413,1425
models/props_fortifications/concrete_barrier001_96_reference.dx90.vtx,7413,1442
models/props_fortifications/concrete_barrier001_96_reference.mdl,1792,456
models/props_fortifications/concrete_barrier001_96_reference.phy,2278,1232
models/props_fortifications/concrete_barrier001_96_reference.sw.vtx,7413,1419
models/props_fortifications/concrete_barrier001_96_reference.vvd,34880,6567
models/props_fortifications/concrete_block001_128_reference.dx80.vtx,15678,3149
models/props_fortifications/concrete_block001_128_reference.dx90.vtx,15678,3191
models/props_fortifications/concrete_block001_128_reference.mdl,1796,454
models/props_fortifications/concrete_block001_128_reference.phy,734,459
models/props_fortifications/concrete_block001_128_reference.sw.vtx,15678,3110
models/props_fortifications/concrete_block001_128_reference.vvd,62336,14024
models/props_fortifications/concrete_wall001_96_reference.dx80.vtx,12258,2210
models/props_fortifications/concrete_wall001_96_reference.dx90.vtx,12258,2211
models/props_fortifications/concrete_wall001_96_reference.mdl,1796,459
models/props_fortifications/concrete_wall001_96_reference.phy,3454,1809
models/props_fortifications/concrete_wall001_96_reference.sw.vtx,12258,2162
models/props_fortifications/concrete_wall001_96_reference.vvd,54400,8500
models/props_fortifications/orange_cone001_reference.dx80.vtx,10137,1901
models/props_fortifications/orange_cone001_reference.dx90.vtx,10137,1913
models/props_fortifications/orange_cone001_reference.mdl,1864,506
models/props_fortifications/orange_cone001_reference.phy,1962,1160
models/props_fortifications/orange_cone001_reference.sw.vtx,10137,1852
models/props_fortifications/orange_cone001_reference.vvd,42816,11454
models/props_fortifications/police_barrier001_128_reference.dx80.vtx,25611,5133
models/props_fortifications/police_barrier001_128_reference.dx90.vtx,25611,5134
models/props_fortifications/police_barrier001_128_reference.mdl,1884,460
models/props_fortifications/police_barrier001_128_reference.phy,730,462
models/props_fortifications/police_barrier001_128_reference.sw.vtx,25611,4979
models/props_fortifications/police_barrier001_128_reference.vvd,105920,19212
models/props_fortifications/traffic_barrier001.dx80.vtx,19635,3472
models/props_fortifications/traffic_barrier001.dx90.vtx,19635,3472
models/props_fortifications/traffic_barrier001.mdl,1864,515
models/props_fortifications/traffic_barrier001.phy,4371,2149
models/props_fortifications/traffic_barrier001.sw.vtx,19635,3484
models/props_fortifications/traffic_barrier001.vvd,89024,17223
models/props_furniture/inn_chandelier1.dx80.vtx,40474,8544
models/props_furniture/inn_chandelier1.dx90.vtx,40474,8549
models/props_furniture/inn_chandelier1.mdl,1768,456
models/props_furniture/inn_chandelier1.phy,952,627
models/props_furniture/inn_chandelier1.sw.vtx,40474,8560
models/props_furniture/inn_chandelier1.vvd,64576,18626
models/props_highway/bridge_rail.dx80.vtx,14990,1686
models/props_highway/bridge_rail.dx90.vtx,14990,1811
models/props_highway/bridge_rail.mdl,1992,447
models/props_highway/bridge_rail.phy,709,486
models/props_highway/bridge_rail.sw.vtx,14990,1648
models/props_highway/bridge_rail.vvd,58432,12590
models/props_highway/corrugated_panel_03.dx80.vtx,3039,614
models/props_highway/corrugated_panel_03.dx90.vtx,3039,640
models/props_highway/corrugated_panel_03.mdl,1672,410
models/props_highway/corrugated_panel_03.phy,721,442
models/props_highway/corrugated_panel_03.sw.vtx,3039,562
models/props_highway/corrugated_panel_03.vvd,12480,1662
models/props_highway/corrugated_panel_04.dx80.vtx,3039,613
models/props_highway/corrugated_panel_04.dx90.vtx,3039,636
models/props_highway/corrugated_panel_04.mdl,1672,409
models/props_highway/corrugated_panel_04.phy,721,442
models/props_highway/corrugated_panel_04.sw.vtx,3039,563
models/props_highway/corrugated_panel_04.vvd,12480,1698
models/props_highway/corrugated_panel_damaged_01.dx80.vtx,5997,1441
models/props_highway/corrugated_panel_damaged_01.dx90.vtx,5997,1469
models/props_highway/corrugated_panel_damaged_01.mdl,1736,446
models/props_highway/corrugated_panel_damaged_01.phy,3282,1746
models/props_highway/corrugated_panel_damaged_01.sw.vtx,5997,1338
models/props_highway/corrugated_panel_damaged_01.vvd,22080,8743
models/props_highway/corrugated_panel_damaged_02.dx80.vtx,10032,2149
models/props_highway/corrugated_panel_damaged_02.dx90.vtx,10032,2256
models/props_highway/corrugated_panel_damaged_02.mdl,1736,448
models/props_highway/corrugated_panel_damaged_02.phy,2769,1483
models/props_highway/corrugated_panel_damaged_02.sw.vtx,10032,2193
models/props_highway/corrugated_panel_damaged_02.vvd,39296,16898
models/props_highway/corrugated_panel_damaged_03.dx80.vtx,7656,1728
models/props_highway/corrugated_panel_damaged_03.dx90.vtx,7656,1705
models/props_highway/corrugated_panel_damaged_03.mdl,1736,439
models/props_highway/corrugated_panel_damaged_03.phy,3561,1897
models/props_highway/corrugated_panel_damaged_03.sw.vtx,7656,1754
models/props_highway/corrugated_panel_damaged_03.vvd,28928,8479
models/props_highway/corrugated_panel_damaged_05.dx80.vtx,5844,1292
models/props_highway/corrugated_panel_damaged_05.dx90.vtx,5844,1334
models/props_highway/corrugated_panel_damaged_05.mdl,1736,439
models/props_highway/corrugated_panel_damaged_05.phy,1388,928
models/props_highway/corrugated_panel_damaged_05.sw.vtx,5844,1170
models/props_highway/corrugated_panel_damaged_05.vvd,22656,7337
models/props_highway/highway_sign001.dx80.vtx,1599,435
models/props_highway/highway_sign001.dx90.vtx,1599,440
models/props_highway/highway_sign001.mdl,1664,390
models/props_highway/highway_sign001.phy,715,434
models/props_highway/highway_sign001.sw.vtx,1599,435
models/props_highway/highway_sign001.vvd,6336,1909
models/props_highway/highway_sign_post001.dx80.vtx,64257,9476
models/props_highway/highway_sign_post001.dx90.vtx,64293,9672
models/props_highway/highway_sign_post001.mdl,1728,427
models/props_highway/highway_sign_post001.phy,1811,977
models/props_highway/highway_sign_post001.sw.vtx,64257,9358
models/props_highway/highway_sign_post001.vvd,315968,28806
models/props_highway/op_colsb.dx80.vtx,8229,1386
models/props_highway/op_colsb.dx90.vtx,8229,1474
models/props_highway/op_colsb.mdl,1728,435
models/props_highway/op_colsb.phy,2294,1158
models/props_highway/op_colsb.sw.vtx,8229,1392
models/props_highway/op_colsb.vvd,35904,2592
models/props_highway/op_colsc.dx80.vtx,10104,2101
models/props_highway/op_colsc.dx90.vtx,10104,2236
models/props_highway/op_colsc.mdl,1728,428
models/props_highway/op_colsc.phy,2856,1656
models/props_highway/op_colsc.sw.vtx,10104,2112
models/props_highway/op_colsc.vvd,40960,6728
models/props_highway/op_straight_u.dx80.vtx,34605,5566
models/props_highway/op_straight_u.dx90.vtx,34605,5939
models/props_highway/op_straight_u.mdl,1728,435
models/props_highway/op_straight_u.phy,2200,1197
models/props_highway/op_straight_u.sw.vtx,34605,5631
models/props_highway/op_straight_u.vvd,161344,11024
models/props_highway/op_straight_u_broken01.dx80.vtx,57222,8785
models/props_highway/op_straight_u_broken01.dx90.vtx,57222,9373
models/props_highway/op_straight_u_broken01.mdl,1924,479
models/props_highway/op_straight_u_broken01.phy,8815,3805
models/props_highway/op_straight_u_broken01.sw.vtx,57222,8858
models/props_highway/op_straight_u_broken01.vvd,284992,52967
models/props_highway/op_straight_u_broken02.dx80.vtx,30825,5159
models/props_highway/op_straight_u_broken02.dx90.vtx,30825,5288
models/props_highway/op_straight_u_broken02.mdl,1924,480
models/props_highway/op_straight_u_broken02.phy,3487,1882
models/props_highway/op_straight_u_broken02.sw.vtx,30825,5087
models/props_highway/op_straight_u_broken02.vvd,153600,28880
models/props_highway/op_straightincline_med_u.dx80.vtx,36495,5874
models/props_highway/op_straightincline_med_u.dx90.vtx,36495,6216
models/props_highway/op_straightincline_med_u.mdl,1728,451
models/props_highway/op_straightincline_med_u.phy,2241,1267
models/props_highway/op_straightincline_med_u.sw.vtx,36495,5850
models/props_highway/op_straightincline_med_u.vvd,174784,20259
models/props_highway/plywood_02.dx80.vtx,2385,594
models/props_highway/plywood_02.dx90.vtx,2385,593
models/props_highway/plywood_02.mdl,1664,400
models/props_highway/plywood_02.phy,707,434
models/props_highway/plywood_02.sw.vtx,2385,592
models/props_highway/plywood_02.vvd,10560,1747
models/props_interiors/bathroomsink01.dx80.vtx,8862,1804
models/props_interiors/bathroomsink01.dx90.vtx,8862,1804
models/props_interiors/bathroomsink01.mdl,1780,466
models/props_interiors/bathroomsink01.phy,2330,1573
models/props_interiors/bathroomsink01.sw.vtx,8862,1798
models/props_interiors/bathroomsink01.vvd,37888,17740
models/props_interiors/bbq_grill.dx80.vtx,58000,9453
models/props_interiors/bbq_grill.dx90.vtx,58000,9453
models/props_interiors/bbq_grill.mdl,1764,462
models/props_interiors/bbq_grill.phy,4464,2165
models/props_interiors/bbq_grill.sw.vtx,58000,9397
models/props_interiors/bbq_grill.vvd,157696,36399
models/props_interiors/bed.dx80.vtx,44575,8688
models/props_interiors/bed.dx90.vtx,44575,8688
models/props_interiors/bed.mdl,1760,450
models/props_interiors/bed.phy,2274,1398
models/props_interiors/bed.sw.vtx,44575,8773
models/props_interiors/bed.vvd,105344,35134
models/props_interiors/bed_houseboat.dx80.vtx,62359,14733
models/props_interiors/bed_houseboat.dx90.vtx,62359,14729
models/props_interiors/bed_houseboat.mdl,1776,455
models/props_interiors/bed_houseboat.phy,2111,1276
models/props_interiors/bed_houseboat.sw.vtx,62359,14584
models/props_interiors/bed_houseboat.vvd,127872,66167
models/props_interiors/bookcase_48_96.dx80.vtx,3417,708
models/props_interiors/bookcase_48_96.dx90.vtx,3417,708
models/props_interiors/bookcase_48_96.mdl,1768,452
models/props_interiors/bookcase_48_96.phy,4602,2131
models/props_interiors/bookcase_48_96.sw.vtx,3417,708
models/props_interiors/bookcase_48_96.vvd,17216,3194
models/props_interiors/breakwall_interior.dx80.vtx,40065,6227
models/props_interiors/breakwall_interior.dx90.vtx,40065,6254
models/props_interiors/breakwall_interior.mdl,1728,433
models/props_interiors/breakwall_interior.phy,7513,3760
models/props_interiors/breakwall_interior.sw.vtx,40065,6143
models/props_interiors/breakwall_interior.vvd,204480,53396
models/props_interiors/cashregister01.dx80.vtx,19820,3588
models/props_interiors/cashregister01.dx90.vtx,19820,3588
models/props_interiors/cashregister01.mdl,1780,450
models/props_interiors/cashregister01.phy,1697,1037
models/props_interiors/cashregister01.sw.vtx,19820,3575
models/props_interiors/cashregister01.vvd,69440,23193
models/props_interiors/clawfoot_tub.dx80.vtx,15081,3020
models/props_interiors/clawfoot_tub.dx90.vtx,15081,3021
models/props_interiors/clawfoot_tub.mdl,1776,480
models/props_interiors/clawfoot_tub.phy,5308,2661
models/props_interiors/clawfoot_tub.sw.vtx,15081,3015
models/props_interiors/clawfoot_tub.vvd,59968,20433
models/props_interiors/clothing_pile1.dx80.vtx,14021,3267
models/props_interiors/clothing_pile1.dx90.vtx,14021,3265
models/props_interiors/clothing_pile1.mdl,1776,451
models/props_interiors/clothing_pile1.sw.vtx,14021,3264
models/props_interiors/clothing_pile1.vvd,48512,26507
models/props_interiors/clothing_pile2.dx80.vtx,20984,4544
models/props_interiors/clothing_pile2.dx90.vtx,20984,4544
models/props_interiors/clothing_pile2.mdl,1776,454
models/props_interiors/clothing_pile2.sw.vtx,20984,4531
models/props_interiors/clothing_pile2.vvd,80896,37841
models/props_interiors/clothing_pile3.dx80.vtx,15263,3336
models/props_interiors/clothing_pile3.dx90.vtx,15263,3333
models/props_interiors/clothing_pile3.mdl,1776,455
models/props_interiors/clothing_pile3.sw.vtx,15263,3293
models/props_interiors/clothing_pile3.vvd,63040,28205
models/props_interiors/clothing_pile4.dx80.vtx,9315,2049
models/props_interiors/clothing_pile4.dx90.vtx,9315,2049
models/props_interiors/clothing_pile4.mdl,1776,445
models/props_interiors/clothing_pile4.sw.vtx,9315,1970
models/props_interiors/clothing_pile4.vvd,37440,19290
models/props_interiors/coffee_table_oval.dx80.vtx,15681,2552
models/props_interiors/coffee_table_oval.dx90.vtx,15681,2552
models/props_interiors/coffee_table_oval.mdl,1772,471
models/props_interiors/coffee_table_oval.phy,5250,2692
models/props_interiors/coffee_table_oval.sw.vtx,15681,2254
models/props_interiors/coffee_table_oval.vvd,67904,13945
models/props_interiors/coffee_table_rectangular.dx80.vtx,8949,1475
models/props_interiors/coffee_table_rectangular.dx90.vtx,8949,1475
models/props_interiors/coffee_table_rectangular.mdl,1776,472
models/props_interiors/coffee_table_rectangular.phy,2102,1208
models/props_interiors/coffee_table_rectangular.sw.vtx,8949,1452
models/props_interiors/coffee_table_rectangular.vvd,39488,9367
models/props_interiors/desk_metal.dx80.vtx,6879,1273
models/props_interiors/desk_metal.dx90.vtx,6879,1274
models/props_interiors/desk_metal.mdl,1772,453
models/props_interiors/desk_metal.phy,2378,1393
models/props_interiors/desk_metal.sw.vtx,6879,1282
models/props_interiors/desk_metal.vvd,31936,6903
models/props_interiors/dining_table_round.dx80.vtx,8463,1351
models/props_interiors/dining_table_round.dx90.vtx,8463,1348
models/props_interiors/dining_table_round.mdl,1772,454
models/props_interiors/dining_table_round.phy,6155,3184
models/props_interiors/dining_table_round.sw.vtx,8463,1317
models/props_interiors/dining_table_round.vvd,38080,6254
models/props_interiors/dinning_table_oval.dx80.vtx,8463,1364
models/props_interiors/dinning_table_oval.dx90.vtx,8463,1344
models/props_interiors/dinning_table_oval.mdl,1772,454
models/props_interiors/dinning_table_oval.phy,6230,3137
models/props_interiors/dinning_table_oval.sw.vtx,8463,1365
models/props_interiors/dinning_table_oval.vvd,38080,7333
models/props_interiors/dresser_short.dx80.vtx,7104,1323
models/props_interiors/dresser_short.dx90.vtx,7104,1324
models/props_interiors/dresser_short.mdl,1768,461
models/props_interiors/dresser_short.phy,713,441
models/props_interiors/dresser_short.sw.vtx,7104,1322
models/props_interiors/dresser_short.vvd,34304,6419
models/props_interiors/dryer.dx80.vtx,9777,1770
models/props_interiors/dryer.dx90.vtx,9777,1771
models/props_interiors/dryer.mdl,1768,459
models/props_interiors/dryer.phy,1955,1142
models/props_interiors/dryer.sw.vtx,9777,1778
models/props_interiors/dryer.vvd,45632,14264
models/props_interiors/entertainment_unit.dx80.vtx,17943,2961
models/props_interiors/entertainment_unit.dx90.vtx,17943,2961
models/props_interiors/entertainment_unit.mdl,1772,463
models/props_interiors/entertainment_unit.phy,6894,2766
models/props_interiors/entertainment_unit.sw.vtx,17943,2936
models/props_interiors/entertainment_unit.vvd,80064,14604
models/props_interiors/lamp_table02.dx80.vtx,11139,2269
models/props_interiors/lamp_table02.dx90.vtx,11139,2269
models/props_interiors/lamp_table02.mdl,1908,518
models/props_interiors/lamp_table02.phy,3171,1791
models/props_interiors/lamp_table02.sw.vtx,11139,2315
models/props_interiors/lamp_table02.vvd,44224,16016
models/props_interiors/lamp_table02_gib1.dx80.vtx,8859,1929
models/props_interiors/lamp_table02_gib1.dx90.vtx,8859,1929
models/props_interiors/lamp_table02_gib1.mdl,1764,438
models/props_interiors/lamp_table02_gib1.phy,4638,2619
models/props_interiors/lamp_table02_gib1.sw.vtx,8859,1914
models/props_interiors/lamp_table02_gib1.vvd,34240,12428
models/props_interiors/lamp_table02_gib2.dx80.vtx,2097,499
models/props_interiors/lamp_table02_gib2.dx90.vtx,2097,500
models/props_interiors/lamp_table02_gib2.mdl,1764,427
models/props_interiors/lamp_table02_gib2.phy,1096,688
models/props_interiors/lamp_table02_gib2.sw.vtx,2097,495
models/props_interiors/lamp_table02_gib2.vvd,8512,3228
models/props_interiors/medicinecabinet01_mirror.dx80.vtx,2109,501
models/props_interiors/medicinecabinet01_mirror.dx90.vtx,2109,501
models/props_interiors/medicinecabinet01_mirror.mdl,1724,449
models/props_interiors/medicinecabinet01_mirror.phy,1233,771
models/props_interiors/medicinecabinet01_mirror.sw.vtx,2109,481
models/props_interiors/medicinecabinet01_mirror.vvd,8768,1732
models/props_interiors/ottoman01.dx80.vtx,5625,1227
models/props_interiors/ottoman01.dx90.vtx,5625,1228
models/props_interiors/ottoman01.mdl,1760,467
models/props_interiors/ottoman01.phy,711,456
models/props_interiors/ottoman01.sw.vtx,5625,1194
models/props_interiors/ottoman01.vvd,23872,9444
models/props_interiors/pedestal_sink.dx80.vtx,12303,2550
models/props_interiors/pedestal_sink.dx90.vtx,12303,2551
models/props_interiors/pedestal_sink.mdl,1776,474
models/props_interiors/pedestal_sink.phy,2218,1253
models/props_interiors/pedestal_sink.sw.vtx,12303,2566
models/props_interiors/pedestal_sink.vvd,48064,16628
models/props_interiors/refrigerator02_freezerdoor.dx80.vtx,5853,1154
models/props_interiors/refrigerator02_freezerdoor.dx90.vtx,5853,1160
models/props_interiors/refrigerator02_freezerdoor.mdl,1880,477
models/props_interiors/refrigerator02_freezerdoor.phy,1094,712
models/props_interiors/refrigerator02_freezerdoor.sw.vtx,5853,1153
models/props_interiors/refrigerator02_freezerdoor.vvd,27712,5407
models/props_interiors/refrigerator02_lowerdoor.dx80.vtx,8181,1447
models/props_interiors/refrigerator02_lowerdoor.dx90.vtx,8181,1452
models/props_interiors/refrigerator02_lowerdoor.mdl,1880,474
models/props_interiors/refrigerator02_lowerdoor.phy,1429,925
models/props_interiors/refrigerator02_lowerdoor.sw.vtx,8181,1441
models/props_interiors/refrigerator02_lowerdoor.vvd,39744,7644
models/props_interiors/refrigerator02_main.dx80.vtx,13503,2271
models/props_interiors/refrigerator02_main.dx90.vtx,13503,2271
models/props_interiors/refrigerator02_main.mdl,1876,480
models/props_interiors/refrigerator02_main.phy,1136,740
models/props_interiors/refrigerator02_main.sw.vtx,13503,2283
models/props_interiors/refrigerator02_main.vvd,67008,11875
models/props_interiors/refrigerator03.dx80.vtx,8967,1469
models/props_interiors/refrigerator03.dx90.vtx,8967,1464
models/props_interiors/refrigerator03.mdl,1924,570
models/props_interiors/refrigerator03.phy,2100,1092
models/props_interiors/refrigerator03.sw.vtx,8967,1464
models/props_interiors/refrigerator03.vvd,42432,8672
models/props_interiors/refrigerator03_damaged_01.dx80.vtx,19008,3415
models/props_interiors/refrigerator03_damaged_01.dx90.vtx,19008,3411
models/props_interiors/refrigerator03_damaged_01.mdl,1860,531
models/props_interiors/refrigerator03_damaged_01.phy,2002,1337
models/props_interiors/refrigerator03_damaged_01.sw.vtx,19008,3420
models/props_interiors/refrigerator03_damaged_01.vvd,83712,32325
models/props_interiors/refrigerator03_damaged_04.dx80.vtx,1248,321
models/props_interiors/refrigerator03_damaged_04.dx90.vtx,1248,321
models/props_interiors/refrigerator03_damaged_04.mdl,1972,564
models/props_interiors/refrigerator03_damaged_04.phy,801,533
models/props_interiors/refrigerator03_damaged_04.sw.vtx,1248,321
models/props_interiors/refrigerator03_damaged_04.vvd,5888,1884
models/props_interiors/shelvinggrocery01.dx80.vtx,14601,2362
models/props_interiors/shelvinggrocery01.dx90.vtx,14601,2362
models/props_interiors/shelvinggrocery01.mdl,1788,463
models/props_interiors/shelvinggrocery01.phy,4050,1752
models/props_interiors/shelvinggrocery01.sw.vtx,14601,2364
models/props_interiors/shelvinggrocery01.vvd,69696,8817
models/props_interiors/shelvingstore01.dx80.vtx,8295,1475
models/props_interiors/shelvingstore01.dx90.vtx,8295,1476
models/props_interiors/shelvingstore01.mdl,1784,466
models/props_interiors/shelvingstore01.phy,2776,1284
models/props_interiors/shelvingstore01.sw.vtx,8295,1487
models/props_interiors/shelvingstore01.vvd,39616,5930
models/props_interiors/side_table_square.dx80.vtx,7725,1347
models/props_interiors/side_table_square.dx90.vtx,7725,1348
models/props_interiors/side_table_square.mdl,1772,456
models/props_interiors/side_table_square.phy,2522,1344
models/props_interiors/side_table_square.sw.vtx,7725,1316
models/props_interiors/side_table_square.vvd,33856,7399
models/props_interiors/sink_kitchen.dx80.vtx,18146,4121
models/props_interiors/sink_kitchen.dx90.vtx,18146,4121
models/props_interiors/sink_kitchen.mdl,1776,462
models/props_interiors/sink_kitchen.phy,3041,1456
models/props_interiors/sink_kitchen.sw.vtx,18146,4046
models/props_interiors/sink_kitchen.vvd,56384,20393
models/props_interiors/sofa01.dx80.vtx,17388,3689
models/props_interiors/sofa01.dx90.vtx,17388,3688
models/props_interiors/sofa01.mdl,1828,517
models/props_interiors/sofa01.phy,2543,1458
models/props_interiors/sofa01.sw.vtx,17388,3557
models/props_interiors/sofa01.vvd,69248,27982
models/props_interiors/sofa_chair01.dx80.vtx,10230,2238
models/props_interiors/sofa_chair01.dx90.vtx,10230,2238
models/props_interiors/sofa_chair01.mdl,1764,462
models/props_interiors/sofa_chair01.phy,2388,1265
models/props_interiors/sofa_chair01.sw.vtx,10230,2189
models/props_interiors/sofa_chair01.vvd,41344,18103
models/props_interiors/sofa_chair02.dx80.vtx,9042,2083
models/props_interiors/sofa_chair02.dx90.vtx,9042,2083
models/props_interiors/sofa_chair02.mdl,1836,520
models/props_interiors/sofa_chair02.phy,5372,2746
models/props_interiors/sofa_chair02.sw.vtx,9042,2051
models/props_interiors/sofa_chair02.vvd,34944,16521
models/props_interiors/stove02.dx80.vtx,42166,7761
models/props_interiors/stove02.dx90.vtx,42166,7710
models/props_interiors/stove02.mdl,1920,566
models/props_interiors/stove02.phy,1866,918
models/props_interiors/stove02.sw.vtx,42166,7557
models/props_interiors/stove02.vvd,124672,34125
models/props_interiors/stovehood01.dx80.vtx,5346,1138
models/props_interiors/stovehood01.dx90.vtx,5346,1138
models/props_interiors/stovehood01.mdl,1852,466
models/props_interiors/stovehood01.phy,789,502
models/props_interiors/stovehood01.sw.vtx,5346,1154
models/props_interiors/stovehood01.vvd,23424,7848
models/props_interiors/table_bedside.dx80.vtx,5679,1105
models/props_interiors/table_bedside.dx90.vtx,5679,1105
models/props_interiors/table_bedside.mdl,1776,458
models/props_interiors/table_bedside.phy,3556,1599
models/props_interiors/table_bedside.sw.vtx,5679,1107
models/props_interiors/table_bedside.vvd,27072,5425
models/props_interiors/table_console.dx80.vtx,7149,1117
models/props_interiors/table_console.dx90.vtx,7149,1117
models/props_interiors/table_console.mdl,1772,450
models/props_interiors/table_console.phy,3572,1793
models/props_interiors/table_console.sw.vtx,7149,1124
models/props_interiors/table_console.vvd,36928,5803
models/props_interiors/table_kitchen.dx80.vtx,5838,1085
models/props_interiors/table_kitchen.dx90.vtx,5838,1085
models/props_interiors/table_kitchen.mdl,1772,455
models/props_interiors/table_kitchen.phy,3493,1618
models/props_interiors/table_kitchen.sw.vtx,5838,1086
models/props_interiors/table_kitchen.vvd,29056,5977
models/props_interiors/table_picnic.dx80.vtx,34042,6260
models/props_interiors/table_picnic.dx90.vtx,34042,6600
models/props_interiors/table_picnic.mdl,1844,518
models/props_interiors/table_picnic.phy,3124,1361
models/props_interiors/table_picnic.sw.vtx,34042,6653
models/props_interiors/table_picnic.vtx,34042,6704
models/props_interiors/table_picnic.vvd,125952,33512
models/props_interiors/toilet.dx80.vtx,20585,4174
models/props_interiors/toilet.dx90.vtx,20585,4174
models/props_interiors/toilet.mdl,1760,451
models/props_interiors/toilet.phy,1750,1116
models/props_interiors/toilet.sw.vtx,20585,4117
models/props_interiors/toilet.vvd,73024,25560
models/props_interiors/toilet_c.dx80.vtx,29084,5525
models/props_interiors/toilet_c.dx90.vtx,29084,5525
models/props_interiors/toilet_c.mdl,1764,454
models/props_interiors/toilet_c.phy,1750,1116
models/props_interiors/toilet_c.sw.vtx,29084,5496
models/props_interiors/toilet_c.vvd,97344,34668
models/props_interiors/washer.dx80.vtx,8265,1507
models/props_interiors/washer.dx90.vtx,8265,1508
models/props_interiors/washer.mdl,1768,446
models/props_interiors/washer.phy,1436,850
models/props_interiors/washer.sw.vtx,8265,1492
models/props_interiors/washer.vvd,38464,12948
models/props_interiors/water_cooler.dx80.vtx,23720,4336
models/props_interiors/water_cooler.dx90.vtx,23720,4337
models/props_interiors/water_cooler.mdl,1780,457
models/props_interiors/water_cooler.phy,2278,1330
models/props_interiors/water_cooler.sw.vtx,23720,4306
models/props_interiors/water_cooler.vvd,91264,22691
models/props_interiors/waterbottle.dx80.vtx,10491,2046
models/props_interiors/waterbottle.dx90.vtx,10491,2041
models/props_interiors/waterbottle.mdl,1860,525
models/props_interiors/waterbottle.phy,1322,789
models/props_interiors/waterbottle.sw.vtx,10491,1929
models/props_interiors/waterbottle.vvd,41664,9365
models/props_junk/barrel_fire.dx80.vtx,11688,2763
models/props_junk/barrel_fire.dx90.vtx,11688,2775
models/props_junk/barrel_fire.mdl,1760,443
models/props_junk/barrel_fire.phy,1282,776
models/props_junk/barrel_fire.sw.vtx,11688,2742
models/props_junk/barrel_fire.vvd,41728,14866
models/props_junk/dumpster_2.dx80.vtx,26109,3895
models/props_junk/dumpster_2.dx90.vtx,26109,3896
models/props_junk/dumpster_2.mdl,1820,502
models/props_junk/dumpster_2.phy,3054,1755
models/props_junk/dumpster_2.sw.vtx,26109,3893
models/props_junk/dumpster_2.vvd,133440,27227
models/props_junk/trashcluster01a_corner.dx80.vtx,28257,5882
models/props_junk/trashcluster01a_corner.dx90.vtx,28257,5882
models/props_junk/trashcluster01a_corner.mdl,1764,461
models/props_junk/trashcluster01a_corner.phy,2626,1777
models/props_junk/trashcluster01a_corner.sw.vtx,28257,5885
models/props_junk/trashcluster01a_corner.vvd,109760,55926
models/props_junk/trashcluster01b.dx80.vtx,58386,11845
models/props_junk/trashcluster01b.dx90.vtx,58386,11836
models/props_junk/trashcluster01b.mdl,1768,460
models/props_junk/trashcluster01b.phy,1419,968
models/props_junk/trashcluster01b.sw.vtx,58386,11552
models/props_junk/trashcluster01b.vvd,227200,116112
models/props_lighting/semi_flush_002.dx80.vtx,13095,2768
models/props_lighting/semi_flush_002.dx90.vtx,13095,2763
models/props_lighting/semi_flush_002.mdl,1772,449
models/props_lighting/semi_flush_002.phy,2554,1413
models/props_lighting/semi_flush_002.sw.vtx,13095,2740
models/props_lighting/semi_flush_002.vvd,50112,15574
models/props_rooftop/train_signalbox_01.dx80.vtx,8895,1558
models/props_rooftop/train_signalbox_01.dx90.vtx,8895,1546
models/props_rooftop/train_signalbox_01.mdl,1768,445
models/props_rooftop/train_signalbox_01.phy,1711,967
models/props_rooftop/train_signalbox_01.sw.vtx,8895,1558
models/props_rooftop/train_signalbox_01.vvd,42688,7035
models/props_signs/sign_street_02.dx80.vtx,5988,1136
models/props_signs/sign_street_02.dx90.vtx,5988,1137
models/props_signs/sign_street_02.mdl,1772,466
models/props_signs/sign_street_02.phy,2079,1266
models/props_signs/sign_street_02.sw.vtx,5988,1153
models/props_signs/sign_street_02.vvd,26880,4256
models/props_signs/sign_street_03.dx80.vtx,5262,1102
models/props_signs/sign_street_03.dx90.vtx,5262,1102
models/props_signs/sign_street_03.mdl,1772,465
models/props_signs/sign_street_03.phy,2206,1312
models/props_signs/sign_street_03.sw.vtx,5262,1075
models/props_signs/sign_street_03.vvd,22144,3995
models/props_signs/sign_street_04.dx80.vtx,4245,881
models/props_signs/sign_street_04.dx90.vtx,4245,882
models/props_signs/sign_street_04.mdl,1772,462
models/props_signs/sign_street_04.phy,1566,962
models/props_signs/sign_street_04.sw.vtx,4245,880
models/props_signs/sign_street_04.vvd,20288,3364
models/props_skybox/op_colsb_skybox.dx80.vtx,1737,401
models/props_skybox/op_colsb_skybox.dx90.vtx,1737,402
models/props_skybox/op_colsb_skybox.mdl,1756,409
models/props_skybox/op_colsb_skybox.sw.vtx,1737,400
models/props_skybox/op_colsb_skybox.vvd,8512,1185
models/props_skybox/op_straight_u_broken03_skybox.dx80.vtx,17760,3110
models/props_skybox/op_straight_u_broken03_skybox.dx90.vtx,17760,3104
models/props_skybox/op_straight_u_broken03_skybox.mdl,1960,478
models/props_skybox/op_straight_u_broken03_skybox.sw.vtx,17760,3085
models/props_skybox/op_straight_u_broken03_skybox.vvd,84416,16779
models/props_skybox/op_straight_u_skybox.dx80.vtx,21705,3651
models/props_skybox/op_straight_u_skybox.dx90.vtx,21705,3652
models/props_skybox/op_straight_u_skybox.mdl,1756,432
models/props_skybox/op_straight_u_skybox.sw.vtx,21705,3603
models/props_skybox/op_straight_u_skybox.vvd,101952,8023
models/props_skybox/op_straightincline_med_u_skybox.dx80.vtx,26307,4391
models/props_skybox/op_straightincline_med_u_skybox.dx90.vtx,26307,4370
models/props_skybox/op_straightincline_med_u_skybox.mdl,1768,439
models/props_skybox/op_straightincline_med_u_skybox.sw.vtx,26307,4285
models/props_skybox/op_straightincline_med_u_skybox.vvd,126144,15590
models/props_skybox/urban_horizon.dx80.vtx,873,256
models/props_skybox/urban_horizon.dx90.vtx,873,257
models/props_skybox/urban_horizon.mdl,1740,437
models/props_skybox/urban_horizon.sw.vtx,873,254
models/props_skybox/urban_horizon.vvd,3904,1005
models/props_street/building_trim_piece01_128.dx80.vtx,5313,941
models/props_street/building_trim_piece01_128.dx90.vtx,5313,942
models/props_street/building_trim_piece01_128.mdl,1776,456
models/props_street/building_trim_piece01_128.phy,1062,685
models/props_street/building_trim_piece01_128.sw.vtx,5313,943
models/props_street/building_trim_piece01_128.vvd,27200,3467
models/props_street/building_trim_piece01_128_corner.dx80.vtx,2229,509
models/props_street/building_trim_piece01_128_corner.dx90.vtx,2229,510
models/props_street/building_trim_piece01_128_corner.mdl,1784,461
models/props_street/building_trim_piece01_128_corner.phy,872,593
models/props_street/building_trim_piece01_128_corner.sw.vtx,2229,509
models/props_street/building_trim_piece01_128_corner.vvd,10816,1889
models/props_street/electrical_box01.dx80.vtx,16011,2574
models/props_street/electrical_box01.dx90.vtx,16011,2574
models/props_street/electrical_box01.mdl,1764,458
models/props_street/electrical_box01.phy,5147,2752
models/props_street/electrical_box01.sw.vtx,16011,2517
models/props_street/electrical_box01.vvd,71744,18996
models/props_street/electrical_box02.dx80.vtx,20883,3804
models/props_street/electrical_box02.dx90.vtx,20883,3805
models/props_street/electrical_box02.mdl,1764,461
models/props_street/electrical_box02.phy,9147,5046
models/props_street/electrical_box02.sw.vtx,20883,3807
models/props_street/electrical_box02.vvd,87616,37289
models/props_street/mail_dropbox.dx80.vtx,18320,3505
models/props_street/mail_dropbox.dx90.vtx,18320,3505
models/props_street/mail_dropbox.mdl,1764,453
models/props_street/mail_dropbox.phy,3397,1741
models/props_street/mail_dropbox.sw.vtx,18320,3461
models/props_street/mail_dropbox.vvd,50880,16185
models/props_street/manhole_cover_surround.dx80.vtx,12105,1976
models/props_street/manhole_cover_surround.dx90.vtx,12105,1971
models/props_street/manhole_cover_surround.mdl,1772,438
models/props_street/manhole_cover_surround.phy,7421,3327
models/props_street/manhole_cover_surround.sw.vtx,12105,1974
models/props_street/manhole_cover_surround.vvd,58688,15863
models/props_street/newspaper_dispensers.dx80.vtx,19859,3416
models/props_street/newspaper_dispensers.dx90.vtx,19859,3419
models/props_street/newspaper_dispensers.mdl,1780,460
models/props_street/newspaper_dispensers.phy,8357,3756
models/props_street/newspaper_dispensers.sw.vtx,19859,3405
models/props_street/newspaper_dispensers.vvd,61120,17381
models/props_street/trashbin01.dx80.vtx,24512,4482
models/props_street/trashbin01.dx90.vtx,24512,4483
models/props_street/trashbin01.mdl,1844,521
models/props_street/trashbin01.phy,3751,2126
models/props_street/trashbin01.sw.vtx,24512,4433
models/props_street/trashbin01.vvd,81600,23048
models/props_trailers/trailer_couch.dx80.vtx,17922,3658
models/props_trailers/trailer_couch.dx90.vtx,17922,3658
models/props_trailers/trailer_couch.mdl,1760,446
models/props_trailers/trailer_couch.phy,4343,2198
models/props_trailers/trailer_couch.sw.vtx,17922,3588
models/props_trailers/trailer_couch.vvd,73088,27942
models/props_trailers/trailer_hitch.dx80.vtx,2319,514
models/props_trailers/trailer_hitch.dx90.vtx,2319,528
models/props_trailers/trailer_hitch.mdl,1764,453
models/props_trailers/trailer_hitch.phy,3327,1832
models/props_trailers/trailer_hitch.sw.vtx,2319,526
models/props_trailers/trailer_hitch.vvd,10944,2212
models/props_trailers/trailer_instance01.dx80.vtx,148968,24573
models/props_trailers/trailer_instance01.dx90.vtx,148968,24574
models/props_trailers/trailer_instance01.mdl,1764,449
models/props_trailers/trailer_instance01.phy,730,454
models/props_trailers/trailer_instance01.sw.vtx,148968,23861
models/props_trailers/trailer_instance01.vvd,637440,113825
models/props_trailers/trailer_small01.dx80.vtx,71145,12533
models/props_trailers/trailer_small01.dx90.vtx,71145,12533
models/props_trailers/trailer_small01.mdl,1768,452
models/props_trailers/trailer_small01.phy,5438,3029
models/props_trailers/trailer_small01.sw.vtx,71145,12048
models/props_trailers/trailer_small01.vvd,304448,76468
models/props_trailers/trailer_stand.dx80.vtx,4068,798
models/props_trailers/trailer_stand.dx90.vtx,4068,799
models/props_trailers/trailer_stand.mdl,1756,433
models/props_trailers/trailer_stand.phy,715,516
models/props_trailers/trailer_stand.sw.vtx,4068,799
models/props_trailers/trailer_stand.vvd,20992,5425
models/props_trailers/trailer_wheels02.dx80.vtx,24144,4273
models/props_trailers/trailer_wheels02.dx90.vtx,24144,4275
models/props_trailers/trailer_wheels02.mdl,1764,456
models/props_trailers/trailer_wheels02.phy,4071,2426
models/props_trailers/trailer_wheels02.sw.vtx,24144,4280
models/props_trailers/trailer_wheels02.vvd,98048,38419
models/props_unique/airport/luggage1.dx80.vtx,15275,3021
models/props_unique/airport/luggage1.dx90.vtx,15275,3020
models/props_unique/airport/luggage1.mdl,1916,522
models/props_unique/airport/luggage1.phy,2028,1208
models/props_unique/airport/luggage1.sw.vtx,15275,3034
models/props_unique/airport/luggage1.vvd,65152,18022
models/props_unique/airport/luggage2.dx80.vtx,14468,3055
models/props_unique/airport/luggage2.dx90.vtx,14468,3055
models/props_unique/airport/luggage2.mdl,1932,531
models/props_unique/airport/luggage2.phy,1100,703
models/props_unique/airport/luggage2.sw.vtx,14468,3045
models/props_unique/airport/luggage2.vvd,40128,11310
models/props_unique/airport/luggage3.dx80.vtx,15662,3169
models/props_unique/airport/luggage3.dx90.vtx,15662,3179
models/props_unique/airport/luggage3.mdl,1916,528
models/props_unique/airport/luggage3.phy,1091,659
models/props_unique/airport/luggage3.sw.vtx,15662,3216
models/props_unique/airport/luggage3.vvd,48384,16088
models/props_unique/grocerystorechiller01.dx80.vtx,25790,4751
models/props_unique/grocerystorechiller01.dx90.vtx,25790,4751
models/props_unique/grocerystorechiller01.mdl,1788,468
models/props_unique/grocerystorechiller01.phy,1549,953
models/props_unique/grocerystorechiller01.sw.vtx,25790,4660
models/props_unique/grocerystorechiller01.vvd,86784,21422
models/props_unique/impound_stair_connection.dx80.vtx,38079,5049
models/props_unique/impound_stair_connection.dx90.vtx,38079,5044
models/props_unique/impound_stair_connection.mdl,2168,546
models/props_unique/impound_stair_connection.phy,8807,3855
models/props_unique/impound_stair_connection.sw.vtx,38079,5071
models/props_unique/impound_stair_connection.vvd,195904,22797
models/props_unique/infectedbreakwall01_2x4core_main.dx80.vtx,2829,561
models/props_unique/infectedbreakwall01_2x4core_main.dx90.vtx,2829,561
models/props_unique/infectedbreakwall01_2x4core_main.mdl,1924,577
models/props_unique/infectedbreakwall01_2x4core_main.phy,6873,2628
models/props_unique/infectedbreakwall01_2x4core_main.sw.vtx,2829,560
models/props_unique/infectedbreakwall01_2x4core_main.vvd,14400,2283
models/props_unique/infectedbreakwall01_2x4mainframe01_dm.dx80.vtx,4881,969
models/props_unique/infectedbreakwall01_2x4mainframe01_dm.dx90.vtx,4881,969
models/props_unique/infectedbreakwall01_2x4mainframe01_dm.mdl,1912,523
models/props_unique/infectedbreakwall01_2x4mainframe01_dm.phy,2404,1334
models/props_unique/infectedbreakwall01_2x4mainframe01_dm.sw.vtx,4881,966
models/props_unique/infectedbreakwall01_2x4mainframe01_dm.vvd,25664,5210
models/props_unique/skybox_bridge_01.dx80.vtx,398769,55284
models/props_unique/skybox_bridge_01.dx90.vtx,398769,55463
models/props_unique/skybox_bridge_01.mdl,1952,479
models/props_unique/skybox_bridge_01.sw.vtx,398769,54327
models/props_unique/skybox_bridge_01.vvd,1984384,185805
models/props_unique/skybox_cityscape_highrise.dx80.vtx,87276,12245
models/props_unique/skybox_cityscape_highrise.dx90.vtx,87276,12246
models/props_unique/skybox_cityscape_highrise.mdl,1780,438
models/props_unique/skybox_cityscape_highrise.sw.vtx,87276,12164
models/props_unique/skybox_cityscape_highrise.vvd,440960,44012
models/props_unique/spawn_apartment/lantern.dx80.vtx,12963,2321
models/props_unique/spawn_apartment/lantern.dx90.vtx,12963,2322
models/props_unique/spawn_apartment/lantern.mdl,1988,495
models/props_unique/spawn_apartment/lantern.phy,1460,871
models/props_unique/spawn_apartment/lantern.sw.vtx,12963,2311
models/props_unique/spawn_apartment/lantern.vvd,53888,13610
models/props_unique/wooden_barricade.dx80.vtx,38220,5444
models/props_unique/wooden_barricade.dx90.vtx,38220,5489
models/props_unique/wooden_barricade.mdl,1772,453
models/props_unique/wooden_barricade.phy,3537,2215
models/props_unique/wooden_barricade.sw.vtx,38220,5442
models/props_unique/wooden_barricade.vvd,195328,49671
models/props_unique/wooden_barricade_break2.dx80.vtx,35574,5223
models/props_unique/wooden_barricade_break2.dx90.vtx,35574,5249
models/props_unique/wooden_barricade_break2.mdl,1780,462
models/props_unique/wooden_barricade_break2.phy,2674,1808
models/props_unique/wooden_barricade_break2.sw.vtx,35574,5287
models/props_unique/wooden_barricade_break2.vvd,181376,63144
models/props_urban/air_conditioner001.dx80.vtx,9465,1591
models/props_urban/air_conditioner001.dx90.vtx,9465,1591
models/props_urban/air_conditioner001.mdl,1768,430
models/props_urban/air_conditioner001.phy,1613,945
models/props_urban/air_conditioner001.sw.vtx,9465,1570
models/props_urban/air_conditioner001.vvd,45120,6092
models/props_urban/carport_01.dx80.vtx,43212,6784
models/props_urban/carport_01.dx90.vtx,43212,6785
models/props_urban/carport_01.mdl,1948,500
models/props_urban/carport_01.phy,9233,4473
models/props_urban/carport_01.sw.vtx,43212,6690
models/props_urban/carport_01.vvd,212160,41351
models/props_urban/chimney001.dx80.vtx,4065,929
models/props_urban/chimney001.dx90.vtx,4065,929
models/props_urban/chimney001.mdl,1756,429
models/props_urban/chimney001.phy,1095,710
models/props_urban/chimney001.sw.vtx,4065,929
models/props_urban/chimney001.vvd,16448,4739
models/props_urban/chimney002.dx80.vtx,2823,695
models/props_urban/chimney002.dx90.vtx,2823,695
models/props_urban/chimney002.mdl,1756,424
models/props_urban/chimney002.phy,1094,669
models/props_urban/chimney002.sw.vtx,2823,694
models/props_urban/chimney002.vvd,10944,3518
models/props_urban/chimney003.dx80.vtx,6768,1873
models/props_urban/chimney003.dx90.vtx,6768,1869
models/props_urban/chimney003.mdl,1752,421
models/props_urban/chimney003.phy,1090,650
models/props_urban/chimney003.sw.vtx,6768,1808
models/props_urban/chimney003.vvd,22272,7796
models/props_urban/chimney005.dx80.vtx,7164,1346
models/props_urban/chimney005.dx90.vtx,7164,1346
models/props_urban/chimney005.mdl,1756,432
models/props_urban/chimney005.phy,1442,868
models/props_urban/chimney005.sw.vtx,7164,1338
models/props_urban/chimney005.vvd,32256,4678
models/props_urban/chimney005_02.dx80.vtx,7164,1376
models/props_urban/chimney005_02.dx90.vtx,7164,1377
models/props_urban/chimney005_02.mdl,1752,417
models/props_urban/chimney005_02.sw.vtx,7164,1330
models/props_urban/chimney005_02.vvd,32256,4842
models/props_urban/chimney006_02.dx80.vtx,3609,774
models/props_urban/chimney006_02.dx90.vtx,3609,772
models/props_urban/chimney006_02.mdl,1752,408
models/props_urban/chimney006_02.sw.vtx,3609,766
models/props_urban/chimney006_02.vvd,15168,2512
models/props_urban/chimney007.dx80.vtx,3909,916
models/props_urban/chimney007.dx90.vtx,3909,916
models/props_urban/chimney007.mdl,1756,431
models/props_urban/chimney007.phy,1637,943
models/props_urban/chimney007.sw.vtx,3909,895
models/props_urban/chimney007.vvd,15168,4101
models/props_urban/chimney007_02.dx80.vtx,3909,882
models/props_urban/chimney007_02.dx90.vtx,3909,883
models/props_urban/chimney007_02.mdl,1752,424
models/props_urban/chimney007_02.sw.vtx,3909,889
models/props_urban/chimney007_02.vvd,15168,4082
models/props_urban/curb_curve001_64.dx80.vtx,6225,1592
models/props_urban/curb_curve001_64.dx90.vtx,6225,1593
models/props_urban/curb_curve001_64.mdl,1832,446
models/props_urban/curb_curve001_64.phy,5012,2564
models/props_urban/curb_curve001_64.sw.vtx,6225,1612
models/props_urban/curb_curve001_64.vvd,20800,7311
models/props_urban/curb_drain001_32.dx80.vtx,6738,1369
models/props_urban/curb_drain001_32.dx90.vtx,6738,1370
models/props_urban/curb_drain001_32.mdl,1760,427
models/props_urban/curb_drain001_32.phy,712,445
models/props_urban/curb_drain001_32.sw.vtx,6738,1372
models/props_urban/curb_drain001_32.vvd,29824,4396
models/props_urban/curb_ramp001_256.dx80.vtx,10020,2534
models/props_urban/curb_ramp001_256.dx90.vtx,10020,2534
models/props_urban/curb_ramp001_256.mdl,1832,439
models/props_urban/curb_ramp001_256.phy,2540,1287
models/props_urban/curb_ramp001_256.sw.vtx,10020,2430
models/props_urban/curb_ramp001_256.vvd,32768,7660
models/props_urban/curb_straight001_128.dx80.vtx,2169,638
models/props_urban/curb_straight001_128.dx90.vtx,2169,640
models/props_urban/curb_straight001_128.mdl,1836,436
models/props_urban/curb_straight001_128.phy,719,440
models/props_urban/curb_straight001_128.sw.vtx,2169,613
models/props_urban/curb_straight001_128.vvd,6976,1626
models/props_urban/curb_straight001_256.dx80.vtx,4197,1122
models/props_urban/curb_straight001_256.dx90.vtx,4197,1103
models/props_urban/curb_straight001_256.mdl,1836,445
models/props_urban/curb_straight001_256.phy,720,446
models/props_urban/curb_straight001_256.sw.vtx,4197,1103
models/props_urban/curb_straight001_256.vvd,13888,2799
models/props_urban/curb_straight001_32.dx80.vtx,729,248
models/props_urban/curb_straight001_32.dx90.vtx,729,249
models/props_urban/curb_straight001_32.mdl,1836,445
models/props_urban/curb_straight001_32.phy,716,442
models/props_urban/curb_straight001_32.sw.vtx,729,243
models/props_urban/curb_straight001_32.vvd,2368,730
models/props_urban/curb_straight001_512.dx80.vtx,8253,2099
models/props_urban/curb_straight001_512.dx90.vtx,8253,2101
models/props_urban/curb_straight001_512.mdl,1836,443
models/props_urban/curb_straight001_512.phy,722,449
models/props_urban/curb_straight001_512.sw.vtx,8253,2079
models/props_urban/curb_straight001_512.vvd,27712,4812
models/props_urban/curb_straight001_64.dx80.vtx,1209,383
models/props_urban/curb_straight001_64.dx90.vtx,1209,384
models/props_urban/curb_straight001_64.mdl,1836,441
models/props_urban/curb_straight001_64.phy,718,446
models/props_urban/curb_straight001_64.sw.vtx,1209,374
models/props_urban/curb_straight001_64.vvd,3904,1058
models/props_urban/dumpster001.dx80.vtx,58971,10120
models/props_urban/dumpster001.dx90.vtx,58971,10129
models/props_urban/dumpster001.mdl,1756,436
models/props_urban/dumpster001.phy,4316,1889
models/props_urban/dumpster001.sw.vtx,58971,9819
models/props_urban/dumpster001.vvd,250816,27345
models/props_urban/fence001_128.dx80.vtx,11679,2001
models/props_urban/fence001_128.dx90.vtx,11679,2010
models/props_urban/fence001_128.mdl,1756,447
models/props_urban/fence001_128.phy,717,464
models/props_urban/fence001_128.sw.vtx,11679,1982
models/props_urban/fence001_128.vvd,53696,8261
models/props_urban/fence001_256.dx80.vtx,23889,3568
models/props_urban/fence001_256.dx90.vtx,23889,3572
models/props_urban/fence001_256.mdl,1756,442
models/props_urban/fence001_256.phy,717,451
models/props_urban/fence001_256.sw.vtx,23889,3479
models/props_urban/fence001_256.vvd,110656,14610
models/props_urban/fence001_64.dx80.vtx,10767,1808
models/props_urban/fence001_64.dx90.vtx,10767,1887
models/props_urban/fence001_64.mdl,1756,437
models/props_urban/fence001_64.phy,715,452
models/props_urban/fence001_64.sw.vtx,10767,1837
models/props_urban/fence001_64.vvd,48832,7426
models/props_urban/fence002_128.dx80.vtx,14451,2359
models/props_urban/fence002_128.dx90.vtx,14451,2359
models/props_urban/fence002_128.mdl,1756,439
models/props_urban/fence002_128.phy,1509,926
models/props_urban/fence002_128.sw.vtx,14451,2340
models/props_urban/fence002_128.vvd,67008,9745
models/props_urban/fence002_256.dx80.vtx,29433,4347
models/props_urban/fence002_256.dx90.vtx,29433,4347
models/props_urban/fence002_256.mdl,1756,442
models/props_urban/fence002_256.phy,1997,1112
models/props_urban/fence002_256.sw.vtx,29433,4303
models/props_urban/fence002_256.vvd,137280,17519
models/props_urban/fence002_64.dx80.vtx,13779,2246
models/props_urban/fence002_64.dx90.vtx,13779,2248
models/props_urban/fence002_64.mdl,1756,435
models/props_urban/fence002_64.phy,1508,932
models/props_urban/fence002_64.sw.vtx,13779,2174
models/props_urban/fence002_64.vvd,63424,9493
models/props_urban/fence003_128.dx80.vtx,20040,3516
models/props_urban/fence003_128.dx90.vtx,20040,3515
models/props_urban/fence003_128.mdl,1756,444
models/props_urban/fence003_128.phy,1476,860
models/props_urban/fence003_128.sw.vtx,20040,3515
models/props_urban/fence003_128.vvd,88832,14563
models/props_urban/fence003_64.dx80.vtx,18564,3197
models/props_urban/fence003_64.dx90.vtx,18564,3197
models/props_urban/fence003_64.mdl,1756,448
models/props_urban/fence003_64.phy,1441,889
models/props_urban/fence003_64.sw.vtx,18564,3177
models/props_urban/fence003_64.vvd,83200,13237
models/props_urban/fence004_128.dx80.vtx,22398,3599
models/props_urban/fence004_128.dx90.vtx,22398,3600
models/props_urban/fence004_128.mdl,1752,436
models/props_urban/fence004_128.phy,2254,1217
models/props_urban/fence004_128.sw.vtx,22398,3614
models/props_urban/fence004_128.vvd,102272,12770
models/props_urban/fence004_256.dx80.vtx,44655,6816
models/props_urban/fence004_256.dx90.vtx,44655,6817
models/props_urban/fence004_256.mdl,1752,436
models/props_urban/fence004_256.phy,2678,1353
models/props_urban/fence004_256.sw.vtx,44655,6791
models/props_urban/fence004_256.vvd,204480,20591
models/props_urban/fence004_64.dx80.vtx,21159,3318
models/props_urban/fence004_64.dx90.vtx,21159,3318
models/props_urban/fence004_64.mdl,1752,432
models/props_urban/fence004_64.phy,2253,1236
models/props_urban/fence004_64.sw.vtx,21159,3322
models/props_urban/fence004_64.vvd,97472,11970
models/props_urban/fence_barbwire001_128.dx80.vtx,8988,1821
models/props_urban/fence_barbwire001_128.dx90.vtx,8988,1830
models/props_urban/fence_barbwire001_128.mdl,1760,447
models/props_urban/fence_barbwire001_128.phy,716,459
models/props_urban/fence_barbwire001_128.sw.vtx,8988,1788
models/props_urban/fence_barbwire001_128.vvd,38400,6561
models/props_urban/fence_barbwire001_256.dx80.vtx,17835,3292
models/props_urban/fence_barbwire001_256.dx90.vtx,17835,3293
models/props_urban/fence_barbwire001_256.mdl,1760,444
models/props_urban/fence_barbwire001_256.phy,1381,802
models/props_urban/fence_barbwire001_256.sw.vtx,17835,3266
models/props_urban/fence_barbwire001_256.vvd,76736,10228
models/props_urban/fence_barbwire001_64.dx80.vtx,8802,1791
models/props_urban/fence_barbwire001_64.dx90.vtx,8802,1794
models/props_urban/fence_barbwire001_64.mdl,1760,439
models/props_urban/fence_barbwire001_64.phy,715,454
models/props_urban/fence_barbwire001_64.sw.vtx,8802,1767
models/props_urban/fence_barbwire001_64.vvd,37760,6500
models/props_urban/fence_cover001_128.dx80.vtx,20589,3061
models/props_urban/fence_cover001_128.dx90.vtx,20589,3062
models/props_urban/fence_cover001_128.mdl,1764,442
models/props_urban/fence_cover001_128.phy,718,448
models/props_urban/fence_cover001_128.sw.vtx,20589,3014
models/props_urban/fence_cover001_128.vvd,95808,11336
models/props_urban/fence_cover001_256.dx80.vtx,40701,5622
models/props_urban/fence_cover001_256.dx90.vtx,40701,5622
models/props_urban/fence_cover001_256.mdl,1764,444
models/props_urban/fence_cover001_256.phy,718,459
models/props_urban/fence_cover001_256.sw.vtx,40701,5623
models/props_urban/fence_cover001_256.vvd,190016,18243
models/props_urban/fence_cover001_64.dx80.vtx,10533,1782
models/props_urban/fence_cover001_64.dx90.vtx,10533,1752
models/props_urban/fence_cover001_64.mdl,1764,434
models/props_urban/fence_cover001_64.phy,714,447
models/props_urban/fence_cover001_64.sw.vtx,10533,1759
models/props_urban/fence_cover001_64.vvd,48704,7790
models/props_urban/fence_gate001_256.dx80.vtx,25386,3904
models/props_urban/fence_gate001_256.dx90.vtx,25386,3879
models/props_urban/fence_gate001_256.mdl,1760,447
models/props_urban/fence_gate001_256.phy,722,444
models/props_urban/fence_gate001_256.sw.vtx,25386,3886
models/props_urban/fence_gate001_256.vvd,119168,13698
models/props_urban/fence_gate002_256.dx80.vtx,24012,3852
models/props_urban/fence_gate002_256.dx90.vtx,24012,3853
models/props_urban/fence_gate002_256.mdl,1760,439
models/props_urban/fence_gate002_256.phy,722,443
models/props_urban/fence_gate002_256.sw.vtx,24012,3818
models/props_urban/fence_gate002_256.vvd,112640,12463
models/props_urban/fence_gate003.dx80.vtx,36294,6091
models/props_urban/fence_gate003.dx90.vtx,36294,6087
models/props_urban/fence_gate003.mdl,1756,449
models/props_urban/fence_gate003.phy,3195,1603
models/props_urban/fence_gate003.sw.vtx,36294,5949
models/props_urban/fence_gate003.vvd,158592,27422
models/props_urban/fence_gate_post001.dx80.vtx,13641,2364
models/props_urban/fence_gate_post001.dx90.vtx,13641,2364
models/props_urban/fence_gate_post001.mdl,1764,446
models/props_urban/fence_gate_post001.phy,720,451
models/props_urban/fence_gate_post001.sw.vtx,13641,2299
models/props_urban/fence_gate_post001.vvd,62784,8970
models/props_urban/fence_gate_post003.dx80.vtx,15222,2650
models/props_urban/fence_gate_post003.dx90.vtx,15222,2656
models/props_urban/fence_gate_post003.mdl,1760,453
models/props_urban/fence_gate_post003.phy,713,444
models/props_urban/fence_gate_post003.sw.vtx,15222,2634
models/props_urban/fence_gate_post003.vvd,68224,11297
models/props_urban/fence_post001.dx80.vtx,13065,2187
models/props_urban/fence_post001.dx90.vtx,13065,2188
models/props_urban/fence_post001.mdl,1752,437
models/props_urban/fence_post001.phy,709,433
models/props_urban/fence_post001.sw.vtx,13065,2238
models/props_urban/fence_post001.vvd,59456,7949
models/props_urban/fence_post002.dx80.vtx,15837,2594
models/props_urban/fence_post002.dx90.vtx,15837,2594
models/props_urban/fence_post002.mdl,1752,433
models/props_urban/fence_post002.phy,1439,859
models/props_urban/fence_post002.sw.vtx,15837,2565
models/props_urban/fence_post002.vvd,72768,9415
models/props_urban/fence_post003.dx80.vtx,12066,2227
models/props_urban/fence_post003.dx90.vtx,12066,2228
models/props_urban/fence_post003.mdl,1752,450
models/props_urban/fence_post003.phy,708,441
models/props_urban/fence_post003.sw.vtx,12066,2174
models/props_urban/fence_post003.vvd,53632,9169
models/props_urban/fence_post_barbwire001.dx80.vtx,6864,1367
models/props_urban/fence_post_barbwire001.dx90.vtx,6864,1359
models/props_urban/fence_post_barbwire001.mdl,1764,440
models/props_urban/fence_post_barbwire001.phy,717,453
models/props_urban/fence_post_barbwire001.sw.vtx,6864,1361
models/props_urban/fence_post_barbwire001.vvd,28928,5685
models/props_urban/fire_hydrant001.dx80.vtx,53772,8245
models/props_urban/fire_hydrant001.dx90.vtx,53772,8244
models/props_urban/fire_hydrant001.mdl,1764,432
models/props_urban/fire_hydrant001.phy,6177,3235
models/props_urban/fire_hydrant001.sw.vtx,53772,7817
models/props_urban/fire_hydrant001.vvd,255744,52072
models/props_urban/flood_light001.dx80.vtx,17658,3588
models/props_urban/flood_light001.dx90.vtx,17658,3588
models/props_urban/flood_light001.mdl,1848,460
models/props_urban/flood_light001.sw.vtx,17658,3548
models/props_urban/flood_light001.vvd,68992,16762
models/props_urban/fridge001.dx80.vtx,17643,3752
models/props_urban/fridge001.dx90.vtx,17643,3753
models/props_urban/fridge001.mdl,1752,432
models/props_urban/fridge001.phy,4150,1897
models/props_urban/fridge001.sw.vtx,17643,3834
models/props_urban/fridge001.vvd,67776,22772
models/props_urban/fridge002.dx80.vtx,17637,3994
models/props_urban/fridge002.dx90.vtx,17637,3994
models/props_urban/fridge002.mdl,1752,440
models/props_urban/fridge002.phy,7598,3247
models/props_urban/fridge002.sw.vtx,17637,4107
models/props_urban/fridge002.vvd,62528,24494
models/props_urban/fridge_door001.dx80.vtx,10425,2414
models/props_urban/fridge_door001.dx90.vtx,10425,2414
models/props_urban/fridge_door001.mdl,1756,432
models/props_urban/fridge_door001.phy,2256,1196
models/props_urban/fridge_door001.sw.vtx,10425,2481
models/props_urban/fridge_door001.vvd,37696,12903
models/props_urban/fridge_door003.dx80.vtx,22041,4485
models/props_urban/fridge_door003.dx90.vtx,22041,4569
models/props_urban/fridge_door003.mdl,1756,443
models/props_urban/fridge_door003.phy,3529,1738
models/props_urban/fridge_door003.sw.vtx,22041,4407
models/props_urban/fridge_door003.vvd,86592,29724
models/props_urban/garbage_can001.dx80.vtx,31401,4757
models/props_urban/garbage_can001.dx90.vtx,31401,4757
models/props_urban/garbage_can001.mdl,1760,431
models/props_urban/garbage_can001.phy,3289,1477
models/props_urban/garbage_can001.sw.vtx,31401,4715
models/props_urban/garbage_can001.vvd,156224,11138
models/props_urban/garden_hose001.dx80.vtx,26310,5601
models/props_urban/garden_hose001.dx90.vtx,26310,5616
models/props_urban/garden_hose001.mdl,1764,445
models/props_urban/garden_hose001.sw.vtx,26310,5497
models/props_urban/garden_hose001.vvd,100480,46422
models/props_urban/gas_meter.dx80.vtx,11892,2422
models/props_urban/gas_meter.dx90.vtx,11892,2422
models/props_urban/gas_meter.mdl,1748,448
models/props_urban/gas_meter.phy,6914,3733
models/props_urban/gas_meter.sw.vtx,11892,2436
models/props_urban/gas_meter.vvd,47616,18703
models/props_urban/gate_column001_32.dx80.vtx,18336,2775
models/props_urban/gate_column001_32.dx90.vtx,18336,2775
models/props_urban/gate_column001_32.mdl,1760,433
models/props_urban/gate_column001_32.phy,723,452
models/props_urban/gate_column001_32.sw.vtx,18336,2772
models/props_urban/gate_column001_32.vvd,91136,9698
models/props_urban/gate_wall001_128.dx80.vtx,7185,1386
models/props_urban/gate_wall001_128.dx90.vtx,7185,1388
models/props_urban/gate_wall001_128.mdl,1760,432
models/props_urban/gate_wall001_128.phy,725,460
models/props_urban/gate_wall001_128.sw.vtx,7185,1388
models/props_urban/gate_wall001_128.vvd,32064,3502
models/props_urban/gate_wall001_256.dx80.vtx,14229,2490
models/props_urban/gate_wall001_256.dx90.vtx,14229,2491
models/props_urban/gate_wall001_256.mdl,1760,433
models/props_urban/gate_wall001_256.phy,725,458
models/props_urban/gate_wall001_256.sw.vtx,14229,2483
models/props_urban/gate_wall001_256.vvd,64064,5713
models/props_urban/mail_box001.dx80.vtx,6585,1324
models/props_urban/mail_box001.dx90.vtx,6585,1324
models/props_urban/mail_box001.mdl,1752,426
models/props_urban/mail_box001.sw.vtx,6585,1288
models/props_urban/mail_box001.vvd,28224,6775
models/props_urban/metal_plate001.dx80.vtx,6861,1428
models/props_urban/metal_plate001.dx90.vtx,6861,1429
models/props_urban/metal_plate001.mdl,1760,425
models/props_urban/metal_plate001.phy,712,430
models/props_urban/metal_plate001.sw.vtx,6861,1332
models/props_urban/metal_plate001.vvd,28224,3713
models/props_urban/oil_drum001.dx80.vtx,13227,2377
models/props_urban/oil_drum001.dx90.vtx,13227,2378
models/props_urban/oil_drum001.mdl,1828,487
models/props_urban/oil_drum001.phy,1862,1082
models/props_urban/oil_drum001.sw.vtx,13227,2292
models/props_urban/oil_drum001.vvd,56512,10876
models/props_urban/plastic_chair001.dx80.vtx,36609,7037
models/props_urban/plastic_chair001.dx90.vtx,36609,7037
models/props_urban/plastic_chair001.mdl,1844,518
models/props_urban/plastic_chair001.phy,4722,2517
models/props_urban/plastic_chair001.sw.vtx,36609,7005
models/props_urban/plastic_chair001.vvd,148800,47975
models/props_urban/plastic_flamingo001.dx80.vtx,20235,5393
models/props_urban/plastic_flamingo001.dx90.vtx,20235,5383
models/props_urban/plastic_flamingo001.mdl,1772,441
models/props_urban/plastic_flamingo001.phy,2605,1527
models/props_urban/plastic_flamingo001.sw.vtx,20235,5371
models/props_urban/plastic_flamingo001.vvd,62912,28238
models/props_urban/porch_light001.dx80.vtx,15687,3386
models/props_urban/porch_light001.dx90.vtx,15687,3386
models/props_urban/porch_light001.mdl,1760,424
models/props_urban/porch_light001.sw.vtx,15687,3371
models/props_urban/porch_light001.vvd,60352,16292
models/props_urban/porch_light001_02.dx80.vtx,15000,3368
models/props_urban/porch_light001_02.dx90.vtx,15000,3369
models/props_urban/porch_light001_02.mdl,1760,437
models/props_urban/porch_light001_02.sw.vtx,15000,3181
models/props_urban/porch_light001_02.vvd,55808,15549
models/props_urban/porch_light002.dx80.vtx,9807,2223
models/props_urban/porch_light002.dx90.vtx,9807,2226
models/props_urban/porch_light002.mdl,1760,426
models/props_urban/porch_light002.sw.vtx,9807,2222
models/props_urban/porch_light002.vvd,36800,10361
models/props_urban/porch_light002_02.dx80.vtx,9228,2151
models/props_urban/porch_light002_02.dx90.vtx,9228,2151
models/props_urban/porch_light002_02.mdl,1760,422
models/props_urban/porch_light002_02.sw.vtx,9228,2169
models/props_urban/porch_light002_02.vvd,33024,9555
models/props_urban/stoop001_64.dx80.vtx,9048,1826
models/props_urban/stoop001_64.dx90.vtx,9048,1831
models/props_urban/stoop001_64.mdl,1752,431
models/props_urban/stoop001_64.phy,2921,1561
models/props_urban/stoop001_64.sw.vtx,9048,1791
models/props_urban/stoop001_64.vvd,39296,10515
models/props_urban/stoop001_96.dx80.vtx,10461,2075
models/props_urban/stoop001_96.dx90.vtx,10461,2078
models/props_urban/stoop001_96.mdl,1752,429
models/props_urban/stoop001_96.phy,2873,1495
models/props_urban/stoop001_96.sw.vtx,10461,2086
models/props_urban/stoop001_96.vvd,43584,11361
models/props_urban/stoop001_96_32.dx80.vtx,16242,3758
models/props_urban/stoop001_96_32.dx90.vtx,16242,3758
models/props_urban/stoop001_96_32.mdl,1752,438
models/props_urban/stoop001_96_32.phy,3329,1658
models/props_urban/stoop001_96_32.sw.vtx,16242,3640
models/props_urban/stoop001_96_32.vvd,58496,16389
models/props_urban/stoop002_96.dx80.vtx,4134,1010
models/props_urban/stoop002_96.dx90.vtx,4134,1011
models/props_urban/stoop002_96.mdl,1752,432
models/props_urban/stoop002_96.phy,1095,661
models/props_urban/stoop002_96.sw.vtx,4134,1014
models/props_urban/stoop002_96.vvd,14976,5812
models/props_urban/stoop003_48.dx80.vtx,6981,1601
models/props_urban/stoop003_48.dx90.vtx,6981,1601
models/props_urban/stoop003_48.mdl,1752,431
models/props_urban/stoop003_48.phy,2226,1203
models/props_urban/stoop003_48.sw.vtx,6981,1617
models/props_urban/stoop003_48.vvd,25664,7965
models/props_urban/telephone_connector_bracket001.dx80.vtx,18615,2784
models/props_urban/telephone_connector_bracket001.dx90.vtx,18615,2801
models/props_urban/telephone_connector_bracket001.mdl,1788,453
models/props_urban/telephone_connector_bracket001.sw.vtx,18615,2776
models/props_urban/telephone_connector_bracket001.vvd,91712,12004
models/props_urban/telephone_pole001.dx80.vtx,25035,4019
models/props_urban/telephone_pole001.dx90.vtx,25035,4020
models/props_urban/telephone_pole001.mdl,1764,431
models/props_urban/telephone_pole001.phy,2213,1337
models/props_urban/telephone_pole001.sw.vtx,25035,4037
models/props_urban/telephone_pole001.vvd,116160,11250
models/props_urban/telephone_pole002.dx80.vtx,49941,7826
models/props_urban/telephone_pole002.dx90.vtx,49941,7826
models/props_urban/telephone_pole002.mdl,1764,435
models/props_urban/telephone_pole002.phy,3117,1776
models/props_urban/telephone_pole002.sw.vtx,49941,7773
models/props_urban/telephone_pole002.vvd,228160,28846
models/props_urban/telephone_streetlight001.dx80.vtx,21327,4296
models/props_urban/telephone_streetlight001.dx90.vtx,21327,4297
models/props_urban/telephone_streetlight001.mdl,1780,451
models/props_urban/telephone_streetlight001.sw.vtx,21327,4214
models/props_urban/telephone_streetlight001.vvd,83392,26992
models/props_urban/tire001.dx80.vtx,10149,2192
models/props_urban/tire001.dx90.vtx,10149,2192
models/props_urban/tire001.mdl,1824,483
models/props_urban/tire001.phy,1460,827
models/props_urban/tire001.sw.vtx,10149,2222
models/props_urban/tire001.vvd,38464,12460
models/props_urban/wood_fence001_128.dx80.vtx,8259,1372
models/props_urban/wood_fence001_128.dx90.vtx,8259,1372
models/props_urban/wood_fence001_128.mdl,1760,432
models/props_urban/wood_fence001_128.phy,1775,1014
models/props_urban/wood_fence001_128.sw.vtx,8259,1372
models/props_urban/wood_fence001_128.vvd,41920,4819
models/props_urban/wood_fence001_256.dx80.vtx,15753,2265
models/props_urban/wood_fence001_256.dx90.vtx,15753,2266
models/props_urban/wood_fence001_256.mdl,1760,429
models/props_urban/wood_fence001_256.phy,720,452
models/props_urban/wood_fence001_256.sw.vtx,15753,2264
models/props_urban/wood_fence001_256.vvd,80704,7479
models/props_urban/wood_fence001_64.dx80.vtx,4707,897
models/props_urban/wood_fence001_64.dx90.vtx,4707,897
models/props_urban/wood_fence001_64.mdl,1760,430
models/props_urban/wood_fence001_64.phy,1348,774
models/props_urban/wood_fence001_64.sw.vtx,4707,896
models/props_urban/wood_fence001_64.vvd,23488,3130
models/props_urban/wood_fence002_128.dx80.vtx,4941,1007
models/props_urban/wood_fence002_128.dx90.vtx,4941,1009
models/props_urban/wood_fence002_128.mdl,1760,426
models/props_urban/wood_fence002_128.phy,1445,857
models/props_urban/wood_fence002_128.sw.vtx,4941,1009
models/props_urban/wood_fence002_128.vvd,22080,2273
models/props_urban/wood_fence002_256.dx80.vtx,9741,1755
models/props_urban/wood_fence002_256.dx90.vtx,9741,1755
models/props_urban/wood_fence002_256.mdl,1760,423
models/props_urban/wood_fence002_256.phy,2229,1203
models/props_urban/wood_fence002_256.sw.vtx,9741,1749
models/props_urban/wood_fence002_256.vvd,44096,3677
models/props_urban/wood_fence002_64.dx80.vtx,3333,736
models/props_urban/wood_fence002_64.dx90.vtx,3333,737
models/props_urban/wood_fence002_64.mdl,1760,423
models/props_urban/wood_fence002_64.phy,1444,858
models/props_urban/wood_fence002_64.sw.vtx,3333,736
models/props_urban/wood_fence002_64.vvd,15424,1775
models/props_urban/wood_post001.dx80.vtx,549,180
models/props_urban/wood_post001.dx90.vtx,549,180
models/props_urban/wood_post001.mdl,1756,408
models/props_urban/wood_post001.sw.vtx,549,179
models/props_urban/wood_post001.vvd,2112,327
models/props_urban/wood_post002.dx80.vtx,873,262
models/props_urban/wood_post002.dx90.vtx,873,262
models/props_urban/wood_post002.mdl,1756,419
models/props_urban/wood_post002.phy,709,438
models/props_urban/wood_post002.sw.vtx,873,261
models/props_urban/wood_post002.vvd,3648,618
models/props_urban/wood_railing001_128.dx80.vtx,2613,584
models/props_urban/wood_railing001_128.dx90.vtx,2613,584
models/props_urban/wood_railing001_128.mdl,1764,436
models/props_urban/wood_railing001_128.phy,3860,1780
models/props_urban/wood_railing001_128.sw.vtx,2613,584
models/props_urban/wood_railing001_128.vvd,12352,1456
models/props_urban/wood_railing001_64.dx80.vtx,1509,386
models/props_urban/wood_railing001_64.dx90.vtx,1509,386
models/props_urban/wood_railing001_64.mdl,1764,427
models/props_urban/wood_railing001_64.phy,2291,1169
models/props_urban/wood_railing001_64.sw.vtx,1509,386
models/props_urban/wood_railing001_64.vvd,6976,960
models/props_urban/wood_railing002_128.dx80.vtx,2889,644
models/props_urban/wood_railing002_128.dx90.vtx,2889,644
models/props_urban/wood_railing002_128.mdl,1764,447
models/props_urban/wood_railing002_128.phy,3364,1786
models/props_urban/wood_railing002_128.sw.vtx,2889,642
models/props_urban/wood_railing002_128.vvd,13632,2546
models/props_vehicles/ambulance.dx80.vtx,169543,26909
models/props_vehicles/ambulance.dx90.vtx,169543,26909
models/props_vehicles/ambulance.mdl,1764,465
models/props_vehicles/ambulance.phy,9068,4209
models/props_vehicles/ambulance.sw.vtx,169543,26785
models/props_vehicles/ambulance.vvd,497472,122833
models/props_vehicles/bus01_2.dx80.vtx,115836,17665
models/props_vehicles/bus01_2.dx90.vtx,115836,17666
models/props_vehicles/bus01_2.mdl,1952,491
models/props_vehicles/bus01_2.phy,7362,3938
models/props_vehicles/bus01_2.sw.vtx,115836,17502
models/props_vehicles/bus01_2.vvd,517440,129894
models/props_vehicles/cara_69sedan.dx80.vtx,99036,17280
models/props_vehicles/cara_69sedan.dx90.vtx,99036,17289
models/props_vehicles/cara_69sedan.mdl,1836,531
models/props_vehicles/cara_69sedan.phy,13819,7242
models/props_vehicles/cara_69sedan.sw.vtx,99036,17014
models/props_vehicles/cara_69sedan.vvd,420480,163562
models/props_vehicles/cara_69sedan_glass.dx80.vtx,4704,1051
models/props_vehicles/cara_69sedan_glass.dx90.vtx,4704,1052
models/props_vehicles/cara_69sedan_glass.mdl,1780,459
models/props_vehicles/cara_69sedan_glass.phy,6807,3936
models/props_vehicles/cara_69sedan_glass.sw.vtx,4704,1037
models/props_vehicles/cara_69sedan_glass.vvd,19328,8979
models/props_vehicles/cara_82hatchback.dx80.vtx,104877,17896
models/props_vehicles/cara_82hatchback.dx90.vtx,104877,17896
models/props_vehicles/cara_82hatchback.mdl,1840,524
models/props_vehicles/cara_82hatchback.phy,13487,6767
models/props_vehicles/cara_82hatchback.sw.vtx,104877,17443
models/props_vehicles/cara_82hatchback.vvd,455232,152814
models/props_vehicles/cara_82hatchback_glass.dx80.vtx,7020,1469
models/props_vehicles/cara_82hatchback_glass.dx90.vtx,7020,1474
models/props_vehicles/cara_82hatchback_glass.mdl,1784,458
models/props_vehicles/cara_82hatchback_glass.phy,6283,3440
models/props_vehicles/cara_82hatchback_glass.sw.vtx,7020,1479
models/props_vehicles/cara_82hatchback_glass.vvd,30208,11907
models/props_vehicles/cara_82hatchback_wrecked.dx80.vtx,106329,18027
models/props_vehicles/cara_82hatchback_wrecked.dx90.vtx,106329,18057
models/props_vehicles/cara_82hatchback_wrecked.mdl,1848,533
models/props_vehicles/cara_82hatchback_wrecked.phy,13991,7888
models/props_vehicles/cara_82hatchback_wrecked.sw.vtx,106329,17800
models/props_vehicles/cara_82hatchback_wrecked.vvd,466496,182918
models/props_vehicles/cara_82hatchback_wrecked_glass.dx80.vtx,5991,1206
models/props_vehicles/cara_82hatchback_wrecked_glass.dx90.vtx,5991,1207
models/props_vehicles/cara_82hatchback_wrecked_glass.mdl,1792,473
models/props_vehicles/cara_82hatchback_wrecked_glass.phy,4915,2905
models/props_vehicles/cara_82hatchback_wrecked_glass.sw.vtx,5991,1198
models/props_vehicles/cara_82hatchback_wrecked_glass.vvd,26304,11316
models/props_vehicles/cara_95sedan.dx80.vtx,85593,14801
models/props_vehicles/cara_95sedan.dx90.vtx,85593,14801
models/props_vehicles/cara_95sedan.mdl,1836,529
models/props_vehicles/cara_95sedan.phy,17579,9019
models/props_vehicles/cara_95sedan.sw.vtx,85593,14592
models/props_vehicles/cara_95sedan.vvd,363072,130942
models/props_vehicles/cara_95sedan_glass.dx80.vtx,3210,800
models/props_vehicles/cara_95sedan_glass.dx90.vtx,3210,801
models/props_vehicles/cara_95sedan_glass.mdl,1780,455
models/props_vehicles/cara_95sedan_glass.phy,5480,3146
models/props_vehicles/cara_95sedan_glass.sw.vtx,3210,793
models/props_vehicles/cara_95sedan_glass.vvd,12672,6581
models/props_vehicles/cara_95sedan_wrecked.dx80.vtx,112578,18919
models/props_vehicles/cara_95sedan_wrecked.dx90.vtx,112578,18976
models/props_vehicles/cara_95sedan_wrecked.mdl,1844,533
models/props_vehicles/cara_95sedan_wrecked.phy,18275,10099
models/props_vehicles/cara_95sedan_wrecked.sw.vtx,112578,18706
models/props_vehicles/cara_95sedan_wrecked.vvd,493568,192943
models/props_vehicles/cara_95sedan_wrecked_glass.dx80.vtx,3126,775
models/props_vehicles/cara_95sedan_wrecked_glass.dx90.vtx,3126,769
models/props_vehicles/cara_95sedan_wrecked_glass.mdl,1788,463
models/props_vehicles/cara_95sedan_wrecked_glass.phy,5408,3360
models/props_vehicles/cara_95sedan_wrecked_glass.sw.vtx,3126,750
models/props_vehicles/cara_95sedan_wrecked_glass.vvd,12416,6921
models/props_vehicles/flatnose_truck.dx80.vtx,145890,23194
models/props_vehicles/flatnose_truck.dx90.vtx,145890,23194
models/props_vehicles/flatnose_truck.mdl,1848,512
models/props_vehicles/flatnose_truck.phy,17894,8923
models/props_vehicles/flatnose_truck.sw.vtx,145890,22506
models/props_vehicles/flatnose_truck.vvd,649856,156355
models/props_vehicles/helicopter_rescue_smashed.dx80.vtx,247740,42301
models/props_vehicles/helicopter_rescue_smashed.dx90.vtx,247740,42301
models/props_vehicles/helicopter_rescue_smashed.mdl,1784,452
models/props_vehicles/helicopter_rescue_smashed.sw.vtx,247740,41638
models/props_vehicles/helicopter_rescue_smashed.vvd,1041152,399127
models/props_vehicles/longnose_truck.dx80.vtx,156570,25130
models/props_vehicles/longnose_truck.dx90.vtx,156570,25131
models/props_vehicles/longnose_truck.mdl,1844,529
models/props_vehicles/longnose_truck.phy,19966,9983
models/props_vehicles/longnose_truck.sw.vtx,156570,24549
models/props_vehicles/longnose_truck.vvd,687872,191524
models/props_vehicles/semi_trailer.dx80.vtx,95482,15728
models/props_vehicles/semi_trailer.dx90.vtx,95482,15729
models/props_vehicles/semi_trailer.mdl,1776,459
models/props_vehicles/semi_trailer.phy,8320,4070
models/props_vehicles/semi_trailer.sw.vtx,95482,15208
models/props_vehicles/semi_trailer.vvd,293760,62725
models/props_vehicles/semi_trailer_wrecked.dx80.vtx,113035,18834
models/props_vehicles/semi_trailer_wrecked.dx90.vtx,113035,18834
models/props_vehicles/semi_trailer_wrecked.mdl,1780,464
models/props_vehicles/semi_trailer_wrecked.phy,8291,4526
models/props_vehicles/semi_trailer_wrecked.sw.vtx,113035,17807
models/props_vehicles/semi_trailer_wrecked.vvd,359936,88933
models/props_vehicles/train_ladder.dx80.vtx,17997,2864
models/props_vehicles/train_ladder.dx90.vtx,17997,2866
models/props_vehicles/train_ladder.mdl,1760,448
models/props_vehicles/train_ladder.sw.vtx,17997,2861
models/props_vehicles/train_ladder.vvd,87104,16549
models/props_vehicles/van.dx80.vtx,126490,23316
models/props_vehicles/van.dx90.vtx,126490,23316
models/props_vehicles/van.mdl,1828,521
models/props_vehicles/van.phy,11308,5438
models/props_vehicles/van.sw.vtx,126490,23291
models/props_vehicles/van.vvd,380160,137479
models/props_vehicles/van_glass.dx80.vtx,2490,613
models/props_vehicles/van_glass.dx90.vtx,2490,613
models/props_vehicles/van_glass.mdl,1764,446
models/props_vehicles/van_glass.phy,3530,1982
models/props_vehicles/van_glass.sw.vtx,2490,607
models/props_vehicles/van_glass.vvd,9856,4505
models/props_windows/window_urban_bars_med.dx80.vtx,14178,2276
models/props_windows/window_urban_bars_med.dx90.vtx,14178,2276
models/props_windows/window_urban_bars_med.mdl,1772,462
models/props_windows/window_urban_bars_med.phy,1104,691
models/props_windows/window_urban_bars_med.sw.vtx,14178,2273
models/props_windows/window_urban_bars_med.vvd,72576,9625
models/props_windows/window_urban_sash_48_88.dx80.vtx,2169,468
models/props_windows/window_urban_sash_48_88.dx90.vtx,2169,468
models/props_windows/window_urban_sash_48_88.mdl,1772,450
models/props_windows/window_urban_sash_48_88.phy,720,451
models/props_windows/window_urban_sash_48_88.sw.vtx,2169,468
models/props_windows/window_urban_sash_48_88.vvd,10816,1920
models/props_windows/window_urban_sash_48_88_boarded.dx80.vtx,2265,508
models/props_windows/window_urban_sash_48_88_boarded.dx90.vtx,2265,509
models/props_windows/window_urban_sash_48_88_boarded.mdl,1784,455
models/props_windows/window_urban_sash_48_88_boarded.phy,735,465
models/props_windows/window_urban_sash_48_88_boarded.sw.vtx,2265,509
models/props_windows/window_urban_sash_48_88_boarded.vvd,11328,2130
models/props_windows/window_urban_stacked_40_112.dx80.vtx,3405,666
models/props_windows/window_urban_stacked_40_112.dx90.vtx,3405,661
models/props_windows/window_urban_stacked_40_112.mdl,1776,447
models/props_windows/window_urban_stacked_40_112.phy,724,459
models/props_windows/window_urban_stacked_40_112.sw.vtx,3405,659
models/props_windows/window_urban_stacked_40_112.vvd,17216,3145
models/props_windows/window_urban_stacked_40_112_boarded.dx80.vtx,2661,574
models/props_windows/window_urban_stacked_40_112_boarded.dx90.vtx,2661,575
models/props_windows/window_urban_stacked_40_112_boarded.mdl,1788,457
models/props_windows/window_urban_stacked_40_112_boarded.phy,741,477
models/props_windows/window_urban_stacked_40_112_boarded.sw.vtx,2661,574
models/props_windows/window_urban_stacked_40_112_boarded.vvd,13376,2582
models/props_windows/window_urban_stacked_double_96_112.dx80.vtx,4680,847
models/props_windows/window_urban_stacked_double_96_112.dx90.vtx,4680,848
models/props_windows/window_urban_stacked_double_96_112.mdl,1784,458
models/props_windows/window_urban_stacked_double_96_112.phy,732,458
models/props_windows/window_urban_stacked_double_96_112.sw.vtx,4680,847
models/props_windows/window_urban_stacked_double_96_112.vvd,23936,3938
models/props_windows/window_urban_stacked_double_96_112_boarded.dx80.vtx,4872,910
models/props_windows/window_urban_stacked_double_96_112_boarded.dx90.vtx,4872,911
models/props_windows/window_urban_stacked_double_96_112_boarded.mdl,1792,462
models/props_windows/window_urban_stacked_double_96_112_boarded.phy,748,482
models/props_windows/window_urban_stacked_double_96_112_boarded.sw.vtx,4872,908
models/props_windows/window_urban_stacked_double_96_112_boarded.vvd,24960,4494
models/w_models/weapons/w_eq_medkit.dx80.vtx,13500,2704
models/w_models/weapons/w_eq_medkit.dx90.vtx,13500,2704
models/w_models/weapons/w_eq_medkit.mdl,2356,621
models/w_models/weapons/w_eq_medkit.phy,1093,756
models/w_models/weapons/w_eq_medkit.sw.vtx,13492,2522
models/w_models/weapons/w_eq_medkit.vvd,56576,25744
models/w_models/weapons/w_eq_molotov.dx80.vtx,11220,2575
models/w_models/weapons/w_eq_molotov.dx90.vtx,11220,2589
models/w_models/weapons/w_eq_molotov.mdl,2664,715
models/w_models/weapons/w_eq_molotov.phy,1894,1314
models/w_models/weapons/w_eq_molotov.sw.vtx,11204,2551
models/w_models/weapons/w_eq_molotov.vvd,41152,18260
particles/tp_m3.pcf,116044,24438
resource/overviews/ze_the_parish_cemetery_v2.txt,144,111
scripts/soundscapes_ze_the_parish_cemetery_v2.txt,18476,2127
sound/ambient/ambience/1b_rooftoptrain_st_loop.wav,536528,536528
sound/ambient/ambience/bug_loop.wav,1688038,1688038
sound/ambient/ambience/cicada_loop.wav,174222,174222
sound/ambient/ambience/crucial_cemetery_quiet_amb.wav,2609526,2609526
sound/ambient/ambience/crucial_empty_street_wind_loop.wav,4068850,4068850
sound/ambient/ambience/crucial_smallroomtone_amb_loop.wav,700468,700468
sound/ambient/ambience/crucial_underground_wet_loop.wav,3348222,3348222
sound/ambient/ambience/crucial_urban_rooftop_ambloop01.wav,1216822,1216822
sound/ambient/ambience/streetwind01_loop.wav,700574,700574
sound/ambient/ambience/urban_rooftop_ambloop02.wav,1480050,1480050
sound/ambient/ambience/windingrass_loop.wav,1057194,1057194
sound/ambient/atmosphere/crucial_quiet_cellblock_amb.wav,151438,151438
sound/ambient/creatures/flies1.wav,61002,61002
sound/ambient/creatures/flies2.wav,36964,36964
sound/ambient/creatures/flies3.wav,52818,52818
sound/ambient/creatures/flies4.wav,94842,94842
sound/ambient/creatures/flies_loop.wav,957268,957268
sound/ambient/creatures/housefly_loop_02.wav,273328,273328
sound/ambient/creatures/ratpath01.wav,125684,125684
sound/ambient/creatures/ratpath02.wav,97902,97902
sound/ambient/creatures/ratpath03.wav,90788,90788
sound/ambient/gas/steam2.wav,40508,40508
sound/ambient/materials/wood_creak1.wav,38294,38294
sound/ambient/materials/wood_creak2.wav,23416,23416
sound/ambient/materials/wood_creak3.wav,24254,24254
sound/ambient/materials/wood_creak4.wav,13854,13854
sound/ambient/materials/wood_creak5.wav,26034,26034
sound/ambient/materials/wood_creak6.wav,26882,26882
sound/ambient/overhead/plane1.wav,153540,153540
sound/ambient/overhead/plane2.wav,157342,157342
sound/ambient/overhead/plane3.wav,213638,213638
sound/ambient/random_amb_sfx/binhit01.wav,173894,173894
sound/ambient/random_amb_sfx/binhit02.wav,149494,149494
sound/ambient/random_amb_sfx/binhit03.wav,137424,137424
sound/ambient/random_amb_sfx/dist_explosion_01.wav,334462,334462
sound/ambient/random_amb_sfx/dist_explosion_02.wav,210606,210606
sound/ambient/random_amb_sfx/dist_explosion_03.wav,163426,163426
sound/ambient/random_amb_sfx/dist_explosion_04.wav,127532,127532
sound/ambient/random_amb_sfx/random_drips01.wav,316772,316772
sound/ambient/random_amb_sfx/random_drips02.wav,124202,124202
sound/ambient/random_amb_sfx/random_drips03.wav,370528,370528
sound/ambient/random_amb_sfx/randommetalrattle01.wav,366920,366920
sound/ambient/random_amb_sfx/randommetalrattle02.wav,234504,234504
sound/ambient/random_amb_sfx/randommetalrattle03.wav,132366,132366
sound/ambient/random_amb_sfx/randommetalshake01.wav,192578,192578
sound/ambient/random_amb_sfx/randommetalshake02.wav,149698,149698
sound/ambient/random_amb_sfx/randommetalsqueak01.wav,55514,55514
sound/ambient/random_amb_sfx/randommetalsqueak02.wav,298702,298702
sound/ambient/random_amb_sfx/randomwindgust01.wav,254964,254964
sound/ambient/random_amb_sfx/randomwindgust02.wav,431758,431758
sound/ambient/random_amb_sfx/randomwindgust03.wav,509450,509450
sound/ambient/random_amb_sfx/urban_1b-5b_randommetal_interior/random_interiormetal_01.wav,186692,186692
sound/ambient/random_amb_sfx/urban_1b-5b_randommetal_interior/random_interiormetal_02.wav,366754,366754
sound/ambient/random_amb_sfx/urban_1b-5b_randommetal_interior/random_interiormetal_03.wav,221436,221436
sound/ambient/random_amb_sfx/urban_1b-5b_randommetal_interior/random_interiormetal_04.wav,232452,232452
sound/ambient/random_amb_sfx/urban_1b-5b_randommetal_interior/random_interiormetal_05.wav,284766,284766
sound/ambient/random_amb_sfx/urban_1b-5b_randommetal_interior/random_interiormetal_06.wav,294814,294814
sound/ambient/random_amb_sfx/urban_1b-5b_randommetal_interior/random_interiormetal_07.wav,299866,299866
sound/ambient/random_amb_sfx/wood_floor_squeak01.wav,82870,82870
sound/ambient/random_amb_sfx/wood_floor_squeak02.wav,93514,93514
sound/ambient/random_amb_sfx/wood_floor_squeak03.wav,73332,73332
sound/ambient/random_amb_sfx/wood_floor_squeak04.wav,73540,73540
sound/ambient/random_amb_sfx/wood_floor_squeak05.wav,84894,84894
sound/ambient/random_amb_sfx/wood_floor_squeak06.wav,50986,50986
sound/ambient/random_amb_sounds/cicada_short_01.wav,88694,88694
sound/ambient/random_amb_sounds/cicada_short_02.wav,25182,25182
sound/ambient/random_amb_sounds/cicada_short_03.wav,272174,272174
sound/ambient/random_amb_sounds/dist_gun_01.wav,87866,87866
sound/ambient/random_amb_sounds/dist_gun_02.wav,147662,147662
sound/ambient/random_amb_sounds/dist_gun_03.wav,38522,38522
sound/ambient/random_amb_sounds/dist_gun_04.wav,101426,101426
sound/ambient/random_amb_sounds/dist_gun_05.wav,211734,211734
sound/ambient/random_amb_sounds/hopper_fly_01.wav,65554,65554
sound/ambient/random_amb_sounds/hopper_fly_02.wav,79220,79220
sound/ambient/random_amb_sounds/hopper_fly_03.wav,138654,138654
sound/ambient/random_amb_sounds/rand_debris_01.wav,322094,322094
sound/ambient/random_amb_sounds/rand_leaves_blowby_01.wav,305918,305918
sound/ambient/random_amb_sounds/rand_leaves_blowby_02.wav,206816,206816
sound/ambient/random_amb_sounds/thinwindgust_01.wav,470704,470704
sound/ambient/random_amb_sounds/thinwindgust_02.wav,556718,556718
sound/ambient/random_amb_sounds/thinwindgust_03.wav,801534,801534
sound/ambient/random_amb_sounds/thinwindgust_04.wav,530696,530696
sound/ambient/random_amb_sounds/wood_creaks_new01.wav,31084,31084
sound/ambient/random_amb_sounds/wood_creaks_new02.wav,96812,96812
sound/ambient/random_amb_sounds/wood_creaks_new03.wav,73068,73068
sound/ambient/random_amb_sounds/wood_creaks_new04.wav,81784,81784
sound/ambient/random_amb_sounds/wood_creaks_new05.wav,99888,99888
sound/ambient/random_amb_sounds/wood_creaks_new06.wav,84228,84228
sound/ambient/random_amb_sounds/wood_creaks_new07.wav,51034,51034
sound/ambient/random_amb_sounds/wood_creaks_new08.wav,34198,34198
sound/ambient/random_animals/single_bird_01.wav,68072,68072
sound/ambient/random_animals/single_bird_02.wav,49704,49704
sound/ambient/random_animals/single_bird_03.wav,48156,48156
sound/ambient/random_animals/single_bird_04.wav,64940,64940
sound/ambient/spacial_loops/crucial_big_pipes_loop.wav,609256,609256
sound/ambient/spacial_loops/ember_loop.wav,702818,702818
sound/ambient/spacial_loops/pipes_loop02.wav,818154,818154
sound/ambient/spacial_loops/plumbing_run_loop.wav,146152,146152
sound/ambient/weather/crucial_rumble_rain.wav,107198,107198
sound/ambient/weather/crucial_rumble_rain_nowind.wav,126118,126118
sound/animation/jets/jet_by_01_lr.wav,405996,405996
sound/animation/jets/jet_by_01_mono.wav,245026,245026
sound/animation/jets/jet_by_02_mono.wav,171050,171050
sound/animation/jets/jet_by_03_lr.wav,920620,920620
sound/animation/jets/jet_by_04_lr.wav,1068076,1068076
sound/animation/overpass_jets.wav,1460766,1460766
sound/doors/door_checkpoint_close1.wav,66646,66646
sound/music/safe/themonsterswithout.wav,1618060,1618060
sound/music/safe/themonsterswithout_s.wav,1970928,1970928
sound/music/the_end/skinonourteeth.wav,13493156,13493156
sound/weapons/grenade_launcher/grenadefire/grenade_launcher_explode_2.wav,618770,618770
sound/weapons/grenade_launcher/grenadefire/grenade_launcher_fire_1.wav,273524,273524
sound/weapons/molotov/molotov_detonate_3.wav,534170,534170
sp_0.vhv,3112,713
sp_1.vhv,3112,716
sp_1000.vhv,1456,582
sp_1001.vhv,1192,326
sp_1002.vhv,11732,4048
sp_1003.vhv,1456,544
sp_1004.vhv,2116,733
sp_1005.vhv,2116,592
sp_1006.vhv,2116,707
sp_1007.vhv,2372,754
sp_1008.vhv,752,196
sp_1009.vhv,656,129
sp_1010.vhv,2372,800
sp_1011.vhv,944,292
sp_1012.vhv,752,201
sp_1013.vhv,656,139
sp_1014.vhv,944,266
sp_1015.vhv,2372,788
sp_1016.vhv,1808,619
sp_1017.vhv,944,285
sp_1018.vhv,944,297
sp_1019.vhv,944,318
sp_102.vhv,2752,868
sp_1020.vhv,1808,659
sp_1021.vhv,2556,805
sp_1022.vhv,944,304
sp_1023.vhv,944,302
sp_1024.vhv,944,293
sp_1025.vhv,944,268
sp_1026.vhv,944,296
sp_1027.vhv,944,302
sp_1028.vhv,944,283
sp_1029.vhv,944,287
sp_103.vhv,2752,801
sp_1030.vhv,944,308
sp_1031.vhv,944,297
sp_1032.vhv,944,279
sp_1033.vhv,752,198
sp_1034.vhv,656,139
sp_1035.vhv,2372,951
sp_1036.vhv,752,197
sp_1037.vhv,656,142
sp_1038.vhv,2372,885
sp_1039.vhv,752,193
sp_104.vhv,2752,706
sp_1040.vhv,656,142
sp_1041.vhv,944,278
sp_1042.vhv,2372,886
sp_1043.vhv,944,305
sp_1044.vhv,752,201
sp_1045.vhv,656,132
sp_1046.vhv,2372,892
sp_1047.vhv,752,208
sp_1048.vhv,656,151
sp_1049.vhv,2372,821
sp_105.vhv,2752,781
sp_1050.vhv,944,277
sp_1051.vhv,944,282
sp_1052.vhv,944,299
sp_1053.vhv,1808,613
sp_1054.vhv,1808,638
sp_1055.vhv,944,266
sp_1056.vhv,944,279
sp_1057.vhv,944,283
sp_1058.vhv,944,257
sp_1059.vhv,944,277
sp_106.vhv,2752,777
sp_1060.vhv,944,283
sp_1061.vhv,944,311
sp_1062.vhv,944,322
sp_1063.vhv,944,271
sp_1064.vhv,944,283
sp_1065.vhv,944,294
sp_1066.vhv,944,283
sp_1067.vhv,944,285
sp_1068.vhv,944,287
sp_1069.vhv,944,282
sp_107.vhv,1472,518
sp_1070.vhv,944,268
sp_1071.vhv,944,296
sp_1072.vhv,944,296
sp_1073.vhv,944,268
sp_1074.vhv,944,279
sp_1075.vhv,944,314
sp_1076.vhv,944,262
sp_1077.vhv,944,287
sp_1078.vhv,944,286
sp_1079.vhv,2556,815
sp_108.vhv,1216,403
sp_1080.vhv,944,286
sp_1081.vhv,944,324
sp_1082.vhv,944,305
sp_1083.vhv,944,321
sp_1084.vhv,944,296
sp_1085.vhv,944,305
sp_1086.vhv,944,298
sp_1087.vhv,944,284
sp_1088.vhv,944,316
sp_1089.vhv,944,295
sp_109.vhv,1472,521
sp_1090.vhv,944,282
sp_1091.vhv,944,303
sp_1092.vhv,752,176
sp_1093.vhv,656,131
sp_1094.vhv,2372,786
sp_1095.vhv,752,186
sp_1096.vhv,656,137
sp_1097.vhv,2372,809
sp_1098.vhv,656,139
sp_1099.vhv,752,181
sp_110.vhv,1216,415
sp_1100.vhv,944,266
sp_1102.vhv,6072,2012
sp_1103.vhv,6072,2013
sp_1104.vhv,6356,1955
sp_1106.vhv,6788,2523
sp_1107.vhv,6788,2444
sp_1108.vhv,6788,2553
sp_1109.vhv,6788,1982
sp_111.vhv,4696,1585
sp_1110.vhv,6788,2140
sp_1111.vhv,6788,2284
sp_1112.vhv,3484,1211
sp_1113.vhv,3484,1211
sp_1114.vhv,3484,1146
sp_1115.vhv,3484,1033
sp_1116.vhv,2952,948
sp_1117.vhv,2952,867
sp_1118.vhv,2952,920
sp_1119.vhv,1456,562
sp_112.vhv,5056,1579
sp_1120.vhv,1192,312
sp_1121.vhv,2016,739
sp_1122.vhv,2572,897
sp_1123.vhv,1192,429
sp_1124.vhv,2068,764
sp_1125.vhv,5044,1804
sp_1126.vhv,5044,1717
sp_1127.vhv,4820,1855
sp_1128.vhv,2068,801
sp_1129.vhv,1216,438
sp_113.vhv,5056,1542
sp_1130.vhv,1216,398
sp_1131.vhv,5044,2036
sp_1132.vhv,1600,532
sp_1133.vhv,944,265
sp_1134.vhv,944,259
sp_1135.vhv,1216,404
sp_1136.vhv,2016,827
sp_1137.vhv,8980,2192
sp_1138.vhv,4144,988
sp_1139.vhv,4144,1315
sp_1140.vhv,1472,528
sp_1141.vhv,1216,431
sp_1142.vhv,1216,480
sp_1143.vhv,1472,501
sp_1144.vhv,1184,346
sp_1145.vhv,1216,465
sp_1146.vhv,1216,473
sp_1147.vhv,1308,390
sp_1148.vhv,1308,418
sp_1149.vhv,4144,911
sp_115.vhv,9088,3185
sp_1155.vhv,2876,1039
sp_1156.vhv,1444,498
sp_1158.vhv,4820,1464
sp_116.vhv,9088,3080
sp_1161.vhv,5304,1604
sp_1162.vhv,2908,927
sp_1163.vhv,5304,1582
sp_1164.vhv,5304,1725
sp_1165.vhv,12384,4136
sp_1166.vhv,6496,2237
sp_1167.vhv,12384,4163
sp_1168.vhv,12384,4289
sp_1169.vhv,2372,825
sp_117.vhv,5056,1540
sp_1170.vhv,752,184
sp_1171.vhv,656,138
sp_1177.vhv,1192,434
sp_1178.vhv,1536,522
sp_118.vhv,4696,1653
sp_1181.vhv,6496,2208
sp_1182.vhv,6496,2496
sp_1183.vhv,6496,2157
sp_1184.vhv,3552,1215
sp_1185.vhv,6072,1803
sp_1186.vhv,6072,1795
sp_1187.vhv,1192,410
sp_1188.vhv,1900,671
sp_1189.vhv,1536,585
sp_119.vhv,4296,1539
sp_1190.vhv,12228,3495
sp_1191.vhv,12228,3587
sp_1192.vhv,10272,2809
sp_1193.vhv,2372,854
sp_1194.vhv,752,200
sp_1195.vhv,656,152
sp_1196.vhv,1776,570
sp_1197.vhv,1624,520
sp_1199.vhv,1892,675
sp_120.vhv,2688,955
sp_1200.vhv,7424,2522
sp_1201.vhv,1892,675
sp_1202.vhv,2188,709
sp_1203.vhv,944,306
sp_1204.vhv,1360,529
sp_1205.vhv,3860,1419
sp_1206.vhv,6060,2311
sp_1207.vhv,5708,2057
sp_1208.vhv,5708,2171
sp_1209.vhv,5708,2079
sp_121.vhv,7376,3022
sp_1210.vhv,5708,2157
sp_1212.vhv,6060,2036
sp_1213.vhv,5708,1671
sp_1214.vhv,3860,1123
sp_1215.vhv,5708,1807
sp_1216.vhv,3860,1271
sp_1217.vhv,7184,2068
sp_1218.vhv,5708,1735
sp_1219.vhv,10420,3195
sp_122.vhv,7376,2819
sp_1220.vhv,4772,1493
sp_1221.vhv,5708,1823
sp_1222.vhv,6060,1932
sp_1223.vhv,2112,722
sp_1224.vhv,1216,433
sp_1225.vhv,1216,415
sp_1226.vhv,1216,409
sp_1227.vhv,1216,464
sp_1229.vhv,4416,1523
sp_123.vhv,4296,1649
sp_1230.vhv,5920,1835
sp_1231.vhv,2864,1037
sp_1232.vhv,4744,1677
sp_1233.vhv,4836,1900
sp_1234.vhv,12228,3683
sp_1235.vhv,1192,401
sp_1236.vhv,1536,564
sp_1237.vhv,2272,657
sp_1238.vhv,1620,603
sp_1239.vhv,1620,605
sp_124.vhv,7376,2823
sp_1240.vhv,640,132
sp_1241.vhv,640,135
sp_1242.vhv,640,130
sp_1243.vhv,640,121
sp_1244.vhv,5708,1947
sp_1245.vhv,1952,788
sp_1246.vhv,1952,623
sp_1247.vhv,2572,1106
sp_1248.vhv,1192,413
sp_1249.vhv,3264,1101
sp_125.vhv,4296,1621
sp_1250.vhv,3264,985
sp_1251.vhv,3264,1060
sp_1252.vhv,1888,611
sp_1253.vhv,736,175
sp_1254.vhv,640,121
sp_1255.vhv,1168,363
sp_1256.vhv,2964,1108
sp_1257.vhv,2316,842
sp_1258.vhv,1168,304
sp_126.vhv,7376,2675
sp_1262.vhv,1168,359
sp_1263.vhv,1168,328
sp_1264.vhv,1900,784
sp_1265.vhv,1620,598
sp_1266.vhv,1428,509
sp_1268.vhv,3264,1184
sp_1269.vhv,1888,600
sp_127.vhv,4296,1623
sp_1271.vhv,1192,425
sp_1272.vhv,6868,1925
sp_1273.vhv,7232,2013
sp_1274.vhv,13672,4161
sp_1275.vhv,10008,3216
sp_1276.vhv,6868,2312
sp_1277.vhv,3584,1179
sp_1278.vhv,10008,2757
sp_1279.vhv,1988,713
sp_128.vhv,2688,1033
sp_1280.vhv,3584,1236
sp_1281.vhv,3584,1115
sp_1282.vhv,1988,693
sp_1283.vhv,10008,3076
sp_1284.vhv,4256,1647
sp_1285.vhv,10008,3255
sp_1286.vhv,17244,4903
sp_1287.vhv,10008,3294
sp_1288.vhv,12044,2786
sp_1289.vhv,10008,3036
sp_129.vhv,2688,1022
sp_1290.vhv,3584,1231
sp_1291.vhv,6868,2715
sp_1292.vhv,6868,2077
sp_1293.vhv,6868,1991
sp_1294.vhv,16388,5238
sp_1295.vhv,10008,2851
sp_1296.vhv,16388,4505
sp_1297.vhv,10008,2640
sp_1298.vhv,10008,2575
sp_1299.vhv,17244,4479
sp_130.vhv,2688,1029
sp_1300.vhv,12044,5330
sp_1301.vhv,10008,3180
sp_1302.vhv,10008,3771
sp_1303.vhv,10008,2439
sp_1304.vhv,12044,5321
sp_1305.vhv,12044,3660
sp_1306.vhv,12044,3457
sp_1307.vhv,12044,1880
sp_1308.vhv,4256,912
sp_1309.vhv,12044,2864
sp_131.vhv,5044,1552
sp_1310.vhv,10008,2816
sp_1311.vhv,10008,3560
sp_1312.vhv,1988,694
sp_1313.vhv,17244,3666
sp_1314.vhv,17244,5331
sp_1315.vhv,10008,2918
sp_1316.vhv,10008,2700
sp_1317.vhv,4256,1414
sp_1318.vhv,16388,4901
sp_1319.vhv,7232,2013
sp_132.vhv,1216,392
sp_1320.vhv,4256,1698
sp_1321.vhv,16388,5608
sp_1322.vhv,14928,5061
sp_1323.vhv,4256,1719
sp_1324.vhv,1988,690
sp_1325.vhv,12044,2443
sp_1326.vhv,3584,1224
sp_1327.vhv,12044,2349
sp_1328.vhv,3584,1310
sp_1329.vhv,8884,2905
sp_133.vhv,5044,1599
sp_1330.vhv,6868,2580
sp_1331.vhv,10008,3095
sp_1332.vhv,6868,2235
sp_1333.vhv,13672,4835
sp_1334.vhv,16388,5484
sp_1335.vhv,4516,1642
sp_1336.vhv,7232,2304
sp_1337.vhv,13672,4627
sp_1338.vhv,13672,4950
sp_1339.vhv,7232,2169
sp_134.vhv,1216,406
sp_1340.vhv,8884,2695
sp_1341.vhv,6868,2278
sp_1342.vhv,7232,2125
sp_1343.vhv,13672,4448
sp_1344.vhv,7028,2597
sp_1345.vhv,7028,2328
sp_1346.vhv,12044,3353
sp_1347.vhv,12044,2924
sp_1348.vhv,12044,2948
sp_135.vhv,1472,590
sp_1351.vhv,4864,1696
sp_1352.vhv,4864,1411
sp_1353.vhv,944,284
sp_1354.vhv,3316,1080
sp_1355.vhv,3316,1069
sp_1356.vhv,2424,875
sp_1357.vhv,2336,937
sp_1358.vhv,2336,864
sp_1359.vhv,3316,1096
sp_136.vhv,1344,545
sp_1363.vhv,3244,524
sp_1364.vhv,2336,710
sp_1365.vhv,1308,454
sp_1366.vhv,1620,558
sp_1367.vhv,1620,473
sp_1368.vhv,1620,529
sp_1369.vhv,2016,654
sp_137.vhv,1344,553
sp_1370.vhv,1308,404
sp_1371.vhv,1308,422
sp_1376.vhv,1192,408
sp_1377.vhv,1120,358
sp_1378.vhv,1120,336
sp_1379.vhv,2688,1058
sp_138.vhv,1472,575
sp_1383.vhv,3244,219
sp_1389.vhv,3264,981
sp_139.vhv,1600,623
sp_1390.vhv,3264,888
sp_1391.vhv,3244,447
sp_1393.vhv,1120,349
sp_1394.vhv,1428,536
sp_1395.vhv,1428,494
sp_1396.vhv,1428,513
sp_1397.vhv,1428,529
sp_1398.vhv,640,127
sp_1399.vhv,640,120
sp_140.vhv,2068,824
sp_1400.vhv,13288,3386
sp_1401.vhv,1984,255
sp_1403.vhv,1984,296
sp_1404.vhv,1984,227
sp_1405.vhv,6028,861
sp_1406.vhv,1056,89
sp_1408.vhv,1972,339
sp_141.vhv,1344,530
sp_1410.vhv,3160,488
sp_1411.vhv,2888,497
sp_1412.vhv,13288,4413
sp_1413.vhv,2624,449
sp_1414.vhv,2624,398
sp_1415.vhv,2624,110
sp_1416.vhv,2848,713
sp_1417.vhv,2652,335
sp_1418.vhv,2624,652
sp_1419.vhv,2624,569
sp_142.vhv,2068,869
sp_1420.vhv,1736,533
sp_1421.vhv,1736,513
sp_1422.vhv,12896,711
sp_1423.vhv,9812,1458
sp_1424.vhv,12228,2801
sp_1425.vhv,2200,316
sp_1427.vhv,2848,771
sp_1428.vhv,4024,775
sp_1429.vhv,4312,499
sp_143.vhv,2068,794
sp_1430.vhv,6160,1627
sp_1431.vhv,1308,476
sp_1432.vhv,1308,439
sp_1433.vhv,3232,1104
sp_1434.vhv,3640,304
sp_1435.vhv,5044,1604
sp_1436.vhv,5044,1584
sp_1438.vhv,3244,699
sp_1439.vhv,1192,441
sp_144.vhv,4772,1816
sp_1440.vhv,1536,579
sp_1441.vhv,1536,561
sp_1444.vhv,3244,192
sp_1447.vhv,13288,3881
sp_1448.vhv,5512,1294
sp_1449.vhv,2692,630
sp_145.vhv,4772,1799
sp_1450.vhv,4836,1119
sp_1451.vhv,2888,283
sp_1452.vhv,8472,1275
sp_1453.vhv,1984,550
sp_1454.vhv,1056,163
sp_1455.vhv,1984,459
sp_1456.vhv,2888,790
sp_1457.vhv,1984,470
sp_1458.vhv,1984,373
sp_1459.vhv,2200,368
sp_146.vhv,6832,2338
sp_1460.vhv,2652,406
sp_1461.vhv,2624,251
sp_1462.vhv,2624,698
sp_1463.vhv,2624,740
sp_1466.vhv,2624,672
sp_147.vhv,6832,2308
sp_148.vhv,6832,2188
sp_1483.vhv,2112,703
sp_1484.vhv,3640,604
sp_1485.vhv,3640,77
sp_1486.vhv,3640,312
sp_1487.vhv,16388,5070
sp_1488.vhv,4188,1420
sp_1489.vhv,4188,1371
sp_149.vhv,3232,1252
sp_1490.vhv,4188,1478
sp_1491.vhv,3316,1177
sp_1492.vhv,3316,1101
sp_1493.vhv,1192,428
sp_1494.vhv,2752,849
sp_1495.vhv,944,304
sp_1496.vhv,944,272
sp_1497.vhv,10592,2803
sp_1498.vhv,11432,2946
sp_1499.vhv,11432,2931
sp_150.vhv,2272,751
sp_1500.vhv,11432,2869
sp_1501.vhv,11432,3385
sp_1502.vhv,5304,1670
sp_1503.vhv,12384,3905
sp_1504.vhv,5304,1618
sp_1505.vhv,12384,4229
sp_1506.vhv,5304,1566
sp_1507.vhv,12384,4132
sp_1508.vhv,11432,3062
sp_1509.vhv,11432,2500
sp_151.vhv,2272,767
sp_1510.vhv,12228,2618
sp_1511.vhv,4744,1240
sp_1513.vhv,12228,3136
sp_1514.vhv,5240,1519
sp_1515.vhv,5240,1577
sp_1516.vhv,5240,1580
sp_1517.vhv,5240,1480
sp_1518.vhv,5240,1592
sp_1519.vhv,10592,2695
sp_152.vhv,3996,1764
sp_1520.vhv,10592,3407
sp_1521.vhv,10592,3683
sp_1522.vhv,2752,927
sp_1523.vhv,5240,1521
sp_153.vhv,2068,814
sp_1534.vhv,4992,1702
sp_1535.vhv,5984,2272
sp_1537.vhv,5984,2803
sp_1538.vhv,5720,2582
sp_1539.vhv,4992,1488
sp_154.vhv,1472,510
sp_1540.vhv,5984,2830
sp_1541.vhv,5984,2839
sp_1542.vhv,4992,1769
sp_1543.vhv,5632,1771
sp_1544.vhv,5632,1769
sp_1545.vhv,5632,1503
sp_1546.vhv,5632,1487
sp_1547.vhv,5632,1750
sp_1548.vhv,5632,1670
sp_155.vhv,1472,502
sp_1550.vhv,6240,1885
sp_1551.vhv,5720,1795
sp_1552.vhv,6240,2044
sp_1553.vhv,6240,2186
sp_1554.vhv,6240,2102
sp_1555.vhv,6240,2099
sp_1556.vhv,6240,2183
sp_1557.vhv,3640,512
sp_1558.vhv,4404,1736
sp_1559.vhv,4404,1437
sp_156.vhv,1184,414
sp_1560.vhv,4404,1385
sp_1561.vhv,12228,3729
sp_1562.vhv,5632,1659
sp_1563.vhv,5632,1762
sp_1564.vhv,5632,1603
sp_1565.vhv,5720,2435
sp_157.vhv,2608,936
sp_1572.vhv,11432,3587
sp_1573.vhv,11432,3683
sp_1574.vhv,10592,3217
sp_1575.vhv,10592,3238
sp_1576.vhv,10592,2985
sp_1577.vhv,10592,3311
sp_1578.vhv,10592,3335
sp_1579.vhv,10592,3227
sp_158.vhv,2016,749
sp_1580.vhv,10592,2947
sp_1581.vhv,10592,3035
sp_1582.vhv,10592,2789
sp_1583.vhv,10592,2790
sp_1584.vhv,10592,2716
sp_1585.vhv,10592,3045
sp_1586.vhv,10592,3039
sp_1587.vhv,10592,2986
sp_1588.vhv,10592,2930
sp_1589.vhv,10592,3009
sp_159.vhv,1444,481
sp_1590.vhv,10592,2760
sp_1591.vhv,10592,3336
sp_1592.vhv,2752,988
sp_1593.vhv,2752,946
sp_1594.vhv,2752,994
sp_1595.vhv,2752,1084
sp_1596.vhv,2752,1007
sp_1597.vhv,2752,1084
sp_160.vhv,1444,454
sp_1601.vhv,5096,75
sp_1602.vhv,4224,1310
sp_1603.vhv,3560,1217
sp_1604.vhv,4224,1327
sp_1605.vhv,3560,1210
sp_1606.vhv,11732,3780
sp_1608.vhv,3068,1249
sp_1609.vhv,3068,1206
sp_161.vhv,2524,878
sp_1610.vhv,3068,1355
sp_1611.vhv,3068,1254
sp_1612.vhv,3068,1187
sp_1613.vhv,3068,1227
sp_1614.vhv,3068,1209
sp_1615.vhv,3068,1234
sp_1616.vhv,34908,12038
sp_1617.vhv,34908,10234
sp_1619.vhv,34908,9625
sp_162.vhv,1624,521
sp_1620.vhv,3068,1148
sp_1621.vhv,3068,1251
sp_1623.vhv,34908,10397
sp_1625.vhv,34908,11353
sp_1626.vhv,29160,6251
sp_1628.vhv,29160,7237
sp_1629.vhv,29160,5707
sp_163.vhv,1624,514
sp_1632.vhv,5096,75
sp_1633.vhv,5096,75
sp_1634.vhv,5096,75
sp_1635.vhv,5096,75
sp_1636.vhv,12596,3157
sp_1637.vhv,12596,3302
sp_1638.vhv,9088,2946
sp_1639.vhv,9088,2988
sp_164.vhv,1624,525
sp_1640.vhv,9088,3020
sp_1641.vhv,4696,1706
sp_1642.vhv,5056,1591
sp_1643.vhv,27148,5930
sp_1644.vhv,43500,13281
sp_1646.vhv,43500,11393
sp_1647.vhv,2752,1029
sp_1648.vhv,2752,1042
sp_1649.vhv,27148,8693
sp_165.vhv,1624,498
sp_1650.vhv,2752,995
sp_1651.vhv,2752,1015
sp_1652.vhv,7424,2332
sp_1653.vhv,7424,2191
sp_1654.vhv,7424,2194
sp_1655.vhv,7424,2402
sp_1656.vhv,4224,1400
sp_1657.vhv,7424,2383
sp_1658.vhv,7424,2299
sp_166.vhv,944,272
sp_1660.vhv,4224,1323
sp_1661.vhv,7424,2291
sp_1662.vhv,7424,2259
sp_1663.vhv,7424,2283
sp_1664.vhv,7424,2239
sp_1665.vhv,7424,2413
sp_1666.vhv,7424,2409
sp_1667.vhv,7424,2292
sp_1668.vhv,7424,2100
sp_1669.vhv,7424,2389
sp_167.vhv,944,286
sp_1670.vhv,7424,2213
sp_1671.vhv,7424,2345
sp_1672.vhv,7424,2382
sp_1673.vhv,7424,2438
sp_1674.vhv,7424,2294
sp_1675.vhv,7424,2427
sp_1676.vhv,7424,2190
sp_1677.vhv,7424,2269
sp_1678.vhv,3864,1347
sp_1679.vhv,7424,2315
sp_168.vhv,944,280
sp_1681.vhv,7424,2471
sp_1682.vhv,7424,2442
sp_1683.vhv,7424,2543
sp_1684.vhv,7424,2303
sp_1686.vhv,31356,9518
sp_1688.vhv,29664,10450
sp_169.vhv,944,284
sp_1690.vhv,26788,9305
sp_1692.vhv,29664,9638
sp_1693.vhv,2752,1048
sp_1694.vhv,2752,1000
sp_1696.vhv,11732,3241
sp_1697.vhv,11732,3261
sp_1698.vhv,11732,3810
sp_1699.vhv,11732,2984
sp_1700.vhv,11732,2893
sp_1701.vhv,11732,3310
sp_1702.vhv,11732,3543
sp_1703.vhv,11732,3468
sp_1704.vhv,27148,7840
sp_1705.vhv,41124,14868
sp_1706.vhv,34908,11812
sp_171.vhv,34908,10096
sp_1712.vhv,7424,2273
sp_1713.vhv,7424,2467
sp_1714.vhv,7424,2283
sp_1715.vhv,7424,2279
sp_1716.vhv,7424,2236
sp_1717.vhv,7424,2129
sp_1718.vhv,2752,1114
sp_1719.vhv,2752,1120
sp_172.vhv,1600,570
sp_1720.vhv,2752,1141
sp_1721.vhv,2752,1104
sp_1722.vhv,2752,1060
sp_1723.vhv,2752,1113
sp_1724.vhv,2752,989
sp_1725.vhv,2752,1014
sp_1726.vhv,2752,1019
sp_1727.vhv,2752,1008
sp_173.vhv,1600,574
sp_1730.vhv,27148,8506
sp_1731.vhv,41124,15483
sp_1733.vhv,29160,6890
sp_1734.vhv,11732,3261
sp_1736.vhv,11732,3911
sp_1737.vhv,11732,3681
sp_1738.vhv,11732,3775
sp_1739.vhv,11732,3992
sp_174.vhv,1444,507
sp_1740.vhv,2424,761
sp_1742.vhv,12596,3361
sp_1743.vhv,12596,3629
sp_1744.vhv,9088,2733
sp_1745.vhv,9088,3049
sp_1746.vhv,5056,1719
sp_1747.vhv,5056,1752
sp_1748.vhv,8848,2967
sp_1749.vhv,12228,3523
sp_175.vhv,12596,3556
sp_1750.vhv,11732,4080
sp_1751.vhv,9088,3198
sp_1752.vhv,9088,3357
sp_1753.vhv,9088,3385
sp_1755.vhv,11732,3814
sp_1756.vhv,4696,1513
sp_1757.vhv,1124,370
sp_1758.vhv,1124,359
sp_1759.vhv,1124,353
sp_176.vhv,5984,2676
sp_1760.vhv,1124,356
sp_1761.vhv,1124,378
sp_177.vhv,5984,2001
sp_1778.vhv,7424,2395
sp_1779.vhv,3560,1237
sp_178.vhv,4992,1713
sp_1780.vhv,3864,1344
sp_1781.vhv,3560,1262
sp_1784.vhv,11732,3981
sp_1785.vhv,11732,4024
sp_1786.vhv,11732,3682
sp_1787.vhv,11732,4013
sp_1788.vhv,9088,2941
sp_179.vhv,4992,1772
sp_1791.vhv,44016,15262
sp_180.vhv,1124,343
sp_1803.vhv,2324,469
sp_1804.vhv,5984,2118
sp_1805.vhv,2424,681
sp_1806.vhv,2424,621
sp_1807.vhv,2424,847
sp_1809.vhv,2424,740
sp_181.vhv,1600,552
sp_1810.vhv,11732,3979
sp_1811.vhv,11732,4144
sp_1812.vhv,11732,4246
sp_1813.vhv,5984,1910
sp_1814.vhv,5984,2757
sp_1816.vhv,5984,2504
sp_1817.vhv,35396,10773
sp_1818.vhv,35396,10234
sp_1819.vhv,29160,6304
sp_182.vhv,2964,1222
sp_1820.vhv,29160,6834
sp_1821.vhv,11732,3716
sp_1822.vhv,2424,672
sp_1823.vhv,11732,3641
sp_1824.vhv,11732,3341
sp_1825.vhv,2424,949
sp_1826.vhv,2424,684
sp_1827.vhv,11732,3828
sp_1828.vhv,5720,1801
sp_1829.vhv,5720,1992
sp_183.vhv,2964,1133
sp_1830.vhv,5720,2270
sp_1831.vhv,5720,1879
sp_1832.vhv,2752,1010
sp_1833.vhv,9088,3228
sp_1834.vhv,6600,2183
sp_1835.vhv,6900,1830
sp_1836.vhv,2868,925
sp_1837.vhv,5304,1671
sp_1838.vhv,5304,1651
sp_1839.vhv,5304,1521
sp_184.vhv,1184,374
sp_1840.vhv,5304,1680
sp_1841.vhv,5304,1851
sp_1842.vhv,5304,1727
sp_1843.vhv,2868,926
sp_1844.vhv,2908,915
sp_1845.vhv,2868,958
sp_1846.vhv,2908,995
sp_1847.vhv,2868,977
sp_1848.vhv,5304,1711
sp_1849.vhv,5304,1660
sp_185.vhv,1472,455
sp_1850.vhv,5304,1740
sp_1851.vhv,5304,1762
sp_1852.vhv,5304,1579
sp_1853.vhv,5304,1694
sp_1854.vhv,2908,912
sp_1855.vhv,2868,927
sp_1856.vhv,2908,945
sp_1857.vhv,2868,937
sp_1858.vhv,2316,761
sp_1859.vhv,7548,2178
sp_186.vhv,1600,494
sp_1860.vhv,7956,2268
sp_1861.vhv,4432,1382
sp_1862.vhv,6900,1966
sp_1863.vhv,4432,1233
sp_1867.vhv,1600,536
sp_1868.vhv,4820,1462
sp_1869.vhv,1536,582
sp_187.vhv,2004,584
sp_1870.vhv,1192,477
sp_1871.vhv,4224,1366
sp_1872.vhv,2316,875
sp_1873.vhv,4404,1022
sp_1874.vhv,4404,1102
sp_1875.vhv,4404,1364
sp_1876.vhv,2316,703
sp_1877.vhv,2316,756
sp_1878.vhv,7376,3110
sp_1879.vhv,7376,3105
sp_188.vhv,2004,624
sp_1880.vhv,7376,3115
sp_1881.vhv,7376,3124
sp_1882.vhv,2316,734
sp_1883.vhv,7376,2915
sp_1884.vhv,7376,2468
sp_1885.vhv,2316,762
sp_1886.vhv,7376,2853
sp_1887.vhv,7376,2877
sp_1888.vhv,7376,2846
sp_1889.vhv,7376,2840
sp_189.vhv,2004,631
sp_1890.vhv,7376,2860
sp_1893.vhv,2316,722
sp_1894.vhv,2316,729
sp_1895.vhv,7376,2345
sp_1896.vhv,7376,2310
sp_1897.vhv,7376,2429
sp_1898.vhv,7376,2477
sp_1899.vhv,7376,2458
sp_1900.vhv,11732,3986
sp_1901.vhv,1120,364
sp_1902.vhv,1120,360
sp_1903.vhv,1120,357
sp_1904.vhv,1120,345
sp_1905.vhv,1536,501
sp_1906.vhv,1192,362
sp_1907.vhv,1192,375
sp_1908.vhv,1192,418
sp_191.vhv,11916,1460
sp_1914.vhv,11732,3766
sp_1915.vhv,11732,3474
sp_1916.vhv,2424,755
sp_1917.vhv,6788,1839
sp_1918.vhv,7184,1934
sp_1919.vhv,7184,2304
sp_192.vhv,1972,217
sp_1920.vhv,7184,1985
sp_1921.vhv,12228,3772
sp_1923.vhv,11732,3453
sp_1924.vhv,7184,1514
sp_1925.vhv,7184,1933
sp_1926.vhv,9668,3019
sp_1927.vhv,11732,3645
sp_1928.vhv,11732,3618
sp_1929.vhv,6356,1220
sp_193.vhv,3160,410
sp_1930.vhv,2976,744
sp_1931.vhv,6356,444
sp_1932.vhv,9836,4414
sp_1933.vhv,12228,3069
sp_1934.vhv,4144,1480
sp_1935.vhv,7184,1521
sp_1936.vhv,2976,812
sp_1937.vhv,2424,635
sp_1938.vhv,4744,2128
sp_1939.vhv,4744,2212
sp_194.vhv,1600,589
sp_1940.vhv,2864,1293
sp_1941.vhv,4416,1644
sp_1942.vhv,5920,1992
sp_1943.vhv,1536,630
sp_1944.vhv,1472,596
sp_1945.vhv,4820,2045
sp_1946.vhv,5632,1841
sp_1947.vhv,5720,1944
sp_1948.vhv,11732,4366
sp_1949.vhv,11732,3699
sp_1950.vhv,7376,3247
sp_1951.vhv,7376,3175
sp_1952.vhv,7376,3080
sp_1953.vhv,7376,2965
sp_1954.vhv,2316,767
sp_1955.vhv,1472,545
sp_1956.vhv,1536,598
sp_1959.vhv,2752,1011
sp_196.vhv,1472,368
sp_1960.vhv,1136,319
sp_1961.vhv,2296,804
sp_1962.vhv,1784,661
sp_1963.vhv,1328,493
sp_1964.vhv,1768,580
sp_1965.vhv,6512,2006
sp_1966.vhv,3264,1042
sp_1967.vhv,4056,1566
sp_1968.vhv,1904,679
sp_1969.vhv,1136,319
sp_197.vhv,2004,686
sp_1970.vhv,6512,2032
sp_1971.vhv,1904,691
sp_1972.vhv,6512,1905
sp_1973.vhv,1784,649
sp_1974.vhv,1516,437
sp_1975.vhv,1552,547
sp_1976.vhv,6512,1920
sp_1977.vhv,1784,682
sp_1978.vhv,1516,448
sp_1979.vhv,1552,568
sp_198.vhv,2004,493
sp_1980.vhv,1516,431
sp_1981.vhv,5320,1769
sp_1982.vhv,1904,528
sp_1983.vhv,1516,473
sp_1984.vhv,5320,1786
sp_1985.vhv,1904,651
sp_1986.vhv,1328,471
sp_1987.vhv,5320,1927
sp_1988.vhv,3264,1121
sp_1989.vhv,5320,1736
sp_199.vhv,1444,401
sp_1990.vhv,3264,1038
sp_1991.vhv,1328,470
sp_1992.vhv,4056,1478
sp_1993.vhv,1136,318
sp_1994.vhv,1896,653
sp_1995.vhv,1328,470
sp_1996.vhv,1328,476
sp_1997.vhv,5320,1794
sp_1998.vhv,3264,1041
sp_1999.vhv,5320,1796
sp_2.vhv,3112,685
sp_200.vhv,760,186
sp_2000.vhv,3264,1057
sp_2001.vhv,1328,480
sp_2002.vhv,1768,641
sp_2003.vhv,6512,1919
sp_2004.vhv,1784,662
sp_2005.vhv,1784,596
sp_2006.vhv,5232,1387
sp_2007.vhv,1768,580
sp_2008.vhv,1168,364
sp_2009.vhv,1784,606
sp_201.vhv,760,193
sp_2010.vhv,5232,1423
sp_2011.vhv,1768,609
sp_2012.vhv,1168,371
sp_2013.vhv,1768,628
sp_2014.vhv,6512,1978
sp_2015.vhv,1784,648
sp_2016.vhv,1136,314
sp_2017.vhv,2296,861
sp_2018.vhv,1896,693
sp_2019.vhv,1328,495
sp_202.vhv,760,196
sp_2020.vhv,5320,1999
sp_2021.vhv,3264,1075
sp_2022.vhv,1328,513
sp_2023.vhv,2296,868
sp_2024.vhv,1136,335
sp_2025.vhv,1328,494
sp_2026.vhv,1136,347
sp_2027.vhv,1896,657
sp_2029.vhv,1328,472
sp_203.vhv,760,199
sp_2030.vhv,1328,439
sp_2031.vhv,1136,332
sp_2032.vhv,2296,692
sp_2033.vhv,2296,805
sp_2034.vhv,1328,466
sp_2035.vhv,1136,348
sp_2036.vhv,1904,645
sp_2037.vhv,1768,584
sp_2038.vhv,6512,1952
sp_2039.vhv,5232,1678
sp_204.vhv,760,205
sp_2040.vhv,1784,643
sp_2041.vhv,1768,622
sp_2042.vhv,1168,389
sp_2043.vhv,1328,488
sp_2044.vhv,4056,1521
sp_2045.vhv,3264,1010
sp_2046.vhv,1832,599
sp_2047.vhv,1328,458
sp_2048.vhv,1768,605
sp_2049.vhv,2296,804
sp_205.vhv,760,178
sp_2050.vhv,1904,686
sp_2051.vhv,6512,1861
sp_2052.vhv,1136,352
sp_2053.vhv,5232,1625
sp_2054.vhv,1768,579
sp_2055.vhv,1784,663
sp_2056.vhv,1904,612
sp_2057.vhv,5320,1672
sp_2058.vhv,1136,340
sp_2059.vhv,1328,428
sp_206.vhv,760,173
sp_2060.vhv,2296,750
sp_2061.vhv,3264,1037
sp_2062.vhv,1328,426
sp_2063.vhv,2296,763
sp_2064.vhv,3264,1063
sp_2065.vhv,1168,343
sp_2066.vhv,1328,433
sp_2068.vhv,1136,314
sp_2069.vhv,1784,591
sp_207.vhv,1600,637
sp_2070.vhv,6512,1628
sp_2071.vhv,1768,528
sp_2072.vhv,1904,575
sp_2073.vhv,4056,1258
sp_2074.vhv,1136,305
sp_2075.vhv,1832,542
sp_2076.vhv,1328,430
sp_2078.vhv,1136,310
sp_2079.vhv,1328,424
sp_208.vhv,760,218
sp_2080.vhv,4056,1209
sp_2081.vhv,1136,284
sp_2082.vhv,1896,609
sp_2083.vhv,2296,702
sp_2084.vhv,1768,543
sp_2085.vhv,1056,319
sp_2086.vhv,1328,434
sp_2087.vhv,1784,669
sp_2088.vhv,5320,1778
sp_2089.vhv,3264,1009
sp_209.vhv,760,216
sp_2090.vhv,1328,447
sp_2091.vhv,5232,1482
sp_2092.vhv,1516,460
sp_2093.vhv,5568,1616
sp_2094.vhv,5568,1691
sp_2095.vhv,5568,1537
sp_2096.vhv,5568,1552
sp_2097.vhv,5568,1918
sp_2098.vhv,5568,1739
sp_2099.vhv,1904,612
sp_210.vhv,760,222
sp_2100.vhv,6512,1993
sp_2101.vhv,1768,645
sp_2102.vhv,1904,622
sp_2103.vhv,1768,637
sp_2104.vhv,6512,1870
sp_2105.vhv,1784,666
sp_2106.vhv,5320,1837
sp_2107.vhv,1136,337
sp_2108.vhv,1896,618
sp_2109.vhv,1516,459
sp_211.vhv,1216,437
sp_2110.vhv,5232,1470
sp_2111.vhv,1328,487
sp_2112.vhv,1328,474
sp_2113.vhv,5232,1633
sp_2114.vhv,1516,466
sp_2115.vhv,1896,627
sp_2116.vhv,1904,669
sp_2117.vhv,6512,2189
sp_2118.vhv,3264,1132
sp_2119.vhv,6512,1926
sp_212.vhv,1984,561
sp_2120.vhv,1904,615
sp_2121.vhv,1516,422
sp_2122.vhv,1552,550
sp_2123.vhv,5232,1354
sp_2124.vhv,1768,497
sp_2125.vhv,1784,617
sp_2126.vhv,1168,363
sp_2127.vhv,1328,447
sp_2128.vhv,2296,722
sp_2129.vhv,1136,309
sp_213.vhv,4836,1029
sp_2130.vhv,1896,646
sp_2131.vhv,1904,603
sp_2132.vhv,5232,1386
sp_2133.vhv,3264,1011
sp_2134.vhv,6512,1913
sp_2135.vhv,1768,592
sp_2136.vhv,1784,649
sp_2137.vhv,1136,326
sp_2138.vhv,1904,680
sp_2139.vhv,4056,1497
sp_214.vhv,5512,875
sp_2140.vhv,1896,602
sp_2141.vhv,1784,656
sp_2142.vhv,6512,2050
sp_2143.vhv,1768,575
sp_2144.vhv,1552,548
sp_2145.vhv,1904,631
sp_2147.vhv,1516,473
sp_2148.vhv,1552,572
sp_2149.vhv,3264,1076
sp_215.vhv,2624,315
sp_2150.vhv,1328,477
sp_2151.vhv,4056,1634
sp_2152.vhv,1832,597
sp_2153.vhv,1768,552
sp_2154.vhv,2296,812
sp_2155.vhv,1328,467
sp_2156.vhv,1168,395
sp_2157.vhv,1768,622
sp_2158.vhv,1328,470
sp_2159.vhv,2296,854
sp_216.vhv,1984,271
sp_2160.vhv,1904,651
sp_2161.vhv,6512,2118
sp_2162.vhv,1136,332
sp_2163.vhv,5232,1600
sp_2164.vhv,1784,681
sp_2165.vhv,1516,466
sp_2166.vhv,4056,1557
sp_2167.vhv,1328,467
sp_2168.vhv,1516,437
sp_2169.vhv,1056,344
sp_217.vhv,1984,238
sp_2170.vhv,1904,647
sp_2171.vhv,1136,343
sp_2172.vhv,5320,1839
sp_2173.vhv,2296,740
sp_2174.vhv,1328,473
sp_2175.vhv,3264,961
sp_2176.vhv,1136,344
sp_2177.vhv,2296,824
sp_2178.vhv,1328,460
sp_2179.vhv,1768,583
sp_218.vhv,12896,1169
sp_2180.vhv,2296,749
sp_2181.vhv,1328,439
sp_2182.vhv,1168,369
sp_2183.vhv,1328,445
sp_2184.vhv,6512,1670
sp_2185.vhv,3264,970
sp_2186.vhv,1896,658
sp_2187.vhv,1328,391
sp_2188.vhv,5320,1540
sp_2189.vhv,1904,621
sp_219.vhv,2848,663
sp_2190.vhv,5320,1854
sp_2191.vhv,1516,476
sp_2192.vhv,1552,589
sp_2193.vhv,1904,622
sp_2194.vhv,5320,1692
sp_2195.vhv,1516,443
sp_2196.vhv,5320,1700
sp_2197.vhv,1784,640
sp_2198.vhv,1136,316
sp_2199.vhv,1896,642
sp_220.vhv,5512,957
sp_2200.vhv,1328,459
sp_2201.vhv,4056,1471
sp_2202.vhv,3264,1005
sp_2203.vhv,1832,577
sp_2204.vhv,1328,460
sp_2205.vhv,2296,713
sp_2206.vhv,1768,587
sp_2207.vhv,1056,309
sp_2208.vhv,1904,606
sp_2209.vhv,6512,1748
sp_221.vhv,1984,182
sp_2210.vhv,1516,423
sp_2211.vhv,1552,496
sp_2212.vhv,1328,404
sp_2213.vhv,2296,751
sp_2214.vhv,1136,308
sp_2215.vhv,5232,1625
sp_2216.vhv,1328,488
sp_2217.vhv,1516,446
sp_2218.vhv,1552,541
sp_2219.vhv,1904,694
sp_222.vhv,1984,222
sp_2220.vhv,5320,1968
sp_2221.vhv,3264,1147
sp_2222.vhv,1832,613
sp_2224.vhv,1784,632
sp_2225.vhv,1768,638
sp_2226.vhv,1168,399
sp_2228.vhv,1516,466
sp_2229.vhv,1904,610
sp_223.vhv,1056,43
sp_2230.vhv,1552,565
sp_2231.vhv,2296,783
sp_2232.vhv,1768,600
sp_2233.vhv,1328,469
sp_2234.vhv,1056,321
sp_2235.vhv,5232,1496
sp_2236.vhv,1516,432
sp_2237.vhv,1784,641
sp_2238.vhv,6512,1991
sp_2239.vhv,1904,645
sp_224.vhv,8472,85
sp_2240.vhv,1784,669
sp_2241.vhv,5320,2033
sp_2242.vhv,1136,341
sp_2243.vhv,1896,627
sp_2244.vhv,4056,1613
sp_2245.vhv,3264,1098
sp_2246.vhv,1832,564
sp_2247.vhv,1328,478
sp_2248.vhv,1904,722
sp_2249.vhv,6512,2047
sp_2250.vhv,1136,353
sp_2251.vhv,2296,874
sp_2252.vhv,1768,589
sp_2253.vhv,1056,336
sp_2254.vhv,1328,483
sp_2255.vhv,1904,652
sp_2256.vhv,6512,2066
sp_2257.vhv,1136,349
sp_2258.vhv,1328,471
sp_2259.vhv,2296,791
sp_2260.vhv,1768,599
sp_2261.vhv,1552,579
sp_2262.vhv,1328,470
sp_2263.vhv,1768,554
sp_2264.vhv,1056,321
sp_2265.vhv,2296,809
sp_2266.vhv,5320,1861
sp_2267.vhv,1904,600
sp_2268.vhv,3264,1055
sp_2269.vhv,1832,602
sp_2270.vhv,5320,1893
sp_2271.vhv,3264,1004
sp_2272.vhv,1832,596
sp_2273.vhv,1904,603
sp_2274.vhv,1784,655
sp_2275.vhv,5232,1505
sp_2276.vhv,1516,448
sp_2277.vhv,1904,611
sp_2278.vhv,6512,1776
sp_2279.vhv,1136,295
sp_228.vhv,2848,55
sp_2280.vhv,1784,630
sp_2281.vhv,6512,1835
sp_2282.vhv,1768,564
sp_2283.vhv,5320,1959
sp_2284.vhv,1328,493
sp_2285.vhv,3264,1126
sp_2286.vhv,1328,498
sp_2287.vhv,5320,2027
sp_2288.vhv,3264,1130
sp_2289.vhv,2296,852
sp_229.vhv,4724,81
sp_2290.vhv,1136,335
sp_2291.vhv,1328,484
sp_2292.vhv,5232,1763
sp_2293.vhv,1784,691
sp_2294.vhv,1768,616
sp_2295.vhv,5232,1731
sp_2296.vhv,1784,689
sp_2297.vhv,1768,636
sp_2299.vhv,1784,636
sp_2300.vhv,1768,638
sp_2301.vhv,1552,573
sp_2302.vhv,1784,595
sp_2303.vhv,5232,1396
sp_2304.vhv,1516,447
sp_2306.vhv,1328,433
sp_2307.vhv,1784,687
sp_2308.vhv,5320,1820
sp_2309.vhv,1136,330
sp_231.vhv,2984,323
sp_2310.vhv,1896,632
sp_2311.vhv,1432,458
sp_2312.vhv,960,278
sp_2313.vhv,960,262
sp_2314.vhv,1432,487
sp_2315.vhv,960,266
sp_2316.vhv,960,276
sp_2320.vhv,2976,925
sp_2321.vhv,2976,871
sp_2324.vhv,2976,901
sp_2325.vhv,2976,892
sp_2326.vhv,1248,380
sp_2327.vhv,1248,355
sp_2328.vhv,6832,1748
sp_2329.vhv,4772,1328
sp_233.vhv,7584,760
sp_2330.vhv,6832,1775
sp_2331.vhv,4772,1317
sp_2332.vhv,6832,1762
sp_2333.vhv,6832,1773
sp_2334.vhv,6832,1710
sp_2335.vhv,1280,404
sp_2336.vhv,1024,318
sp_2337.vhv,1280,421
sp_2338.vhv,1184,404
sp_2339.vhv,1024,338
sp_234.vhv,2984,305
sp_2340.vhv,1248,367
sp_2341.vhv,1560,515
sp_2342.vhv,1560,397
sp_2343.vhv,1560,558
sp_2344.vhv,1560,506
sp_2345.vhv,1560,493
sp_2346.vhv,2708,634
sp_2347.vhv,2708,466
sp_2348.vhv,2708,526
sp_2349.vhv,2708,517
sp_236.vhv,2984,192
sp_2366.vhv,2424,587
sp_2374.vhv,12808,4114
sp_2375.vhv,2424,835
sp_2376.vhv,2424,649
sp_2377.vhv,2424,697
sp_2378.vhv,2424,699
sp_2379.vhv,2424,818
sp_238.vhv,2984,166
sp_2380.vhv,29160,5323
sp_2382.vhv,6272,2055
sp_2383.vhv,12808,3565
sp_2384.vhv,12808,4472
sp_2385.vhv,2968,1053
sp_2386.vhv,6272,2205
sp_2387.vhv,12808,3947
sp_2388.vhv,15168,4633
sp_2389.vhv,1168,380
sp_239.vhv,1280,447
sp_2390.vhv,1832,559
sp_2391.vhv,12808,4059
sp_2392.vhv,1516,467
sp_2393.vhv,5232,1509
sp_2394.vhv,1784,654
sp_2395.vhv,1136,321
sp_2396.vhv,1832,561
sp_2397.vhv,4056,1435
sp_2398.vhv,1784,622
sp_2399.vhv,1768,647
sp_240.vhv,1280,456
sp_2400.vhv,4056,1236
sp_2401.vhv,1904,506
sp_2402.vhv,1136,312
sp_2403.vhv,1896,632
sp_2404.vhv,5232,1396
sp_2405.vhv,1768,607
sp_2406.vhv,1784,566
sp_2407.vhv,1136,316
sp_2408.vhv,2296,782
sp_2409.vhv,1328,443
sp_241.vhv,2964,1246
sp_2410.vhv,1784,645
sp_2411.vhv,5232,1439
sp_2412.vhv,1768,535
sp_2413.vhv,1168,376
sp_2414.vhv,1784,647
sp_2415.vhv,5232,1446
sp_2416.vhv,1516,446
sp_2417.vhv,6512,1823
sp_2418.vhv,1136,288
sp_2419.vhv,1904,578
sp_242.vhv,1444,531
sp_2420.vhv,1896,592
sp_2421.vhv,1904,635
sp_2422.vhv,4056,1545
sp_2423.vhv,1136,319
sp_2424.vhv,1056,322
sp_2425.vhv,1168,397
sp_2426.vhv,6272,2316
sp_2427.vhv,6512,2028
sp_2428.vhv,1904,638
sp_2429.vhv,1136,348
sp_243.vhv,9168,1371
sp_2430.vhv,1328,468
sp_2431.vhv,2296,847
sp_2432.vhv,1768,599
sp_2433.vhv,1552,561
sp_2434.vhv,1328,491
sp_2435.vhv,2296,817
sp_2436.vhv,1768,616
sp_2437.vhv,1056,359
sp_2438.vhv,4056,1570
sp_2439.vhv,1904,638
sp_244.vhv,2272,823
sp_2440.vhv,1136,353
sp_2441.vhv,1896,642
sp_2442.vhv,2296,831
sp_2443.vhv,1136,353
sp_2444.vhv,1328,457
sp_2446.vhv,1328,474
sp_2447.vhv,1768,618
sp_2448.vhv,1552,551
sp_2449.vhv,2296,808
sp_245.vhv,4820,1652
sp_2450.vhv,3264,1138
sp_2451.vhv,1328,467
sp_2452.vhv,1136,333
sp_2453.vhv,5320,1712
sp_2454.vhv,1904,613
sp_2455.vhv,2296,801
sp_2456.vhv,3264,1059
sp_2457.vhv,1328,463
sp_2458.vhv,1168,372
sp_2459.vhv,1784,622
sp_246.vhv,6312,261
sp_2460.vhv,6512,2012
sp_2461.vhv,1768,626
sp_2462.vhv,1552,583
sp_2463.vhv,1136,351
sp_2464.vhv,1896,680
sp_2465.vhv,4056,1692
sp_2466.vhv,1904,644
sp_2467.vhv,6512,2070
sp_2468.vhv,1904,639
sp_2469.vhv,1136,364
sp_247.vhv,4864,217
sp_2470.vhv,1784,614
sp_2471.vhv,5232,1398
sp_2472.vhv,1516,443
sp_2473.vhv,1328,429
sp_2474.vhv,2296,728
sp_2475.vhv,1768,562
sp_2476.vhv,1056,316
sp_2477.vhv,1328,448
sp_2478.vhv,1136,286
sp_2479.vhv,1896,605
sp_248.vhv,4864,255
sp_2480.vhv,4056,1393
sp_2481.vhv,1136,282
sp_2483.vhv,1328,444
sp_2484.vhv,1516,446
sp_2485.vhv,6512,1694
sp_2486.vhv,1904,559
sp_2487.vhv,1552,562
sp_2488.vhv,3264,1043
sp_2489.vhv,1328,477
sp_249.vhv,2808,1117
sp_2490.vhv,5320,1817
sp_2491.vhv,1328,470
sp_2492.vhv,1136,327
sp_2493.vhv,1896,683
sp_2494.vhv,4056,1510
sp_2495.vhv,1768,584
sp_2496.vhv,2296,778
sp_2497.vhv,1328,442
sp_2498.vhv,1168,405
sp_2499.vhv,5232,1674
sp_250.vhv,1624,559
sp_2500.vhv,1328,506
sp_2501.vhv,1516,463
sp_2502.vhv,1552,576
sp_2503.vhv,1328,457
sp_2504.vhv,1136,348
sp_2505.vhv,1896,662
sp_2506.vhv,4056,1391
sp_2507.vhv,3264,1059
sp_2508.vhv,1328,474
sp_2509.vhv,5320,1919
sp_251.vhv,1624,545
sp_2510.vhv,1784,648
sp_2511.vhv,5232,1539
sp_2512.vhv,1516,436
sp_2513.vhv,6512,1889
sp_2514.vhv,1136,311
sp_2515.vhv,1904,528
sp_2516.vhv,1904,611
sp_2517.vhv,5320,1770
sp_2518.vhv,1516,435
sp_2519.vhv,6512,1935
sp_252.vhv,1624,525
sp_2520.vhv,1136,338
sp_2521.vhv,1904,587
sp_2522.vhv,1328,444
sp_2523.vhv,2296,805
sp_2524.vhv,1768,590
sp_2525.vhv,1552,556
sp_2526.vhv,4056,1497
sp_2527.vhv,1904,585
sp_2528.vhv,1136,338
sp_2529.vhv,1832,607
sp_253.vhv,1624,604
sp_2530.vhv,4056,1469
sp_2531.vhv,1904,601
sp_2532.vhv,1136,322
sp_2533.vhv,1832,588
sp_2534.vhv,1768,553
sp_2535.vhv,6512,1902
sp_2536.vhv,1904,612
sp_2537.vhv,3264,1076
sp_2538.vhv,1328,458
sp_2539.vhv,5320,1953
sp_254.vhv,1624,649
sp_2540.vhv,1904,656
sp_2542.vhv,1516,407
sp_2543.vhv,1552,574
sp_2544.vhv,1136,338
sp_2545.vhv,1328,499
sp_2546.vhv,2296,864
sp_2547.vhv,1768,597
sp_2548.vhv,1552,581
sp_2549.vhv,1904,699
sp_255.vhv,1624,648
sp_2551.vhv,1516,479
sp_2552.vhv,1552,555
sp_2553.vhv,1784,701
sp_2554.vhv,5232,1629
sp_2555.vhv,1768,615
sp_2556.vhv,1168,371
sp_2557.vhv,1784,655
sp_2558.vhv,1516,460
sp_2559.vhv,5320,1982
sp_256.vhv,1624,636
sp_2560.vhv,1904,619
sp_2561.vhv,1136,324
sp_2562.vhv,5320,1676
sp_2563.vhv,5320,2133
sp_2564.vhv,1784,695
sp_2565.vhv,1136,345
sp_2566.vhv,1896,693
sp_2567.vhv,1328,437
sp_2568.vhv,1768,570
sp_2569.vhv,1552,570
sp_257.vhv,1624,631
sp_2570.vhv,4056,1358
sp_2571.vhv,5320,1593
sp_2572.vhv,1784,588
sp_2573.vhv,3264,925
sp_2574.vhv,1056,309
sp_2575.vhv,1328,477
sp_2576.vhv,2296,712
sp_2577.vhv,1136,310
sp_2578.vhv,1896,626
sp_2579.vhv,1516,413
sp_258.vhv,1624,670
sp_2580.vhv,6512,1685
sp_2581.vhv,1904,601
sp_2582.vhv,1552,536
sp_2583.vhv,1784,613
sp_2584.vhv,5232,1412
sp_2585.vhv,1768,565
sp_2586.vhv,1168,396
sp_2587.vhv,1136,344
sp_2589.vhv,1328,465
sp_259.vhv,1624,632
sp_2590.vhv,1896,645
sp_2591.vhv,3264,993
sp_2592.vhv,5320,1788
sp_2593.vhv,1784,639
sp_2594.vhv,3264,967
sp_2595.vhv,5320,1866
sp_2596.vhv,1784,648
sp_2597.vhv,12808,3950
sp_2598.vhv,2968,1057
sp_2599.vhv,6272,2116
sp_260.vhv,1624,644
sp_2601.vhv,1784,561
sp_2602.vhv,5232,1399
sp_2603.vhv,1768,567
sp_2604.vhv,1168,374
sp_2605.vhv,5568,1696
sp_2606.vhv,5568,1723
sp_2607.vhv,5568,1821
sp_2608.vhv,1904,594
sp_2609.vhv,1136,336
sp_261.vhv,4772,1733
sp_2610.vhv,5320,1604
sp_2611.vhv,1328,472
sp_2612.vhv,1768,603
sp_2613.vhv,1056,333
sp_2614.vhv,4056,1505
sp_2615.vhv,2296,710
sp_2616.vhv,1136,328
sp_2617.vhv,1328,418
sp_2618.vhv,5232,1621
sp_2619.vhv,1768,645
sp_262.vhv,5708,1961
sp_2620.vhv,1784,653
sp_2621.vhv,5568,1647
sp_2622.vhv,5568,1699
sp_2623.vhv,5568,1692
sp_2624.vhv,5568,1678
sp_2625.vhv,5568,1625
sp_2626.vhv,5568,1656
sp_2627.vhv,5568,1679
sp_2628.vhv,5568,1601
sp_2629.vhv,5568,1601
sp_263.vhv,5708,1844
sp_2630.vhv,5320,1633
sp_2631.vhv,1784,579
sp_2632.vhv,3264,977
sp_2633.vhv,1056,320
sp_2635.vhv,5568,1634
sp_2636.vhv,5568,1723
sp_2637.vhv,5568,1641
sp_2638.vhv,5568,1706
sp_2639.vhv,5568,1638
sp_264.vhv,5708,1869
sp_2640.vhv,5568,1939
sp_2642.vhv,1136,333
sp_2644.vhv,1328,471
sp_2645.vhv,1168,390
sp_2646.vhv,2424,947
sp_2647.vhv,2424,830
sp_2648.vhv,2424,749
sp_2649.vhv,2424,880
sp_265.vhv,5708,1850
sp_2650.vhv,2424,653
sp_2651.vhv,2424,671
sp_2652.vhv,2424,664
sp_2653.vhv,2424,836
sp_2654.vhv,2424,616
sp_2655.vhv,2424,660
sp_2656.vhv,2424,662
sp_2657.vhv,2424,698
sp_2658.vhv,6272,2462
sp_2659.vhv,2424,877
sp_266.vhv,4772,1649
sp_2660.vhv,1328,463
sp_2661.vhv,5568,1785
sp_2664.vhv,2424,696
sp_2666.vhv,11360,4006
sp_2667.vhv,4512,1134
sp_2668.vhv,4512,1288
sp_2669.vhv,4512,1256
sp_267.vhv,2272,731
sp_2670.vhv,6204,1566
sp_2671.vhv,6204,1715
sp_2672.vhv,6204,1641
sp_2673.vhv,6204,1846
sp_2674.vhv,4512,1408
sp_268.vhv,2292,1032
sp_269.vhv,5708,2233
sp_270.vhv,5708,2038
sp_271.vhv,5708,2039
sp_2719.vhv,6204,2043
sp_272.vhv,1620,628
sp_2720.vhv,4512,1452
sp_2721.vhv,6204,2142
sp_2722.vhv,6204,1919
sp_2723.vhv,4512,1442
sp_2724.vhv,4512,1466
sp_273.vhv,1620,638
sp_274.vhv,1428,565
sp_275.vhv,1620,630
sp_2754.vhv,4512,1251
sp_2755.vhv,4512,1196
sp_2756.vhv,6204,1663
sp_2757.vhv,6204,1705
sp_2758.vhv,4512,1089
sp_2759.vhv,6204,1743
sp_276.vhv,1428,503
sp_2760.vhv,6204,1667
sp_2761.vhv,2512,708
sp_2762.vhv,2512,658
sp_2763.vhv,2512,704
sp_2764.vhv,2512,684
sp_2765.vhv,6204,1709
sp_2766.vhv,6204,1799
sp_2767.vhv,6204,1788
sp_2768.vhv,2512,690
sp_2769.vhv,2512,712
sp_277.vhv,2692,499
sp_2770.vhv,6204,1732
sp_2771.vhv,6204,1776
sp_2772.vhv,2512,671
sp_2773.vhv,6204,1850
sp_2774.vhv,2512,697
sp_2775.vhv,6204,1827
sp_2776.vhv,4512,1221
sp_2777.vhv,6204,1810
sp_2778.vhv,4512,1135
sp_2779.vhv,6204,1652
sp_2780.vhv,6204,1754
sp_2781.vhv,6204,1945
sp_2782.vhv,6204,1606
sp_2783.vhv,6204,1773
sp_2784.vhv,6204,1577
sp_2785.vhv,6204,1707
sp_2786.vhv,4512,1237
sp_2787.vhv,4512,1213
sp_2788.vhv,4512,1142
sp_2789.vhv,4512,1107
sp_279.vhv,5044,1761
sp_2790.vhv,4512,1098
sp_2791.vhv,5568,1669
sp_2792.vhv,4512,1111
sp_2793.vhv,5376,1813
sp_2794.vhv,5376,1796
sp_2795.vhv,3088,1053
sp_2796.vhv,5376,1872
sp_2797.vhv,5376,1906
sp_2798.vhv,5376,1863
sp_2799.vhv,5376,1857
sp_280.vhv,4836,1164
sp_2800.vhv,5376,1843
sp_2801.vhv,5376,1744
sp_2802.vhv,3088,1086
sp_2803.vhv,5376,1877
sp_2804.vhv,5376,2112
sp_2805.vhv,5376,1906
sp_2806.vhv,5376,2037
sp_2807.vhv,3088,1159
sp_2808.vhv,1944,742
sp_2809.vhv,5376,1990
sp_281.vhv,2000,468
sp_2810.vhv,5376,1917
sp_2811.vhv,3088,1190
sp_2812.vhv,5376,1972
sp_2813.vhv,5376,1762
sp_2814.vhv,3088,1246
sp_2815.vhv,1944,740
sp_2816.vhv,5376,1959
sp_2817.vhv,5376,2081
sp_2818.vhv,3088,1266
sp_2819.vhv,3088,1154
sp_282.vhv,3092,537
sp_2820.vhv,5376,1726
sp_2821.vhv,5376,1777
sp_2822.vhv,1944,739
sp_2823.vhv,3088,1227
sp_2824.vhv,3088,1262
sp_2825.vhv,3088,1161
sp_2826.vhv,3088,1254
sp_2827.vhv,5376,2019
sp_2828.vhv,5376,1826
sp_2829.vhv,5376,1976
sp_283.vhv,1056,43
sp_2830.vhv,3088,1221
sp_2831.vhv,5376,2086
sp_2832.vhv,5376,2117
sp_2833.vhv,3088,1303
sp_2834.vhv,5376,1647
sp_2835.vhv,5376,1704
sp_2836.vhv,5376,1604
sp_2837.vhv,1944,666
sp_2838.vhv,5376,1659
sp_2839.vhv,5376,1682
sp_284.vhv,6028,381
sp_2840.vhv,7028,1808
sp_2841.vhv,7028,1718
sp_2843.vhv,5376,1581
sp_2844.vhv,1944,677
sp_2845.vhv,944,295
sp_2846.vhv,2556,800
sp_2847.vhv,944,284
sp_2848.vhv,944,271
sp_2849.vhv,944,234
sp_285.vhv,2200,487
sp_2850.vhv,944,247
sp_2851.vhv,944,195
sp_2852.vhv,944,255
sp_2853.vhv,944,259
sp_2854.vhv,944,275
sp_2855.vhv,944,276
sp_2856.vhv,944,295
sp_2857.vhv,944,296
sp_2858.vhv,944,282
sp_2859.vhv,2556,768
sp_286.vhv,12896,2373
sp_2860.vhv,944,314
sp_2861.vhv,944,290
sp_2862.vhv,944,274
sp_2863.vhv,1056,320
sp_2864.vhv,1056,334
sp_2865.vhv,1056,337
sp_2866.vhv,1016,306
sp_2867.vhv,980,278
sp_2868.vhv,1016,314
sp_2869.vhv,860,245
sp_287.vhv,2652,686
sp_2870.vhv,1056,323
sp_2871.vhv,1016,322
sp_2872.vhv,980,255
sp_2873.vhv,1056,379
sp_2874.vhv,860,253
sp_2875.vhv,804,231
sp_2876.vhv,980,314
sp_2877.vhv,980,321
sp_2878.vhv,860,276
sp_2879.vhv,1056,408
sp_288.vhv,3092,662
sp_2880.vhv,1016,350
sp_2881.vhv,860,261
sp_2882.vhv,804,222
sp_2883.vhv,980,289
sp_2884.vhv,860,248
sp_2885.vhv,1056,333
sp_2886.vhv,1016,299
sp_2887.vhv,1056,318
sp_2888.vhv,980,280
sp_2889.vhv,1056,320
sp_289.vhv,13288,3809
sp_2890.vhv,804,211
sp_2891.vhv,980,278
sp_2892.vhv,860,246
sp_2893.vhv,980,280
sp_2894.vhv,1056,324
sp_2895.vhv,1016,298
sp_2896.vhv,860,257
sp_2897.vhv,1056,333
sp_2898.vhv,1016,299
sp_2899.vhv,980,261
sp_290.vhv,11732,4920
sp_2900.vhv,980,235
sp_2901.vhv,980,300
sp_2902.vhv,1056,331
sp_2903.vhv,804,223
sp_2904.vhv,1016,341
sp_2905.vhv,1056,256
sp_2906.vhv,1056,334
sp_2907.vhv,1016,275
sp_2908.vhv,980,279
sp_2909.vhv,1056,360
sp_291.vhv,11732,4353
sp_2910.vhv,1056,340
sp_2911.vhv,804,219
sp_2912.vhv,980,288
sp_2913.vhv,1056,353
sp_2914.vhv,1056,348
sp_2915.vhv,1056,346
sp_2916.vhv,980,314
sp_2917.vhv,804,229
sp_2918.vhv,804,220
sp_2919.vhv,1056,361
sp_292.vhv,5552,2074
sp_2920.vhv,980,312
sp_2921.vhv,860,256
sp_2922.vhv,1056,339
sp_2923.vhv,804,239
sp_2924.vhv,1056,333
sp_2925.vhv,1016,287
sp_2926.vhv,980,285
sp_2927.vhv,860,255
sp_2928.vhv,980,296
sp_2929.vhv,980,310
sp_293.vhv,1976,725
sp_2930.vhv,1056,329
sp_2931.vhv,980,278
sp_2932.vhv,1016,324
sp_2933.vhv,804,229
sp_2934.vhv,804,230
sp_2935.vhv,980,278
sp_2936.vhv,1056,357
sp_2937.vhv,1056,342
sp_2938.vhv,1016,334
sp_2939.vhv,804,235
sp_2940.vhv,1056,332
sp_2941.vhv,980,285
sp_2942.vhv,860,265
sp_2943.vhv,1056,357
sp_2944.vhv,1016,324
sp_2945.vhv,980,295
sp_2946.vhv,860,264
sp_2947.vhv,804,223
sp_2948.vhv,980,278
sp_2949.vhv,1016,295
sp_2950.vhv,1016,314
sp_2951.vhv,1056,339
sp_2952.vhv,1016,313
sp_2953.vhv,980,287
sp_2954.vhv,980,283
sp_2955.vhv,1016,309
sp_2956.vhv,1056,348
sp_2957.vhv,980,282
sp_2958.vhv,980,232
sp_2959.vhv,1016,319
sp_2960.vhv,804,231
sp_2961.vhv,1056,373
sp_2962.vhv,1016,275
sp_2963.vhv,1056,307
sp_2964.vhv,1056,335
sp_2965.vhv,1016,283
sp_2966.vhv,1016,308
sp_2967.vhv,1056,338
sp_2968.vhv,1016,320
sp_2969.vhv,1056,345
sp_297.vhv,1972,153
sp_2970.vhv,1056,352
sp_2971.vhv,1056,351
sp_2972.vhv,980,291
sp_2973.vhv,1056,347
sp_2974.vhv,1056,331
sp_2975.vhv,1056,331
sp_2976.vhv,1016,290
sp_2977.vhv,1056,356
sp_2978.vhv,804,232
sp_2979.vhv,860,243
sp_298.vhv,2160,759
sp_2980.vhv,1056,365
sp_2981.vhv,1016,344
sp_2982.vhv,1016,314
sp_2983.vhv,1056,361
sp_2984.vhv,980,276
sp_2985.vhv,1056,353
sp_2986.vhv,1056,366
sp_2987.vhv,1016,327
sp_2988.vhv,1056,363
sp_2989.vhv,860,256
sp_299.vhv,1976,633
sp_2990.vhv,1056,348
sp_2991.vhv,1016,305
sp_2992.vhv,980,287
sp_2993.vhv,804,234
sp_2994.vhv,1056,352
sp_2995.vhv,980,298
sp_2996.vhv,804,219
sp_2997.vhv,1056,323
sp_2998.vhv,980,284
sp_2999.vhv,1016,327
sp_3.vhv,3112,670
sp_3000.vhv,804,219
sp_3001.vhv,1056,352
sp_3002.vhv,1016,324
sp_3003.vhv,1016,286
sp_3004.vhv,1056,343
sp_3005.vhv,1056,321
sp_3006.vhv,1016,319
sp_3007.vhv,980,273
sp_3008.vhv,1016,323
sp_3009.vhv,860,256
sp_301.vhv,2888,614
sp_3010.vhv,804,238
sp_3011.vhv,1056,324
sp_3012.vhv,804,238
sp_3013.vhv,1056,338
sp_3014.vhv,1056,336
sp_3015.vhv,1056,358
sp_3016.vhv,1016,327
sp_3017.vhv,1056,242
sp_3018.vhv,1016,244
sp_3019.vhv,980,213
sp_3020.vhv,804,233
sp_3021.vhv,1016,309
sp_3022.vhv,804,209
sp_3023.vhv,980,272
sp_3024.vhv,860,247
sp_3025.vhv,804,198
sp_3026.vhv,980,290
sp_3027.vhv,860,261
sp_3028.vhv,860,252
sp_3029.vhv,804,190
sp_303.vhv,2652,396
sp_3030.vhv,1056,297
sp_3031.vhv,1016,321
sp_3032.vhv,860,245
sp_3033.vhv,1056,347
sp_3034.vhv,1056,334
sp_3035.vhv,1056,320
sp_3036.vhv,804,218
sp_3037.vhv,860,249
sp_3038.vhv,1056,330
sp_3039.vhv,1056,276
sp_3040.vhv,804,224
sp_3041.vhv,1056,315
sp_3042.vhv,860,261
sp_3043.vhv,1056,337
sp_3044.vhv,1016,320
sp_3045.vhv,1016,321
sp_3046.vhv,1016,318
sp_3047.vhv,860,246
sp_3048.vhv,1056,351
sp_3049.vhv,1056,372
sp_3050.vhv,1016,334
sp_3051.vhv,1056,355
sp_3052.vhv,980,328
sp_3053.vhv,804,217
sp_3054.vhv,1056,341
sp_3055.vhv,1016,335
sp_3056.vhv,1016,338
sp_3057.vhv,804,238
sp_3058.vhv,804,240
sp_3059.vhv,1056,305
sp_306.vhv,7368,1733
sp_3060.vhv,1016,286
sp_3061.vhv,804,206
sp_3062.vhv,1056,341
sp_3063.vhv,804,202
sp_3064.vhv,1056,317
sp_3065.vhv,980,285
sp_3066.vhv,980,273
sp_3067.vhv,1056,311
sp_3068.vhv,804,206
sp_3069.vhv,980,236
sp_3070.vhv,1056,313
sp_3071.vhv,1016,294
sp_3072.vhv,804,219
sp_3073.vhv,1056,297
sp_3074.vhv,1056,374
sp_3075.vhv,1016,297
sp_3076.vhv,980,232
sp_3077.vhv,980,260
sp_3078.vhv,860,228
sp_3079.vhv,1056,293
sp_308.vhv,2848,973
sp_3080.vhv,1016,257
sp_3081.vhv,980,161
sp_3082.vhv,1016,278
sp_3083.vhv,1056,284
sp_3084.vhv,980,250
sp_3085.vhv,1056,326
sp_3086.vhv,1056,303
sp_3087.vhv,1016,313
sp_3088.vhv,804,210
sp_3089.vhv,1056,306
sp_309.vhv,2848,777
sp_3090.vhv,1016,309
sp_3091.vhv,1056,343
sp_3092.vhv,1056,312
sp_3093.vhv,1056,316
sp_3094.vhv,804,217
sp_3095.vhv,980,274
sp_3096.vhv,1016,302
sp_3097.vhv,1016,325
sp_3098.vhv,1056,315
sp_3099.vhv,1016,299
sp_310.vhv,1600,614
sp_3100.vhv,804,233
sp_3101.vhv,1016,317
sp_3102.vhv,1016,312
sp_3103.vhv,860,255
sp_3104.vhv,980,304
sp_3105.vhv,1056,357
sp_3106.vhv,1016,313
sp_3107.vhv,804,235
sp_3108.vhv,1056,372
sp_3109.vhv,1016,319
sp_311.vhv,1216,458
sp_3110.vhv,804,222
sp_3111.vhv,1016,305
sp_3112.vhv,1056,299
sp_3113.vhv,1056,351
sp_3114.vhv,1016,314
sp_3115.vhv,804,233
sp_3116.vhv,1056,383
sp_3117.vhv,804,229
sp_3118.vhv,1016,311
sp_3119.vhv,1056,333
sp_312.vhv,1216,446
sp_3120.vhv,1016,289
sp_3121.vhv,1056,342
sp_3122.vhv,1016,321
sp_3123.vhv,980,277
sp_3124.vhv,1016,333
sp_3125.vhv,1056,349
sp_3126.vhv,980,273
sp_3127.vhv,1016,306
sp_3128.vhv,1056,329
sp_3129.vhv,1016,305
sp_313.vhv,1884,729
sp_3130.vhv,804,224
sp_3131.vhv,1056,351
sp_3132.vhv,1056,344
sp_3133.vhv,804,233
sp_3134.vhv,1016,309
sp_3135.vhv,1016,309
sp_3136.vhv,1136,287
sp_3137.vhv,2424,754
sp_3138.vhv,2424,630
sp_3139.vhv,2424,774
sp_314.vhv,2964,1126
sp_3140.vhv,1016,363
sp_3141.vhv,804,232
sp_3142.vhv,1056,414
sp_3143.vhv,1056,382
sp_3144.vhv,860,268
sp_3145.vhv,1056,373
sp_3146.vhv,1056,377
sp_3147.vhv,1016,363
sp_3148.vhv,804,241
sp_3149.vhv,1136,380
sp_315.vhv,1216,423
sp_3150.vhv,5232,1786
sp_3151.vhv,1784,562
sp_3152.vhv,1832,647
sp_3154.vhv,5568,1997
sp_3155.vhv,5376,2060
sp_3156.vhv,5376,1913
sp_3157.vhv,1056,342
sp_3158.vhv,804,250
sp_3159.vhv,860,263
sp_3160.vhv,804,250
sp_3161.vhv,1056,389
sp_3162.vhv,804,233
sp_3163.vhv,2424,585
sp_3164.vhv,2424,776
sp_3165.vhv,1768,582
sp_3166.vhv,6512,1918
sp_3167.vhv,1904,599
sp_3168.vhv,3264,1073
sp_3169.vhv,1328,472
sp_3170.vhv,5320,1764
sp_3171.vhv,1056,375
sp_3172.vhv,804,241
sp_3173.vhv,980,337
sp_3174.vhv,1056,329
sp_3175.vhv,1056,332
sp_3176.vhv,804,218
sp_3177.vhv,1056,361
sp_3178.vhv,1056,344
sp_3179.vhv,5376,1985
sp_318.vhv,3128,1037
sp_3180.vhv,3088,1254
sp_3182.vhv,804,221
sp_3183.vhv,1056,365
sp_3184.vhv,804,248
sp_3185.vhv,1056,333
sp_3186.vhv,804,215
sp_3187.vhv,804,229
sp_3188.vhv,804,213
sp_3189.vhv,1056,338
sp_3190.vhv,1056,374
sp_3191.vhv,1056,364
sp_3193.vhv,5568,2094
sp_3196.vhv,2424,742
sp_3197.vhv,5376,1890
sp_3198.vhv,1944,751
sp_3199.vhv,2708,662
sp_3200.vhv,2708,703
sp_3201.vhv,2708,672
sp_3202.vhv,2708,961
sp_3204.vhv,1836,556
sp_3205.vhv,5284,1491
sp_3206.vhv,5284,1679
sp_3207.vhv,3156,973
sp_3208.vhv,1120,358
sp_3211.vhv,12596,2972
sp_3217.vhv,3128,1001
sp_3221.vhv,1952,265
sp_3222.vhv,15248,4743
sp_3223.vhv,2272,593
sp_3224.vhv,2272,617
sp_3225.vhv,12228,2883
sp_3226.vhv,2240,781
sp_3227.vhv,944,275
sp_3228.vhv,944,280
sp_3229.vhv,944,268
sp_3230.vhv,2556,788
sp_3231.vhv,944,290
sp_3232.vhv,944,288
sp_3233.vhv,2524,874
sp_3239.vhv,1624,431
sp_324.vhv,3232,1177
sp_3240.vhv,1624,456
sp_3241.vhv,944,287
sp_3242.vhv,12228,3127
sp_3243.vhv,3140,993
sp_3244.vhv,3140,862
sp_3246.vhv,11180,1933
sp_325.vhv,2112,759
sp_3251.vhv,1952,416
sp_3253.vhv,6036,473
sp_3254.vhv,6036,224
sp_3255.vhv,6036,173
sp_3256.vhv,6036,276
sp_3257.vhv,2240,801
sp_326.vhv,3232,1092
sp_3267.vhv,34908,8468
sp_3268.vhv,1124,329
sp_327.vhv,2272,671
sp_3270.vhv,3140,836
sp_3271.vhv,3140,721
sp_3274.vhv,4024,1589
sp_3275.vhv,4312,1520
sp_3276.vhv,12228,4214
sp_3277.vhv,11732,3473
sp_3278.vhv,35396,9048
sp_3279.vhv,35396,8378
sp_328.vhv,3996,1448
sp_3283.vhv,6204,1716
sp_3286.vhv,1480,535
sp_3287.vhv,992,306
sp_329.vhv,2272,659
sp_3293.vhv,992,279
sp_3294.vhv,1432,474
sp_330.vhv,3996,1264
sp_3302.vhv,1480,486
sp_3303.vhv,1480,525
sp_3304.vhv,1432,430
sp_3305.vhv,1480,501
sp_3306.vhv,1480,535
sp_3307.vhv,1480,523
sp_3308.vhv,1432,445
sp_3309.vhv,1480,499
sp_331.vhv,1344,462
sp_3310.vhv,1480,501
sp_3311.vhv,1480,537
sp_3312.vhv,1432,421
sp_3313.vhv,1480,537
sp_3314.vhv,1480,516
sp_3315.vhv,1480,511
sp_3316.vhv,4164,1175
sp_3317.vhv,4164,1123
sp_3318.vhv,1888,522
sp_3319.vhv,1888,597
sp_3320.vhv,1888,613
sp_3321.vhv,2316,727
sp_3322.vhv,1924,527
sp_3323.vhv,13288,3969
sp_3324.vhv,5304,1649
sp_3325.vhv,13288,3812
sp_3326.vhv,5304,1736
sp_3327.vhv,13288,3486
sp_3328.vhv,5304,1633
sp_3329.vhv,13288,4031
sp_333.vhv,2272,738
sp_3330.vhv,5304,1717
sp_3331.vhv,13288,4439
sp_3332.vhv,5304,1795
sp_3333.vhv,13288,4112
sp_3334.vhv,5304,1744
sp_3335.vhv,13288,3528
sp_3336.vhv,5304,1676
sp_3337.vhv,13288,4043
sp_3338.vhv,5304,1715
sp_3339.vhv,13288,4500
sp_334.vhv,2272,719
sp_3340.vhv,5304,1728
sp_3341.vhv,13288,4018
sp_3342.vhv,5304,1752
sp_3343.vhv,13288,4075
sp_3344.vhv,5304,1788
sp_3345.vhv,13288,4090
sp_3346.vhv,5304,1713
sp_3347.vhv,4224,1113
sp_3348.vhv,2316,726
sp_3349.vhv,1888,586
sp_335.vhv,3996,1428
sp_3354.vhv,1120,237
sp_3355.vhv,1120,247
sp_3356.vhv,1120,261
sp_3357.vhv,1120,262
sp_3358.vhv,1120,253
sp_336.vhv,5632,1748
sp_3360.vhv,1120,237
sp_3361.vhv,1120,287
sp_3362.vhv,1120,334
sp_3363.vhv,1120,322
sp_3364.vhv,1192,407
sp_3365.vhv,1536,557
sp_3366.vhv,2016,766
sp_3377.vhv,1120,357
sp_3378.vhv,1120,345
sp_3379.vhv,1120,322
sp_338.vhv,1620,600
sp_3380.vhv,1120,321
sp_3381.vhv,1120,313
sp_3382.vhv,1120,302
sp_3383.vhv,1120,299
sp_3384.vhv,1120,269
sp_3385.vhv,1120,282
sp_3386.vhv,1536,574
sp_3387.vhv,1192,405
sp_339.vhv,1620,534
sp_3390.vhv,2016,788
sp_3391.vhv,1896,630
sp_3392.vhv,1056,353
sp_3393.vhv,2424,648
sp_3394.vhv,2424,627
sp_3395.vhv,2424,628
sp_3396.vhv,2424,583
sp_3397.vhv,2424,628
sp_3398.vhv,11732,3845
sp_3399.vhv,11732,4068
sp_340.vhv,1620,584
sp_3400.vhv,9836,3095
sp_3401.vhv,11732,3731
sp_3402.vhv,7184,1849
sp_3403.vhv,7184,2023
sp_3404.vhv,7184,2074
sp_3405.vhv,7184,2005
sp_3406.vhv,7184,2027
sp_3407.vhv,7184,1780
sp_3408.vhv,7184,1810
sp_3409.vhv,7184,1729
sp_341.vhv,1620,608
sp_3410.vhv,7184,1754
sp_3411.vhv,7184,1670
sp_3412.vhv,7184,1855
sp_3413.vhv,7184,2002
sp_3414.vhv,2976,895
sp_3415.vhv,2976,1083
sp_3416.vhv,2976,794
sp_3417.vhv,2976,902
sp_3418.vhv,2976,900
sp_3419.vhv,9836,3202
sp_342.vhv,1620,587
sp_3420.vhv,9836,3636
sp_3421.vhv,9836,3402
sp_3422.vhv,6028,1626
sp_3424.vhv,40348,13852
sp_3425.vhv,6636,2240
sp_3426.vhv,6636,2008
sp_343.vhv,1620,574
sp_3435.vhv,1456,587
sp_3436.vhv,1456,579
sp_3439.vhv,1192,409
sp_344.vhv,1620,545
sp_3442.vhv,2240,705
sp_3445.vhv,1192,408
sp_3446.vhv,3128,1317
sp_3448.vhv,3244,176
sp_345.vhv,1620,550
sp_3450.vhv,3244,705
sp_3451.vhv,2240,691
sp_3452.vhv,50556,10653
sp_3453.vhv,50556,7367
sp_346.vhv,1620,563
sp_3465.vhv,1192,438
sp_3466.vhv,2000,189
sp_3469.vhv,1944,736
sp_347.vhv,1620,533
sp_3479.vhv,7424,2453
sp_348.vhv,1620,632
sp_3480.vhv,4224,1386
sp_3481.vhv,3864,1186
sp_3489.vhv,6204,1797
sp_349.vhv,1620,595
sp_3490.vhv,11732,3936
sp_3491.vhv,12044,2606
sp_3492.vhv,12044,3528
sp_3493.vhv,12044,2838
sp_350.vhv,2848,790
sp_3502.vhv,4224,686
sp_3503.vhv,4432,1303
sp_3504.vhv,1472,491
sp_3508.vhv,1888,712
sp_351.vhv,5044,1726
sp_3511.vhv,2752,1114
sp_3512.vhv,2752,1067
sp_3513.vhv,13288,4185
sp_3514.vhv,13288,4318
sp_3515.vhv,13288,4027
sp_3516.vhv,13288,4177
sp_3517.vhv,13288,3874
sp_3518.vhv,13288,3827
sp_3519.vhv,13288,3714
sp_352.vhv,5044,1610
sp_3520.vhv,13288,4398
sp_3521.vhv,12044,3656
sp_353.vhv,3160,212
sp_3530.vhv,6880,1690
sp_3531.vhv,6880,1718
sp_3532.vhv,1040,328
sp_3533.vhv,1040,290
sp_3534.vhv,1040,337
sp_3535.vhv,6880,1687
sp_3536.vhv,1040,348
sp_3537.vhv,6880,1710
sp_3538.vhv,6880,1689
sp_3539.vhv,6880,1644
sp_3540.vhv,6880,1643
sp_3541.vhv,1040,345
sp_3542.vhv,6880,1616
sp_3543.vhv,1040,331
sp_3544.vhv,6880,1717
sp_3547.vhv,1040,345
sp_3548.vhv,1040,341
sp_3550.vhv,1040,362
sp_3551.vhv,1040,350
sp_3552.vhv,1040,352
sp_3553.vhv,1040,361
sp_3554.vhv,1040,350
sp_3555.vhv,1040,344
sp_3556.vhv,1040,345
sp_3557.vhv,1040,345
sp_3558.vhv,1040,356
sp_3559.vhv,8392,2414
sp_356.vhv,3640,678
sp_3560.vhv,1040,266
sp_3561.vhv,1040,335
sp_3562.vhv,8392,2211
sp_3563.vhv,8392,1956
sp_3564.vhv,6880,1928
sp_3566.vhv,3116,1402
sp_357.vhv,3640,522
sp_3579.vhv,40348,10725
sp_358.vhv,3640,120
sp_3580.vhv,6636,1929
sp_3581.vhv,6636,1701
sp_3582.vhv,1744,657
sp_3583.vhv,6356,1895
sp_3584.vhv,3116,1308
sp_3585.vhv,7612,2265
sp_3586.vhv,3116,1299
sp_3587.vhv,3116,1170
sp_3588.vhv,3116,1246
sp_359.vhv,3640,280
sp_3591.vhv,3116,1452
sp_3592.vhv,7424,2379
sp_3594.vhv,11732,3617
sp_3595.vhv,11732,3363
sp_3596.vhv,35396,9349
sp_3597.vhv,35396,10084
sp_3598.vhv,44016,16040
sp_3599.vhv,35396,9934
sp_360.vhv,1808,620
sp_3600.vhv,44016,16370
sp_3601.vhv,44016,16517
sp_3602.vhv,44016,15924
sp_3603.vhv,44016,14958
sp_3604.vhv,44016,16606
sp_3605.vhv,44016,17504
sp_3606.vhv,5568,1632
sp_3607.vhv,2968,1094
sp_361.vhv,5632,1769
sp_3610.vhv,2688,951
sp_3611.vhv,3360,1205
sp_362.vhv,1984,671
sp_363.vhv,2632,924
sp_364.vhv,3328,1164
sp_365.vhv,5044,1564
sp_366.vhv,1216,426
sp_367.vhv,1216,429
sp_368.vhv,1216,450
sp_369.vhv,1216,438
sp_370.vhv,1216,398
sp_371.vhv,1472,541
sp_372.vhv,1600,626
sp_373.vhv,1216,410
sp_374.vhv,2292,873
sp_375.vhv,1216,430
sp_376.vhv,2712,976
sp_377.vhv,2292,929
sp_378.vhv,2292,884
sp_379.vhv,2272,696
sp_380.vhv,2964,950
sp_381.vhv,2964,1028
sp_382.vhv,4280,1760
sp_383.vhv,1600,584
sp_384.vhv,4280,1746
sp_385.vhv,2964,1238
sp_387.vhv,5708,1895
sp_388.vhv,6060,1997
sp_389.vhv,10420,3182
sp_390.vhv,4772,1514
sp_391.vhv,6060,1979
sp_392.vhv,5708,1952
sp_393.vhv,10420,3178
sp_394.vhv,4772,1620
sp_395.vhv,5708,2051
sp_396.vhv,3860,1341
sp_397.vhv,1184,443
sp_398.vhv,1184,439
sp_399.vhv,1184,443
sp_4.vhv,3112,728
sp_400.vhv,1184,435
sp_401.vhv,13288,3123
sp_402.vhv,2240,583
sp_403.vhv,4696,1062
sp_408.vhv,13288,4139
sp_409.vhv,11916,2525
sp_410.vhv,7368,681
sp_411.vhv,1684,138
sp_412.vhv,2992,1099
sp_413.vhv,1620,642
sp_414.vhv,1620,646
sp_415.vhv,1620,588
sp_416.vhv,1620,661
sp_417.vhv,3232,1294
sp_418.vhv,3232,1144
sp_419.vhv,18320,7113
sp_420.vhv,18320,7177
sp_421.vhv,2908,950
sp_422.vhv,4432,1470
sp_423.vhv,13288,4134
sp_424.vhv,7956,2462
sp_425.vhv,7548,2633
sp_426.vhv,13288,4331
sp_427.vhv,5304,1694
sp_428.vhv,2316,717
sp_429.vhv,5304,1799
sp_430.vhv,6900,2076
sp_431.vhv,6600,2196
sp_432.vhv,6900,2405
sp_433.vhv,13288,3295
sp_434.vhv,13288,3358
sp_435.vhv,13288,3409
sp_436.vhv,13288,3455
sp_437.vhv,6900,1727
sp_438.vhv,13288,3496
sp_439.vhv,13288,3516
sp_440.vhv,13288,3675
sp_441.vhv,13288,3195
sp_442.vhv,13288,3467
sp_443.vhv,6900,1752
sp_444.vhv,6600,1714
sp_445.vhv,6600,2167
sp_446.vhv,13288,4669
sp_447.vhv,13288,3797
sp_448.vhv,13288,4132
sp_449.vhv,13288,4563
sp_450.vhv,13288,4615
sp_451.vhv,13288,4825
sp_452.vhv,13288,4290
sp_453.vhv,13288,3922
sp_454.vhv,13288,3455
sp_455.vhv,13288,4627
sp_456.vhv,13288,3568
sp_457.vhv,6900,1812
sp_458.vhv,6600,1934
sp_459.vhv,6900,2323
sp_460.vhv,6600,1979
sp_461.vhv,4224,1391
sp_462.vhv,10108,3819
sp_464.vhv,11916,3031
sp_467.vhv,2876,745
sp_468.vhv,1056,152
sp_471.vhv,2324,587
sp_473.vhv,2876,570
sp_474.vhv,2504,570
sp_475.vhv,2324,586
sp_476.vhv,2324,587
sp_477.vhv,18320,6397
sp_478.vhv,656,141
sp_479.vhv,656,132
sp_480.vhv,656,138
sp_481.vhv,32848,11957
sp_482.vhv,11732,3672
sp_483.vhv,6032,1900
sp_484.vhv,11732,4013
sp_485.vhv,11732,3946
sp_486.vhv,9668,3317
sp_487.vhv,11732,3918
sp_488.vhv,11732,3866
sp_489.vhv,9668,3693
sp_491.vhv,11732,3502
sp_492.vhv,11732,3578
sp_493.vhv,11732,3536
sp_494.vhv,11732,3626
sp_495.vhv,11732,3436
sp_496.vhv,7424,2267
sp_497.vhv,7424,1618
sp_498.vhv,11732,3623
sp_499.vhv,11732,3367
sp_500.vhv,11732,3480
sp_501.vhv,11732,3740
sp_502.vhv,3316,848
sp_503.vhv,3316,955
sp_504.vhv,7028,2231
sp_505.vhv,7028,2049
sp_506.vhv,7028,2271
sp_507.vhv,7028,1768
sp_508.vhv,7028,1922
sp_509.vhv,7028,2083
sp_510.vhv,2424,866
sp_511.vhv,7028,2229
sp_512.vhv,2424,798
sp_513.vhv,2424,871
sp_514.vhv,7028,2128
sp_515.vhv,2424,796
sp_516.vhv,7028,1798
sp_517.vhv,2424,807
sp_518.vhv,2424,852
sp_519.vhv,2424,823
sp_520.vhv,44016,13397
sp_521.vhv,11732,3550
sp_522.vhv,11732,3677
sp_523.vhv,11732,4118
sp_528.vhv,2752,906
sp_529.vhv,2752,903
sp_530.vhv,7424,1935
sp_533.vhv,2752,940
sp_534.vhv,11732,3394
sp_535.vhv,944,288
sp_536.vhv,944,274
sp_537.vhv,7424,2560
sp_538.vhv,944,297
sp_539.vhv,11732,3861
sp_540.vhv,11732,3785
sp_541.vhv,11732,3947
sp_544.vhv,3316,1125
sp_545.vhv,3316,1172
sp_546.vhv,2424,986
sp_547.vhv,3316,695
sp_548.vhv,3028,862
sp_549.vhv,3316,936
sp_550.vhv,2424,641
sp_551.vhv,2424,792
sp_552.vhv,2424,785
sp_553.vhv,11732,3812
sp_556.vhv,2424,842
sp_557.vhv,2424,671
sp_558.vhv,2424,689
sp_559.vhv,11732,3616
sp_560.vhv,2424,763
sp_561.vhv,2424,779
sp_562.vhv,32464,8291
sp_564.vhv,11732,3689
sp_565.vhv,11732,4074
sp_566.vhv,2424,800
sp_567.vhv,2424,847
sp_568.vhv,2424,777
sp_569.vhv,2424,746
sp_572.vhv,11732,3491
sp_576.vhv,2424,745
sp_579.vhv,4296,1492
sp_580.vhv,4296,1559
sp_581.vhv,4296,1777
sp_582.vhv,2424,856
sp_583.vhv,11732,3874
sp_584.vhv,11732,3030
sp_585.vhv,2424,875
sp_586.vhv,2424,638
sp_587.vhv,11732,3715
sp_588.vhv,11732,3921
sp_589.vhv,11732,3574
sp_590.vhv,11732,3731
sp_591.vhv,9088,2733
sp_592.vhv,5056,1643
sp_593.vhv,5056,1617
sp_594.vhv,9088,3425
sp_595.vhv,9088,3410
sp_596.vhv,5056,1761
sp_597.vhv,6656,1688
sp_598.vhv,2324,841
sp_605.vhv,3128,1107
sp_606.vhv,3128,1059
sp_607.vhv,5552,2081
sp_608.vhv,3128,1083
sp_609.vhv,1976,720
sp_610.vhv,5552,2009
sp_626.vhv,34908,11886
sp_627.vhv,1124,371
sp_629.vhv,65580,21494
sp_630.vhv,5056,1616
sp_631.vhv,9088,2513
sp_632.vhv,9088,2690
sp_633.vhv,5056,1382
sp_636.vhv,944,276
sp_637.vhv,944,290
sp_638.vhv,944,277
sp_639.vhv,944,281
sp_640.vhv,944,287
sp_641.vhv,944,281
sp_642.vhv,944,317
sp_643.vhv,10068,3006
sp_644.vhv,944,314
sp_645.vhv,944,313
sp_646.vhv,944,306
sp_647.vhv,944,316
sp_648.vhv,944,323
sp_649.vhv,944,309
sp_650.vhv,4472,1524
sp_651.vhv,944,301
sp_652.vhv,944,294
sp_653.vhv,944,293
sp_654.vhv,944,303
sp_655.vhv,944,322
sp_656.vhv,944,316
sp_657.vhv,944,316
sp_658.vhv,944,317
sp_659.vhv,944,296
sp_660.vhv,944,293
sp_661.vhv,944,302
sp_662.vhv,944,316
sp_663.vhv,944,290
sp_664.vhv,944,306
sp_665.vhv,944,311
sp_666.vhv,944,300
sp_667.vhv,944,314
sp_668.vhv,944,310
sp_669.vhv,944,316
sp_670.vhv,944,275
sp_671.vhv,944,313
sp_672.vhv,944,291
sp_673.vhv,944,287
sp_674.vhv,944,266
sp_675.vhv,944,271
sp_676.vhv,944,297
sp_677.vhv,944,265
sp_678.vhv,944,278
sp_679.vhv,944,309
sp_680.vhv,944,302
sp_681.vhv,944,270
sp_682.vhv,944,263
sp_683.vhv,944,296
sp_684.vhv,944,318
sp_685.vhv,944,323
sp_686.vhv,944,291
sp_687.vhv,944,305
sp_688.vhv,944,308
sp_689.vhv,944,318
sp_690.vhv,752,210
sp_691.vhv,2556,986
sp_692.vhv,944,328
sp_693.vhv,944,315
sp_694.vhv,944,306
sp_695.vhv,944,312
sp_696.vhv,944,306
sp_697.vhv,944,312
sp_698.vhv,944,303
sp_699.vhv,944,304
sp_700.vhv,2556,904
sp_701.vhv,752,200
sp_702.vhv,944,299
sp_703.vhv,752,202
sp_704.vhv,944,287
sp_705.vhv,944,299
sp_706.vhv,944,307
sp_707.vhv,944,301
sp_708.vhv,944,296
sp_709.vhv,944,266
sp_710.vhv,944,279
sp_711.vhv,2556,1005
sp_712.vhv,944,300
sp_713.vhv,944,284
sp_714.vhv,944,289
sp_715.vhv,944,273
sp_716.vhv,944,317
sp_717.vhv,944,283
sp_718.vhv,944,251
sp_719.vhv,944,287
sp_720.vhv,944,312
sp_721.vhv,944,279
sp_722.vhv,944,302
sp_723.vhv,944,268
sp_724.vhv,752,204
sp_725.vhv,752,151
sp_726.vhv,944,297
sp_728.vhv,3160,920
sp_729.vhv,12228,2855
sp_730.vhv,4836,1296
sp_731.vhv,4024,853
sp_732.vhv,4312,806
sp_733.vhv,6160,1297
sp_734.vhv,2848,904
sp_737.vhv,5056,1562
sp_738.vhv,9088,2793
sp_739.vhv,9088,2864
sp_740.vhv,5056,1660
sp_743.vhv,11732,3948
sp_744.vhv,2424,891
sp_745.vhv,2424,853
sp_748.vhv,8848,2782
sp_749.vhv,12228,3312
sp_750.vhv,8848,2766
sp_751.vhv,7368,2066
sp_752.vhv,7368,2100
sp_753.vhv,7424,2722
sp_754.vhv,7424,2659
sp_755.vhv,7424,2685
sp_756.vhv,3864,1523
sp_757.vhv,3560,1288
sp_758.vhv,7424,2738
sp_759.vhv,7424,2600
sp_760.vhv,7424,2702
sp_761.vhv,7424,2646
sp_762.vhv,4432,1394
sp_763.vhv,2424,906
sp_764.vhv,7184,2043
sp_765.vhv,7184,2249
sp_766.vhv,2424,905
sp_767.vhv,6356,1900
sp_768.vhv,7028,2444
sp_769.vhv,7184,2149
sp_770.vhv,6032,1994
sp_771.vhv,7184,2033
sp_772.vhv,2272,704
sp_773.vhv,2272,709
sp_774.vhv,5044,1615
sp_775.vhv,5044,1691
sp_777.vhv,2912,1209
sp_778.vhv,3360,1346
sp_779.vhv,9836,4525
sp_780.vhv,7184,2311
sp_781.vhv,29664,10589
sp_782.vhv,1884,707
sp_783.vhv,1472,499
sp_784.vhv,1216,380
sp_785.vhv,2112,739
sp_786.vhv,2964,1207
sp_787.vhv,2964,1228
sp_788.vhv,3996,1410
sp_789.vhv,3328,1035
sp_790.vhv,3996,1429
sp_791.vhv,2524,925
sp_792.vhv,2272,719
sp_793.vhv,4836,1629
sp_794.vhv,1584,471
sp_795.vhv,3092,950
sp_796.vhv,2652,851
sp_797.vhv,2000,592
sp_798.vhv,2888,850
sp_799.vhv,3160,966
sp_800.vhv,10272,2868
sp_801.vhv,12228,3561
sp_802.vhv,3264,1068
sp_803.vhv,3264,1116
sp_804.vhv,3264,1009
sp_805.vhv,3264,1117
sp_806.vhv,1472,515
sp_807.vhv,3264,1114
sp_808.vhv,3264,1125
sp_809.vhv,3264,1115
sp_810.vhv,8848,3067
sp_811.vhv,2112,791
sp_812.vhv,1344,461
sp_813.vhv,1344,475
sp_814.vhv,4696,1726
sp_815.vhv,2016,802
sp_816.vhv,2068,780
sp_817.vhv,6356,1857
sp_818.vhv,1624,534
sp_819.vhv,1624,503
sp_821.vhv,1624,541
sp_822.vhv,5464,1489
sp_823.vhv,6484,1756
sp_824.vhv,1536,578
sp_825.vhv,1192,314
sp_826.vhv,13768,5247
sp_827.vhv,1624,517
sp_828.vhv,1160,354
sp_829.vhv,1624,502
sp_830.vhv,1160,337
sp_831.vhv,1808,655
sp_832.vhv,944,313
sp_833.vhv,11732,3374
sp_834.vhv,2688,1114
sp_835.vhv,2876,949
sp_836.vhv,11732,4239
sp_837.vhv,10068,3105
sp_841.vhv,10068,3035
sp_842.vhv,10068,2967
sp_843.vhv,44016,13625
sp_844.vhv,44016,14000
sp_845.vhv,2424,771
sp_846.vhv,2424,822
sp_847.vhv,10068,3129
sp_850.vhv,6032,2106
sp_851.vhv,6032,2098
sp_852.vhv,10068,3171
sp_853.vhv,944,276
sp_854.vhv,6032,1752
sp_855.vhv,7028,2242
sp_856.vhv,7184,2106
sp_857.vhv,6356,2033
sp_858.vhv,6356,1654
sp_859.vhv,6356,1443
sp_860.vhv,7184,1943
sp_861.vhv,7184,1607
sp_862.vhv,7028,2152
sp_863.vhv,7028,1864
sp_864.vhv,7028,2014
sp_865.vhv,7028,2057
sp_866.vhv,12596,4681
sp_867.vhv,12596,4572
sp_868.vhv,7028,2381
sp_869.vhv,7028,2301
sp_870.vhv,44016,12686
sp_871.vhv,11732,3656
sp_872.vhv,11732,3414
sp_873.vhv,2424,528
sp_874.vhv,2424,575
sp_875.vhv,3976,779
sp_876.vhv,2324,495
sp_877.vhv,2324,490
sp_879.vhv,2752,1022
sp_880.vhv,1620,560
sp_881.vhv,1620,670
sp_882.vhv,1620,612
sp_883.vhv,1620,603
sp_884.vhv,1620,614
sp_885.vhv,1620,600
sp_886.vhv,1620,574
sp_888.vhv,11732,3663
sp_889.vhv,11732,3629
sp_891.vhv,11732,4240
sp_893.vhv,2424,898
sp_894.vhv,4564,1542
sp_895.vhv,2504,418
sp_896.vhv,2504,579
sp_897.vhv,7376,3286
sp_898.vhv,7376,2948
sp_901.vhv,8104,3601
sp_902.vhv,7184,2047
sp_903.vhv,7028,2225
sp_904.vhv,32464,8543
sp_905.vhv,10068,2959
sp_906.vhv,10068,3082
sp_907.vhv,2688,908
sp_908.vhv,2688,906
sp_909.vhv,24856,8541
sp_910.vhv,24856,6743
sp_911.vhv,24856,8028
sp_912.vhv,24856,7309
sp_913.vhv,24856,7067
sp_914.vhv,24856,6503
sp_915.vhv,11732,3742
sp_925.vhv,4164,1559
sp_926.vhv,4164,1446
sp_927.vhv,3232,1169
sp_928.vhv,2424,788
sp_929.vhv,6356,1994
sp_93.vhv,3272,1319
sp_930.vhv,5044,1951
sp_931.vhv,1472,516
sp_932.vhv,1472,511
sp_933.vhv,1480,536
sp_934.vhv,1480,528
sp_935.vhv,1480,537
sp_938.vhv,10068,3490
sp_939.vhv,11732,4354
sp_940.vhv,656,148
sp_941.vhv,656,160
sp_942.vhv,944,311
sp_943.vhv,944,315
sp_944.vhv,752,189
sp_945.vhv,752,195
sp_946.vhv,1976,642
sp_947.vhv,944,284
sp_948.vhv,944,277
sp_949.vhv,944,268
sp_95.vhv,28960,10219
sp_950.vhv,944,293
sp_951.vhv,944,286
sp_952.vhv,1376,479
sp_953.vhv,1376,468
sp_954.vhv,1376,525
sp_955.vhv,1376,486
sp_956.vhv,1376,476
sp_957.vhv,2240,841
sp_958.vhv,944,213
sp_959.vhv,1888,591
sp_960.vhv,7424,2707
sp_961.vhv,4432,1567
sp_962.vhv,1288,459
sp_963.vhv,1288,453
sp_964.vhv,4432,1683
sp_965.vhv,3560,1466
sp_966.vhv,1888,659
sp_967.vhv,1288,286
sp_968.vhv,2316,816
sp_97.vhv,23200,6340
sp_970.vhv,1456,532
sp_971.vhv,3996,1294
sp_972.vhv,2808,1163
sp_973.vhv,1620,511
sp_974.vhv,2808,1110
sp_975.vhv,2708,1134
sp_976.vhv,2708,1068
sp_977.vhv,2708,1118
sp_978.vhv,2708,1107
sp_979.vhv,1456,559
sp_980.vhv,1192,422
sp_981.vhv,1456,539
sp_982.vhv,1456,583
sp_983.vhv,1192,430
sp_984.vhv,2524,890
sp_985.vhv,1192,412
sp_986.vhv,1456,597
sp_987.vhv,1456,544
sp_988.vhv,1192,417
sp_989.vhv,3996,1003
sp_990.vhv,1620,602
sp_991.vhv,1192,410
sp_992.vhv,5632,1723
sp_993.vhv,1608,478
sp_994.vhv,1608,492
sp_995.vhv,1608,486
sp_996.vhv,1608,502
sp_997.vhv,1608,439
sp_998.vhv,1608,478
sp_999.vhv,1428,464
