filename,size,compressed
maps/ze_the_parish_quarter_v1_level_sounds.txt,3151,554
maps/ze_the_parish_quarter_v1_particles.txt,57,64
materials/brick/blend_brick_brick01.vmt,238,155
materials/brick/brick_ext_01.vmt,155,127
materials/brick/brick_ext_01.vtf,175008,121600
materials/brick/brick_ext_01_cheap.vmt,103,102
materials/brick/brick_ext_02.vmt,155,126
materials/brick/brick_ext_02.vtf,175008,109450
materials/brick/brick_ext_02_cheap.vmt,103,102
materials/brick/brick_ext_02_height-ssbump.vtf,175008,147450
materials/brick/brick_ext_03.vmt,155,126
materials/brick/brick_ext_03.vtf,175008,142558
materials/brick/brick_ext_03_cheap.vmt,103,102
materials/brick/brick_ext_03_height-ssbump.vtf,175008,166462
materials/brick/brick_ext_04.vmt,103,102
materials/brick/brick_ext_04.vtf,175008,129100
materials/brick/brick_ext_06.vtf,175008,114642
materials/brick/brick_ext_06_cheap.vmt,103,102
materials/brick/brick_floor_01.vmt,159,128
materials/brick/brick_floor_01.vtf,175008,127713
materials/brick/brick_floor_01_cheap.vmt,105,104
materials/brick/brick_floor_01_height-ssbump.vtf,175008,154333
materials/brick/brick_floor_01b.vtf,175008,145138
materials/brick/brick_floor_02.vmt,177,142
materials/brick/brick_floor_02.vtf,175008,129269
materials/brick/brick_floor_02_cheap.vmt,105,104
materials/brick/brick_floor_02_height-ssbump.vtf,175008,147918
materials/brick/brick_floor_03.vmt,177,142
materials/brick/brick_floor_03.vtf,175008,124578
materials/brick/brick_floor_03_cheap.vmt,105,104
materials/brick/brick_floor_03_height-ssbump.vtf,175008,139326
materials/buildings/building_balcony_01.vmt,109,111
materials/buildings/building_balcony_01.vtf,175008,112251
materials/buildings/building_trim_ext_01.vmt,114,114
materials/buildings/building_trim_ext_01.vtf,43856,32828
materials/buildings/shingles_ext_01.vmt,109,113
materials/buildings/shingles_ext_01.vtf,175008,102233
materials/buildings/shingles_ext_02.vmt,109,113
materials/buildings/shingles_ext_02.vtf,175008,90253
materials/buildings/tar_paper_ext_01.vtf,175008,115234
materials/buildings/tar_paper_ext_01_cheap.vmt,112,114
materials/carpet/blue05.vmt,187,139
materials/carpet/carpet-ssbump.vtf,87640,83150
materials/carpet/carpet01-ssbump.vtf,175008,163730
materials/carpet/carpet01.vtf,43936,28215
materials/carpet/carpet02.vmt,123,100
materials/carpet/carpet02.vtf,43936,27886
materials/chartexture/lights/lightwhite_nodecal.vmt,113,101
materials/chartexture/lights/lightwhite_nodecal.vtf,720,69
materials/concrete/blacktop_ext_01.vtf,175008,117924
materials/concrete/blacktop_ext_01_height-ssbump.vtf,349784,326530
materials/concrete/blacktop_ext_01b.vtf,175008,115142
materials/concrete/blacktop_ext_02.vtf,175008,128497
materials/concrete/blend_blacktop_01.vmt,304,181
materials/concrete/blend_blacktop_01_cheap.vmt,181,121
materials/concrete/blend_blacktop_brick_01b.vmt,348,209
materials/concrete/blend_sidewalk_01.vmt,234,143
materials/concrete/concrete_ext_03.vmt,108,104
materials/concrete/concrete_ext_03.vtf,175008,127681
materials/concrete/concrete_ext_04.vtf,175008,124432
materials/concrete/concrete_ext_04_cheap.vmt,108,104
materials/concrete/concrete_ext_07.vmt,108,104
materials/concrete/concrete_ext_07.vtf,175008,129778
materials/concrete/concrete_ext_12.vmt,108,104
materials/concrete/concrete_ext_12.vtf,175008,124759
materials/concrete/concrete_floor_02.vmt,110,107
materials/concrete/concrete_floor_02.vtf,175008,136847
materials/concrete/concrete_floor_03.vtf,175008,137831
materials/concrete/concrete_floor_05.vmt,112,105
materials/concrete/concrete_floor_05.vtf,175008,124968
materials/concrete/pavement_height-ssbump.vtf,699288,649025
materials/concrete/roadcrosswalk_overlay.vmt,146,127
materials/concrete/roadcrosswalk_overlay.vtf,174968,113445
materials/concrete/street_overlay_01.vmt,168,143
materials/concrete/street_overlay_01.vtf,87576,38894
materials/concrete/street_overlay_arrow.vmt,190,158
materials/concrete/street_overlay_arrow.vtf,43896,30058
materials/concrete/street_overlay_noparking.vmt,194,161
materials/concrete/street_overlay_noparking.vtf,349784,287136
materials/concrete/street_overlay_noparking00.vmt,196,163
materials/concrete/street_overlay_noparking00.vtf,174968,150961
materials/concrete/street_overlay_parkingstripe.vmt,198,164
materials/concrete/street_overlay_parkingstripe.vtf,349784,290073
materials/decals/blood_splatter.vmt,119,104
materials/decals/blood_splatter.vtf,349720,37728
materials/decals/checkpoint01_black.vmt,144,121
materials/decals/checkpoint01_black.vtf,43936,11063
materials/decals/checkpointarrow01_black.vmt,149,125
materials/decals/checkpointarrow01_black.vtf,22032,6302
materials/decals/debris_exterior_01.vmt,167,142
materials/decals/debris_exterior_01.vtf,174968,101131
materials/decals/drainage_stain_05.vmt,111,105
materials/decals/drainage_stain_05.vtf,349784,254744
materials/decals/sign01.vmt,134,112
materials/decals/sign01.vtf,22104,6109
materials/decals/sign05.vmt,134,111
materials/decals/sign05.vtf,22104,6932
materials/decals/trash_00.vmt,157,133
materials/decals/trash_00.vtf,349784,121842
materials/detail/detailsprites_overgrown.vmt,183,133
materials/detail/detailsprites_overgrown.vtf,349784,150279
materials/detail/dt_metalgalv.vtf,43936,27226
materials/effects/fas_glow_debris.vmt,116,107
materials/effects/fas_glow_debris.vtf,22080,5081
materials/effects/hl2mmod/hl2mmod_distortionsandrefractions.vmt,307,168
materials/effects/hl2mmod/hl2mmod_distortionsandrefractions.vtf,65616,44451
materials/effects/neuro_blasts.vmt,227,176
materials/effects/neuro_blasts.vtf,5595144,261116
materials/effects/neuro_debris.vmt,271,224
materials/effects/neuro_debris.vtf,350092,36892
materials/effects/neuro_smokes_anim.vmt,264,217
materials/effects/neuro_smokes_anim.vtf,350956,163836
materials/effects/softglow.vmt,138,115
materials/effects/softglow.vtf,11168,3997
materials/effects/softglow_noz.vmt,154,127
materials/glass/glass01.vmt,297,201
materials/glass/hotel_glass001.vmt,215,170
materials/glass/hotel_glass001.vtf,349784,273298
materials/graffiti/graffiti_saferoom_c5_m3-4_01.vmt,137,121
materials/graffiti/graffiti_saferoom_c5_m3-4_01.vtf,175008,39097
materials/graffiti/graffiti_saferoom_c5_m3-4_02.vmt,137,121
materials/graffiti/graffiti_saferoom_c5_m3-4_02.vtf,175008,34187
materials/maps/ze_the_parish_quarter_v1/brick/blend_brick_brick01_wvt_patch.vmt,210,147
materials/maps/ze_the_parish_quarter_v1/c-1016_-1216_288.hdr.vtf,28753,161
materials/maps/ze_the_parish_quarter_v1/c-1016_-1216_288.vtf,28753,113
materials/maps/ze_the_parish_quarter_v1/c-1024_-1408_288.hdr.vtf,28753,161
materials/maps/ze_the_parish_quarter_v1/c-1024_-1408_288.vtf,28753,113
materials/maps/ze_the_parish_quarter_v1/c-1024_0_112.hdr.vtf,28753,161
materials/maps/ze_the_parish_quarter_v1/c-1024_0_112.vtf,28753,113
materials/maps/ze_the_parish_quarter_v1/c-1056_-2240_96.hdr.vtf,28753,161
materials/maps/ze_the_parish_quarter_v1/c-1056_-2240_96.vtf,28753,113
materials/maps/ze_the_parish_quarter_v1/c-1088_-1344_128.hdr.vtf,28753,161
materials/maps/ze_the_parish_quarter_v1/c-1088_-1344_128.vtf,28753,113
materials/maps/ze_the_parish_quarter_v1/c-1088_-864_112.hdr.vtf,28753,161
materials/maps/ze_the_parish_quarter_v1/c-1088_-864_112.vtf,28753,113
materials/maps/ze_the_parish_quarter_v1/c-1120_2032_96.hdr.vtf,28753,161
materials/maps/ze_the_parish_quarter_v1/c-1120_2032_96.vtf,28753,113
materials/maps/ze_the_parish_quarter_v1/c-1120_2176_272.hdr.vtf,28753,161
materials/maps/ze_the_parish_quarter_v1/c-1120_2176_272.vtf,28753,113
materials/maps/ze_the_parish_quarter_v1/c-1120_2224_96.hdr.vtf,28753,161
materials/maps/ze_the_parish_quarter_v1/c-1120_2224_96.vtf,28753,113
materials/maps/ze_the_parish_quarter_v1/c-1224_-1376_288.hdr.vtf,28753,161
materials/maps/ze_the_parish_quarter_v1/c-1224_-1376_288.vtf,28753,113
materials/maps/ze_the_parish_quarter_v1/c-1280_1792_112.hdr.vtf,28753,161
materials/maps/ze_the_parish_quarter_v1/c-1280_1792_112.vtf,28753,113
materials/maps/ze_the_parish_quarter_v1/c-1312_2224_96.hdr.vtf,28753,161
materials/maps/ze_the_parish_quarter_v1/c-1312_2224_96.vtf,28753,113
materials/maps/ze_the_parish_quarter_v1/c-1344_-1216_288.hdr.vtf,28753,161
materials/maps/ze_the_parish_quarter_v1/c-1344_-1216_288.vtf,28753,113
materials/maps/ze_the_parish_quarter_v1/c-1344_-1520_288.hdr.vtf,28753,161
materials/maps/ze_the_parish_quarter_v1/c-1344_-1520_288.vtf,28753,113
materials/maps/ze_the_parish_quarter_v1/c-1408_-1376_288.hdr.vtf,28753,161
materials/maps/ze_the_parish_quarter_v1/c-1408_-1376_288.vtf,28753,113
materials/maps/ze_the_parish_quarter_v1/c-1472_3136_81.hdr.vtf,28753,161
materials/maps/ze_the_parish_quarter_v1/c-1472_3136_81.vtf,28753,113
materials/maps/ze_the_parish_quarter_v1/c-1600_-1376_144.hdr.vtf,28753,161
materials/maps/ze_the_parish_quarter_v1/c-1600_-1376_144.vtf,28753,113
materials/maps/ze_the_parish_quarter_v1/c-1664_2720_81.hdr.vtf,28753,161
materials/maps/ze_the_parish_quarter_v1/c-1664_2720_81.vtf,28753,113
materials/maps/ze_the_parish_quarter_v1/c-1728_-1696_112.hdr.vtf,28753,161
materials/maps/ze_the_parish_quarter_v1/c-1728_-1696_112.vtf,28753,113
materials/maps/ze_the_parish_quarter_v1/c-1920_-448_128.hdr.vtf,28753,161
materials/maps/ze_the_parish_quarter_v1/c-1920_-448_128.vtf,28753,113
materials/maps/ze_the_parish_quarter_v1/c-192_2144_112.hdr.vtf,28753,161
materials/maps/ze_the_parish_quarter_v1/c-192_2144_112.vtf,28753,113
materials/maps/ze_the_parish_quarter_v1/c-1952_480_272.hdr.vtf,28753,161
materials/maps/ze_the_parish_quarter_v1/c-1952_480_272.vtf,28753,113
materials/maps/ze_the_parish_quarter_v1/c-1952_672_272.hdr.vtf,28753,161
materials/maps/ze_the_parish_quarter_v1/c-1952_672_272.vtf,28753,113
materials/maps/ze_the_parish_quarter_v1/c-1984_864_288.hdr.vtf,28753,161
materials/maps/ze_the_parish_quarter_v1/c-1984_864_288.vtf,28753,113
materials/maps/ze_the_parish_quarter_v1/c-208_-1696_96.hdr.vtf,28753,161
materials/maps/ze_the_parish_quarter_v1/c-208_-1696_96.vtf,28753,113
materials/maps/ze_the_parish_quarter_v1/c-208_-2240_96.hdr.vtf,28753,161
materials/maps/ze_the_parish_quarter_v1/c-208_-2240_96.vtf,28753,113
materials/maps/ze_the_parish_quarter_v1/c-2112_2336_81.hdr.vtf,28753,161
materials/maps/ze_the_parish_quarter_v1/c-2112_2336_81.vtf,28753,113
materials/maps/ze_the_parish_quarter_v1/c-2144_192_288.hdr.vtf,28753,161
materials/maps/ze_the_parish_quarter_v1/c-2144_192_288.vtf,28753,113
materials/maps/ze_the_parish_quarter_v1/c-2144_960_288.hdr.vtf,28753,161
materials/maps/ze_the_parish_quarter_v1/c-2144_960_288.vtf,28753,113
materials/maps/ze_the_parish_quarter_v1/c-2176_800_128.hdr.vtf,28753,161
materials/maps/ze_the_parish_quarter_v1/c-2176_800_128.vtf,28753,113
materials/maps/ze_the_parish_quarter_v1/c-2240_576_272.hdr.vtf,28753,161
materials/maps/ze_the_parish_quarter_v1/c-2240_576_272.vtf,28753,113
materials/maps/ze_the_parish_quarter_v1/c-224_688_464.hdr.vtf,28753,161
materials/maps/ze_the_parish_quarter_v1/c-224_688_464.vtf,28753,113
materials/maps/ze_the_parish_quarter_v1/c-2304_-864_112.hdr.vtf,28753,161
materials/maps/ze_the_parish_quarter_v1/c-2304_-864_112.vtf,28753,113
materials/maps/ze_the_parish_quarter_v1/c-2400_576_128.hdr.vtf,28753,161
materials/maps/ze_the_parish_quarter_v1/c-2400_576_128.vtf,28753,113
materials/maps/ze_the_parish_quarter_v1/c-2496_-128_128.hdr.vtf,28753,161
materials/maps/ze_the_parish_quarter_v1/c-2496_-128_128.vtf,28753,113
materials/maps/ze_the_parish_quarter_v1/c-2496_-448_128.hdr.vtf,28753,161
materials/maps/ze_the_parish_quarter_v1/c-2496_-448_128.vtf,28753,113
materials/maps/ze_the_parish_quarter_v1/c-2496_64_128.hdr.vtf,28753,161
materials/maps/ze_the_parish_quarter_v1/c-2496_64_128.vtf,28753,113
materials/maps/ze_the_parish_quarter_v1/c-2528_2272_96.hdr.vtf,28753,161
materials/maps/ze_the_parish_quarter_v1/c-2528_2272_96.vtf,28753,113
materials/maps/ze_the_parish_quarter_v1/c-256_1280_304.hdr.vtf,28753,161
materials/maps/ze_the_parish_quarter_v1/c-256_1280_304.vtf,28753,113
materials/maps/ze_the_parish_quarter_v1/c-2816_192_128.hdr.vtf,28753,161
materials/maps/ze_the_parish_quarter_v1/c-2816_192_128.vtf,28753,113
materials/maps/ze_the_parish_quarter_v1/c-2880_4224_144.hdr.vtf,28753,161
materials/maps/ze_the_parish_quarter_v1/c-2880_4224_144.vtf,28753,113
materials/maps/ze_the_parish_quarter_v1/c-2944_-864_112.hdr.vtf,28753,161
materials/maps/ze_the_parish_quarter_v1/c-2944_-864_112.vtf,28753,113
materials/maps/ze_the_parish_quarter_v1/c-3200_3008_256.hdr.vtf,28753,161
materials/maps/ze_the_parish_quarter_v1/c-3200_3008_256.vtf,28753,113
materials/maps/ze_the_parish_quarter_v1/c-3200_3200_96.hdr.vtf,28753,161
materials/maps/ze_the_parish_quarter_v1/c-3200_3200_96.vtf,28753,113
materials/maps/ze_the_parish_quarter_v1/c-3200_4864_96.hdr.vtf,28753,161
materials/maps/ze_the_parish_quarter_v1/c-3200_4864_96.vtf,28753,113
materials/maps/ze_the_parish_quarter_v1/c-320_1088_176.hdr.vtf,28753,161
materials/maps/ze_the_parish_quarter_v1/c-320_1088_176.vtf,28753,113
materials/maps/ze_the_parish_quarter_v1/c-3264_3872_128.hdr.vtf,28753,161
materials/maps/ze_the_parish_quarter_v1/c-3264_3872_128.vtf,28753,113
materials/maps/ze_the_parish_quarter_v1/c-3296_3200_256.hdr.vtf,28753,161
materials/maps/ze_the_parish_quarter_v1/c-3296_3200_256.vtf,28753,113
materials/maps/ze_the_parish_quarter_v1/c-3328_2720_81.hdr.vtf,28753,161
materials/maps/ze_the_parish_quarter_v1/c-3328_2720_81.vtf,28753,113
materials/maps/ze_the_parish_quarter_v1/c-384_800_464.hdr.vtf,28753,161
materials/maps/ze_the_parish_quarter_v1/c-384_800_464.vtf,28753,113
materials/maps/ze_the_parish_quarter_v1/c-448_1408_304.hdr.vtf,28753,161
materials/maps/ze_the_parish_quarter_v1/c-448_1408_304.vtf,28753,113
materials/maps/ze_the_parish_quarter_v1/c-512_1792_112.hdr.vtf,28753,161
materials/maps/ze_the_parish_quarter_v1/c-512_1792_112.vtf,28753,113
materials/maps/ze_the_parish_quarter_v1/c-512_2240_272.hdr.vtf,28753,161
materials/maps/ze_the_parish_quarter_v1/c-512_2240_272.vtf,28753,113
materials/maps/ze_the_parish_quarter_v1/c-576_-2176_96.hdr.vtf,28753,161
materials/maps/ze_the_parish_quarter_v1/c-576_-2176_96.vtf,28753,113
materials/maps/ze_the_parish_quarter_v1/c-640_1536_112.hdr.vtf,28753,161
materials/maps/ze_the_parish_quarter_v1/c-640_1536_112.vtf,28753,113
materials/maps/ze_the_parish_quarter_v1/c-704_2240_112.hdr.vtf,28753,161
materials/maps/ze_the_parish_quarter_v1/c-704_2240_112.vtf,28753,113
materials/maps/ze_the_parish_quarter_v1/c-704_2720_81.hdr.vtf,28753,161
materials/maps/ze_the_parish_quarter_v1/c-704_2720_81.vtf,28753,113
materials/maps/ze_the_parish_quarter_v1/c-736_-1216_288.hdr.vtf,28753,161
materials/maps/ze_the_parish_quarter_v1/c-736_-1216_288.vtf,28753,113
materials/maps/ze_the_parish_quarter_v1/c-832_-1200_128.hdr.vtf,28753,161
materials/maps/ze_the_parish_quarter_v1/c-832_-1200_128.vtf,28753,113
materials/maps/ze_the_parish_quarter_v1/c-984_-1408_128.hdr.vtf,28753,161
materials/maps/ze_the_parish_quarter_v1/c-984_-1408_128.vtf,28753,113
materials/maps/ze_the_parish_quarter_v1/c1088_-2304_96.hdr.vtf,28753,161
materials/maps/ze_the_parish_quarter_v1/c1088_-2304_96.vtf,28753,113
materials/maps/ze_the_parish_quarter_v1/c1520_-3608_96.hdr.vtf,28753,161
materials/maps/ze_the_parish_quarter_v1/c1520_-3608_96.vtf,28753,113
materials/maps/ze_the_parish_quarter_v1/c240_-2008_96.hdr.vtf,28753,161
materials/maps/ze_the_parish_quarter_v1/c240_-2008_96.vtf,28753,113
materials/maps/ze_the_parish_quarter_v1/c4354_-8_-31.hdr.vtf,28753,161
materials/maps/ze_the_parish_quarter_v1/c4354_-8_-31.vtf,28753,113
materials/maps/ze_the_parish_quarter_v1/c80_-864_96.hdr.vtf,28753,161
materials/maps/ze_the_parish_quarter_v1/c80_-864_96.vtf,28753,113
materials/maps/ze_the_parish_quarter_v1/concrete/blend_blacktop_01_cheap_wvt_patch.vmt,124,111
materials/maps/ze_the_parish_quarter_v1/concrete/blend_blacktop_01_wvt_patch.vmt,220,150
materials/maps/ze_the_parish_quarter_v1/concrete/blend_blacktop_brick_01b_wvt_patch.vmt,221,153
materials/maps/ze_the_parish_quarter_v1/concrete/blend_sidewalk_01_wvt_patch.vmt,126,108
materials/maps/ze_the_parish_quarter_v1/cubemapdefault.hdr.vtf,28753,161
materials/maps/ze_the_parish_quarter_v1/cubemapdefault.vtf,28753,113
materials/maps/ze_the_parish_quarter_v1/glass/glass01_-2304_-864_112.vmt,234,163
materials/maps/ze_the_parish_quarter_v1/glass/glass01_-2496_-448_128.vmt,234,164
materials/maps/ze_the_parish_quarter_v1/glass/glasswindow007a_-208_-1696_96.vmt,146,135
materials/maps/ze_the_parish_quarter_v1/glass/glasswindow007a_-208_-2240_96.vmt,146,138
materials/maps/ze_the_parish_quarter_v1/glass/glasswindow007a_240_-2008_96.vmt,145,136
materials/maps/ze_the_parish_quarter_v1/glass/glasswindowbreak070b_-2304_-864_112.vmt,152,140
materials/maps/ze_the_parish_quarter_v1/glass/glasswindowbreak070b_-2496_-448_128.vmt,152,140
materials/maps/ze_the_parish_quarter_v1/glass/hotel_glass001_-1120_2176_272.vmt,146,139
materials/maps/ze_the_parish_quarter_v1/glass/hotel_glass001_-704_2720_81.vmt,144,137
materials/maps/ze_the_parish_quarter_v1/maps/ze_the_parish_quarter_v1/nature/water_coast04_4354_-8_-31_depth_448.vmt,150,140
materials/maps/ze_the_parish_quarter_v1/metal/drtrimb_-1088_-864_112.vmt,139,135
materials/maps/ze_the_parish_quarter_v1/metal/drtrimb_-1920_-448_128.vmt,139,135
materials/maps/ze_the_parish_quarter_v1/metal/drtrimb_-2144_192_288.vmt,138,134
materials/maps/ze_the_parish_quarter_v1/metal/drtrimb_-224_688_464.vmt,137,133
materials/maps/ze_the_parish_quarter_v1/metal/drtrimb_-2304_-864_112.vmt,139,135
materials/maps/ze_the_parish_quarter_v1/metal/drtrimb_-256_1280_304.vmt,138,134
materials/maps/ze_the_parish_quarter_v1/metal/drtrimb_-3296_3200_256.vmt,139,135
materials/maps/ze_the_parish_quarter_v1/metal/drtrimb_-448_1408_304.vmt,138,134
materials/maps/ze_the_parish_quarter_v1/metal/urban_metalwall01a_-1024_-1408_288.vmt,151,143
materials/maps/ze_the_parish_quarter_v1/metal/urban_metalwall01a_-1088_-864_112.vmt,150,142
materials/maps/ze_the_parish_quarter_v1/metal/urban_metalwall01a_-1120_2032_96.vmt,149,139
materials/maps/ze_the_parish_quarter_v1/metal/urban_metalwall01a_-1120_2176_272.vmt,150,142
materials/maps/ze_the_parish_quarter_v1/metal/urban_metalwall01a_-1280_1792_112.vmt,150,142
materials/maps/ze_the_parish_quarter_v1/metal/urban_metalwall01a_-1312_2224_96.vmt,149,141
materials/maps/ze_the_parish_quarter_v1/metal/urban_metalwall01a_-1920_-448_128.vmt,150,143
materials/maps/ze_the_parish_quarter_v1/metal/urban_metalwall01a_-208_-1696_96.vmt,149,139
materials/maps/ze_the_parish_quarter_v1/metal/urban_metalwall01a_-208_-2240_96.vmt,149,142
materials/maps/ze_the_parish_quarter_v1/metal/urban_metalwall01a_-2144_192_288.vmt,149,142
materials/maps/ze_the_parish_quarter_v1/metal/urban_metalwall01a_-2304_-864_112.vmt,150,142
materials/maps/ze_the_parish_quarter_v1/metal/urban_metalwall01a_-3200_4864_96.vmt,149,142
materials/maps/ze_the_parish_quarter_v1/metal/urban_metalwall01a_-3296_3200_256.vmt,150,142
materials/maps/ze_the_parish_quarter_v1/metal/urban_metalwall01a_-3328_2720_81.vmt,149,142
materials/maps/ze_the_parish_quarter_v1/metal/urban_metalwall01a_-736_-1216_288.vmt,150,142
materials/maps/ze_the_parish_quarter_v1/metal/urban_metalwall01a_-984_-1408_128.vmt,150,142
materials/maps/ze_the_parish_quarter_v1/metal/urban_metalwall01a_1520_-3608_96.vmt,149,142
materials/maps/ze_the_parish_quarter_v1/metal/urban_metalwall01a_240_-2008_96.vmt,148,141
materials/maps/ze_the_parish_quarter_v1/nature/blend_urbandirtlawn01_wvt_patch.vmt,279,204
materials/maps/ze_the_parish_quarter_v1/nature/water_coast04_4354_-8_-31.vmt,143,136
materials/maps/ze_the_parish_quarter_v1/props/mailboxwood01a_-1088_-1344_128.vmt,147,143
materials/maps/ze_the_parish_quarter_v1/props/mailboxwood01a_-1088_-864_112.vmt,146,141
materials/maps/ze_the_parish_quarter_v1/props/mailboxwood01a_-1224_-1376_288.vmt,147,143
materials/maps/ze_the_parish_quarter_v1/props/mailboxwood01a_-1344_-1520_288.vmt,147,143
materials/maps/ze_the_parish_quarter_v1/tile/urban_countertop01b_-1016_-1216_288.vmt,151,145
materials/maps/ze_the_parish_quarter_v1/tile/urban_countertop01b_-1024_-1408_288.vmt,151,146
materials/maps/ze_the_parish_quarter_v1/tile/urban_countertop01b_-1024_0_112.vmt,147,141
materials/maps/ze_the_parish_quarter_v1/tile/urban_countertop01b_-1056_-2240_96.vmt,150,145
materials/maps/ze_the_parish_quarter_v1/tile/urban_countertop01b_-1088_-1344_128.vmt,151,146
materials/maps/ze_the_parish_quarter_v1/tile/urban_countertop01b_-1120_2032_96.vmt,149,142
materials/maps/ze_the_parish_quarter_v1/tile/urban_countertop01b_-1120_2176_272.vmt,150,145
materials/maps/ze_the_parish_quarter_v1/tile/urban_countertop01b_-1120_2224_96.vmt,149,145
materials/maps/ze_the_parish_quarter_v1/tile/urban_countertop01b_-1224_-1376_288.vmt,151,146
materials/maps/ze_the_parish_quarter_v1/tile/urban_countertop01b_-1312_2224_96.vmt,149,145
materials/maps/ze_the_parish_quarter_v1/tile/urban_countertop01b_-1344_-1216_288.vmt,151,146
materials/maps/ze_the_parish_quarter_v1/tile/urban_countertop01b_-1344_-1520_288.vmt,151,146
materials/maps/ze_the_parish_quarter_v1/tile/urban_countertop01b_-1408_-1376_288.vmt,151,146
materials/maps/ze_the_parish_quarter_v1/tile/urban_countertop01b_-192_2144_112.vmt,149,145
materials/maps/ze_the_parish_quarter_v1/tile/urban_countertop01b_-1952_480_272.vmt,149,145
materials/maps/ze_the_parish_quarter_v1/tile/urban_countertop01b_-1952_672_272.vmt,149,143
materials/maps/ze_the_parish_quarter_v1/tile/urban_countertop01b_-1984_864_288.vmt,149,144
materials/maps/ze_the_parish_quarter_v1/tile/urban_countertop01b_-208_-1696_96.vmt,149,141
materials/maps/ze_the_parish_quarter_v1/tile/urban_countertop01b_-208_-2240_96.vmt,149,145
materials/maps/ze_the_parish_quarter_v1/tile/urban_countertop01b_-2144_192_288.vmt,149,145
materials/maps/ze_the_parish_quarter_v1/tile/urban_countertop01b_-2144_960_288.vmt,149,145
materials/maps/ze_the_parish_quarter_v1/tile/urban_countertop01b_-2176_800_128.vmt,149,145
materials/maps/ze_the_parish_quarter_v1/tile/urban_countertop01b_-2240_576_272.vmt,149,145
materials/maps/ze_the_parish_quarter_v1/tile/urban_countertop01b_-224_688_464.vmt,148,144
materials/maps/ze_the_parish_quarter_v1/tile/urban_countertop01b_-2496_64_128.vmt,148,144
materials/maps/ze_the_parish_quarter_v1/tile/urban_countertop01b_-256_1280_304.vmt,149,145
materials/maps/ze_the_parish_quarter_v1/tile/urban_countertop01b_-2880_4224_144.vmt,150,145
materials/maps/ze_the_parish_quarter_v1/tile/urban_countertop01b_-3200_3200_96.vmt,149,141
materials/maps/ze_the_parish_quarter_v1/tile/urban_countertop01b_-3200_4864_96.vmt,149,144
materials/maps/ze_the_parish_quarter_v1/tile/urban_countertop01b_-320_1088_176.vmt,149,144
materials/maps/ze_the_parish_quarter_v1/tile/urban_countertop01b_-3264_3872_128.vmt,150,145
materials/maps/ze_the_parish_quarter_v1/tile/urban_countertop01b_-3296_3200_256.vmt,150,145
materials/maps/ze_the_parish_quarter_v1/tile/urban_countertop01b_-384_800_464.vmt,148,144
materials/maps/ze_the_parish_quarter_v1/tile/urban_countertop01b_-448_1408_304.vmt,149,144
materials/maps/ze_the_parish_quarter_v1/tile/urban_countertop01b_-576_-2176_96.vmt,149,143
materials/maps/ze_the_parish_quarter_v1/tile/urban_countertop01b_-640_1536_112.vmt,149,144
materials/maps/ze_the_parish_quarter_v1/tile/urban_countertop01b_-736_-1216_288.vmt,150,145
materials/maps/ze_the_parish_quarter_v1/tile/urban_countertop01b_-832_-1200_128.vmt,150,145
materials/maps/ze_the_parish_quarter_v1/tile/urban_countertop01b_-984_-1408_128.vmt,150,145
materials/maps/ze_the_parish_quarter_v1/tile/urban_countertop01b_1520_-3608_96.vmt,149,144
materials/maps/ze_the_parish_quarter_v1/wood/urban_woodcabinets02a_-1024_-1408_288.vmt,153,145
materials/maps/ze_the_parish_quarter_v1/wood/urban_woodcabinets02a_-1120_2032_96.vmt,151,141
materials/maps/ze_the_parish_quarter_v1/wood/urban_woodcabinets02a_-1224_-1376_288.vmt,153,146
materials/maps/ze_the_parish_quarter_v1/wood/urban_woodcabinets02a_-1408_-1376_288.vmt,153,146
materials/maps/ze_the_parish_quarter_v1/wood/urban_woodcabinets02a_-1952_672_272.vmt,151,141
materials/maps/ze_the_parish_quarter_v1/wood/urban_woodcabinets02a_-2144_192_288.vmt,151,143
materials/maps/ze_the_parish_quarter_v1/wood/urban_woodcabinets02a_-2144_960_288.vmt,151,143
materials/maps/ze_the_parish_quarter_v1/wood/urban_woodcabinets02a_-224_688_464.vmt,150,143
materials/maps/ze_the_parish_quarter_v1/wood/urban_woodcabinets02a_-3200_4864_96.vmt,151,143
materials/maps/ze_the_parish_quarter_v1/wood/urban_woodcabinets02a_-3296_3200_256.vmt,152,145
materials/maps/ze_the_parish_quarter_v1/wood/urban_woodcabinets02a_-448_1408_304.vmt,151,144
materials/maps/ze_the_parish_quarter_v1/wood/urban_woodcabinets02a_-736_-1216_288.vmt,152,145
materials/maps/ze_the_parish_quarter_v1/wood/urban_woodcabinets02a_-832_-1200_128.vmt,152,144
materials/maps/ze_the_parish_quarter_v1/wood/urban_woodcabinets02a_80_-864_96.vmt,148,141
materials/metal/ironmetal01.vmt,97,98
materials/metal/ironmetal01.vtf,43856,27484
materials/metal/metal_ext_01.vmt,99,100
materials/metal/metal_ext_01.vtf,175008,149059
materials/metal/urban_metalwall01a.vmt,196,149
materials/models/f18/f18_cmap.vmt,252,185
materials/models/f18/f18_cmap.vtf,175008,84744
materials/models/f18/f18_normal.vtf,43936,18062
materials/models/f18/thrust_tiled.vmt,86,91
materials/models/f18/thrust_tiled.vtf,87640,25689
materials/models/lunatic_models/rpg26-main.vmt,78,83
materials/models/lunatic_models/rpg26-main.vtf,5592640,255836
materials/models/propper/testing/decals/{target.vmt,108,93
materials/models/props_buildings/storefront.vmt,74,85
materials/models/props_buildings/storefront.vtf,175008,79864
materials/models/props_cemetery/cemetery_signgate.vmt,80,86
materials/models/props_cemetery/cemetery_signgate.vtf,175008,114125
materials/models/props_crates/standard_crates.vmt,76,83
materials/models/props_crates/standard_crates.vtf,175008,97072
materials/models/props_debris/composite_debris2.vmt,78,85
materials/models/props_debris/composite_debris2.vtf,349712,173656
materials/models/props_debris/wood_burned_med.vmt,73,70
materials/models/props_debris/wood_int_03.vmt,98,103
materials/models/props_destruction/composite_concrete.vmt,106,108
materials/models/props_destruction/composite_concrete.vtf,699288,517753
materials/models/props_destruction/plaster_ceiling_02.vmt,109,113
materials/models/props_destruction/plaster_ext_10.vmt,105,108
materials/models/props_doors/checkpoint door.vmt,246,197
materials/models/props_doors/checkpoint door.vtf,699288,461717
materials/models/props_doors/checkpoint door_reinforcements_01.vmt,266,213
materials/models/props_doors/checkpoint door_reinforcements_01.vtf,87568,65918
materials/models/props_doors/roll-up_door.vmt,72,82
materials/models/props_doors/roll-up_door.vtf,175008,69581
materials/models/props_downtown/atm_cigarettemachine.vmt,103,107
materials/models/props_downtown/atm_cigarettemachine.vtf,349784,147893
materials/models/props_downtown/balcony_posts.vmt,76,87
materials/models/props_downtown/balcony_posts.vtf,87568,46934
materials/models/props_downtown/balcony_underside.vmt,80,89
materials/models/props_downtown/balcony_underside.vtf,699288,357213
materials/models/props_downtown/bar.vmt,66,78
materials/models/props_downtown/bar.vtf,175008,90790
materials/models/props_downtown/bollards_ornate.vmt,78,87
materials/models/props_downtown/bollards_ornate.vtf,43936,21676
materials/models/props_downtown/booth.vmt,68,78
materials/models/props_downtown/booth.vtf,175008,95507
materials/models/props_downtown/booth_table.vmt,74,84
materials/models/props_downtown/booth_table.vtf,175008,82387
materials/models/props_downtown/door01.vmt,69,81
materials/models/props_downtown/door01.vtf,175008,78743
materials/models/props_downtown/door_exterior01.vmt,189,137
materials/models/props_downtown/door_exterior01.vtf,175008,93503
materials/models/props_downtown/door_exterior01_spec.vtf,43936,3423
materials/models/props_downtown/door_frame01.vmt,75,86
materials/models/props_downtown/door_frame01.vtf,87568,42993
materials/models/props_downtown/door_pillar01.vmt,76,87
materials/models/props_downtown/door_pillar01.vtf,87568,37489
materials/models/props_downtown/dormers.vmt,70,81
materials/models/props_downtown/dormers.vtf,175008,98272
materials/models/props_downtown/exterior_door_frame.vmt,82,89
materials/models/props_downtown/exterior_door_frame.vtf,175008,100766
materials/models/props_downtown/gutters.vmt,70,80
materials/models/props_downtown/gutters.vtf,87568,42931
materials/models/props_downtown/lights_interior.vmt,98,103
materials/models/props_downtown/lights_interior.vtf,175008,88814
materials/models/props_downtown/parade_float.vmt,75,85
materials/models/props_downtown/parade_float.vtf,699288,416099
materials/models/props_downtown/pooltable.vmt,72,82
materials/models/props_downtown/pooltable.vtf,175008,74214
materials/models/props_downtown/railings.vmt,183,158
materials/models/props_downtown/railings.vtf,1398352,427181
materials/models/props_downtown/shutters.vmt,123,120
materials/models/props_downtown/shutters.vtf,699256,137778
materials/models/props_downtown/sign_post.vmt,72,82
materials/models/props_downtown/sign_post.vtf,22032,14696
materials/models/props_downtown/street_lamp01.vmt,76,86
materials/models/props_downtown/street_lamp01.vtf,43856,13083
materials/models/props_downtown/street_signs.vmt,75,84
materials/models/props_downtown/street_signs.vtf,175008,121367
materials/models/props_downtown/trim_exterior_edge.vmt,81,90
materials/models/props_downtown/trim_exterior_edge.vtf,43856,15832
materials/models/props_downtown/windows_exterior_01.vmt,197,140
materials/models/props_downtown/windows_exterior_01.vtf,175008,89968
materials/models/props_downtown/windows_exterior_01_spec.vtf,43936,5959
materials/models/props_downtown/windows_exterior_02.vmt,82,90
materials/models/props_downtown/windows_exterior_02.vtf,87568,43021
materials/models/props_downtown/windows_exterior_03.vmt,197,140
materials/models/props_downtown/windows_exterior_03.vtf,175008,92492
materials/models/props_downtown/windows_exterior_03_spec.vtf,43936,4318
materials/models/props_downtown/windows_exterior_04.vmt,197,141
materials/models/props_downtown/windows_exterior_04.vtf,175008,81472
materials/models/props_downtown/windows_exterior_04_spec.vtf,11168,1920
materials/models/props_downtown/windows_interior.vmt,123,112
materials/models/props_downtown/windows_interior.vtf,349784,119645
materials/models/props_equipment/firehosebox01.vmt,77,88
materials/models/props_equipment/firehosebox01.vtf,175008,105835
materials/models/props_equipment/firepipe02.vmt,167,142
materials/models/props_equipment/firepipe02.vtf,349712,205222
materials/models/props_equipment/light_floodlight_on.vmt,97,101
materials/models/props_equipment/light_floodlight_on.vtf,349784,120060
materials/models/props_equipment/metalladder003.vmt,78,89
materials/models/props_equipment/metalladder003.vtf,43936,32049
materials/models/props_equipment/phone_booth.vmt,222,154
materials/models/props_equipment/phone_booth.vtf,87568,49604
materials/models/props_equipment/phone_booth_ref.vtf,5648,3642
materials/models/props_equipment/snack_machine.vmt,179,135
materials/models/props_equipment/snack_machine.vtf,349784,91947
materials/models/props_equipment/snack_machine_ref.vtf,43936,14602
materials/models/props_foliage/tree_include.vmt,458,208
materials/models/props_foliage/tree_include_dryleaves.vmt,454,202
materials/models/props_foliage/tree_include_hedges.vmt,450,208
materials/models/props_foliage/tree_include_medium.vmt,453,203
materials/models/props_foliage/tree_include_small.vmt,456,198
materials/models/props_foliage/urban_large_pots01.vmt,184,137
materials/models/props_foliage/urban_large_pots01.vtf,175008,82189
materials/models/props_foliage/urban_large_pots01_ref.vtf,43936,4747
materials/models/props_foliage/urban_trees_barks01.vmt,161,139
materials/models/props_foliage/urban_trees_barks01.vtf,349704,224435
materials/models/props_foliage/urban_trees_barks01_dry.vmt,173,146
materials/models/props_foliage/urban_trees_barks01_medium.vmt,170,144
materials/models/props_foliage/urban_trees_barks01_small.vmt,210,170
materials/models/props_foliage/urban_trees_barks01_still.vmt,99,108
materials/models/props_foliage/urban_trees_branches02_dry.vmt,264,205
materials/models/props_foliage/urban_trees_branches02_mip0.vtf,1398352,622671
materials/models/props_foliage/urban_trees_branches02_small.vmt,303,226
materials/models/props_foliage/urban_trees_branches02_still.vmt,192,168
materials/models/props_foliage/urban_trees_branches03.vmt,254,196
materials/models/props_foliage/urban_trees_branches03_hedges.vmt,305,227
materials/models/props_foliage/urban_trees_branches03_medium.vmt,261,202
materials/models/props_foliage/urban_trees_branches03_mip0.vtf,1398352,626263
materials/models/props_foliage/urban_trees_branches03_small.vmt,260,202
materials/models/props_fortifications/barricade001.vmt,209,177
materials/models/props_fortifications/barricade001.vtf,1398352,315197
materials/models/props_fortifications/barrier001.vmt,83,94
materials/models/props_fortifications/barrier001.vtf,175008,63149
materials/models/props_fortifications/concrete_block001.vmt,90,100
materials/models/props_fortifications/concrete_block001.vtf,175008,108909
materials/models/props_fortifications/concrete_wall001.vmt,89,99
materials/models/props_fortifications/concrete_wall001.vtf,175008,105479
materials/models/props_fortifications/orangecone001.vmt,226,160
materials/models/props_fortifications/orangecone001.vtf,43936,30440
materials/models/props_fortifications/orangecone001_normal.vtf,2968,106
materials/models/props_fortifications/police_barrier001.vmt,90,99
materials/models/props_fortifications/police_barrier001.vtf,175008,82165
materials/models/props_fortifications/traffic_barrier001.vmt,91,100
materials/models/props_fortifications/traffic_barrier001.vtf,175008,108744
materials/models/props_furniture/piano.vmt,69,80
materials/models/props_furniture/piano.vtf,87568,51030
materials/models/props_highway/metalhull002a.vmt,221,183
materials/models/props_highway/overpass_1.vmt,90,86
materials/models/props_highway/plywood_ext_01.vmt,101,104
materials/models/props_interiors/bathroomsink01.vmt,203,144
materials/models/props_interiors/bathroomsink01.vtf,43936,21126
materials/models/props_interiors/bathroomsink01_ref.vtf,11168,5450
materials/models/props_interiors/bathtub01.vmt,146,116
materials/models/props_interiors/bathtub01.vtf,43936,22595
materials/models/props_interiors/bathtub01_ref.vtf,11168,6645
materials/models/props_interiors/bed.vmt,67,79
materials/models/props_interiors/bed.vtf,175008,108150
materials/models/props_interiors/bottles_shelf.vmt,180,130
materials/models/props_interiors/bottles_shelf.vtf,22032,16819
materials/models/props_interiors/bottles_shelf_ref.vtf,1552,1157
materials/models/props_interiors/cashregister01.vmt,237,157
materials/models/props_interiors/cashregister01.vtf,43936,14924
materials/models/props_interiors/cashregister01_ref.vtf,2976,1366
materials/models/props_interiors/clothing_pile1.vmt,78,88
materials/models/props_interiors/clothing_pile1.vtf,43936,21687
materials/models/props_interiors/clothing_pile2.vmt,78,88
materials/models/props_interiors/clothing_pile2.vtf,43936,23030
materials/models/props_interiors/clothing_pile3.vmt,78,88
materials/models/props_interiors/clothing_pile3.vtf,43936,22688
materials/models/props_interiors/clothing_pile5.vmt,78,88
materials/models/props_interiors/clothing_pile5.vtf,43936,25649
materials/models/props_interiors/controlroom_filecabinets001.vmt,231,183
materials/models/props_interiors/controlroom_filecabinets001.vtf,175008,101085
materials/models/props_interiors/copymachine01.vmt,77,89
materials/models/props_interiors/copymachine01.vtf,175008,75111
materials/models/props_interiors/desk_metal.vmt,217,150
materials/models/props_interiors/desk_metal.vtf,43936,23102
materials/models/props_interiors/desk_metal_ref.vtf,11168,6170
materials/models/props_interiors/file_cabinet1.vmt,219,151
materials/models/props_interiors/furniture_wood01.vmt,154,134
materials/models/props_interiors/furniture_wood01.vtf,349784,282822
materials/models/props_interiors/furniture_wood02.vmt,154,134
materials/models/props_interiors/furniture_wood02.vtf,349784,281625
materials/models/props_interiors/medicalcabinet02.vmt,184,135
materials/models/props_interiors/medicalcabinet02.vtf,175008,89451
materials/models/props_interiors/medicalcabinet02_ref.vtf,11168,5420
materials/models/props_interiors/medicinecabinet01.vmt,162,122
materials/models/props_interiors/medicinecabinet01.vtf,43936,19587
materials/models/props_interiors/medicinecabinet01_ref.vtf,11168,4825
materials/models/props_interiors/milwall005.vmt,223,185
materials/models/props_interiors/paper_towel_dispenser.vmt,99,96
materials/models/props_interiors/paper_towel_dispenser.vtf,11168,5050
materials/models/props_interiors/refrigerator02.vmt,182,131
materials/models/props_interiors/refrigerator02.vtf,175008,80896
materials/models/props_interiors/refrigerator02_ref.vtf,11168,4267
materials/models/props_interiors/sawhorse.vmt,72,83
materials/models/props_interiors/sawhorse.vtf,43936,30881
materials/models/props_interiors/shelvingstore_grocery01.vmt,93,99
materials/models/props_interiors/shelvingstore_grocery01.vtf,175008,87914
materials/models/props_interiors/sink_kitchen.vmt,250,195
materials/models/props_interiors/sink_kitchen.vtf,43936,19255
materials/models/props_interiors/sofa01.vmt,78,83
materials/models/props_interiors/sofa01.vtf,175008,106405
materials/models/props_interiors/stove02.vmt,214,150
materials/models/props_interiors/stove02.vtf,175008,106574
materials/models/props_interiors/stove02_ref.vtf,11168,7018
materials/models/props_interiors/stovehood01.vmt,89,89
materials/models/props_interiors/stovehood01.vtf,43936,15855
materials/models/props_interiors/table_kitchen.vmt,97,102
materials/models/props_interiors/table_kitchen.vtf,175008,84818
materials/models/props_interiors/toilet.vmt,216,151
materials/models/props_interiors/toilet.vtf,43936,24559
materials/models/props_interiors/toilet_c_ref.vtf,11168,6555
materials/models/props_interiors/toiletpaperdispenser_commercial.vmt,219,149
materials/models/props_interiors/toiletpaperdispenser_commercial.vtf,11168,6125
materials/models/props_interiors/toiletpaperdispenser_commercial_ref.vtf,2976,1892
materials/models/props_interiors/towel_rack.vmt,229,153
materials/models/props_interiors/towel_rack.vtf,43936,27483
materials/models/props_interiors/towel_rack_ref.vtf,11168,1086
materials/models/props_interiors/waterheater.vmt,146,125
materials/models/props_interiors/waterheater.vtf,175008,85645
materials/models/props_interiors/woodfurniture01.vmt,98,101
materials/models/props_interiors/woodfurniture01.vtf,175008,118809
materials/models/props_interiors/woodstair002a_cheap.vmt,105,110
materials/models/props_interiors/woodtrim_ext_01.vmt,241,203
materials/models/props_junk/barrelfire.vmt,83,93
materials/models/props_junk/barrelfire.vtf,87640,37662
materials/models/props_junk/dumpster_2.vmt,69,81
materials/models/props_junk/dumpster_2.vtf,175008,81915
materials/models/props_junk/trashclusters01.vmt,201,148
materials/models/props_junk/trashclusters01.vtf,175008,76259
materials/models/props_junk/trashclusters01_biohazard.vmt,211,155
materials/models/props_junk/trashclusters01_biohazard.vtf,175008,88618
materials/models/props_junk/trashclusters01_specular.vtf,43936,11777
materials/models/props_lighting/light_shop.vmt,116,105
materials/models/props_lighting/light_shop.vtf,87640,31261
materials/models/props_lighting/light_shop_off.vmt,71,80
materials/models/props_lighting/semi_flush_001.vmt,77,89
materials/models/props_lighting/semi_flush_001.vtf,87640,44964
materials/models/props_office/desks_01.vmt,288,176
materials/models/props_office/desks_01.vtf,349784,72430
materials/models/props_rooftop/acunit01.vmt,90,98
materials/models/props_rooftop/acunit01.vtf,175008,73918
materials/models/props_rooftop/acvent01.vmt,78,84
materials/models/props_rooftop/acvent01.vtf,87568,48023
materials/models/props_rooftop/acvent02.vmt,168,140
materials/models/props_rooftop/acvent02.vtf,87568,52548
materials/models/props_rooftop/acvent04.vmt,70,82
materials/models/props_rooftop/acvent04.vtf,175008,105337
materials/models/props_rooftop/train_signalbox.vmt,97,103
materials/models/props_rooftop/train_signalbox.vtf,175008,60541
materials/models/props_signs/jazz_club.vmt,89,97
materials/models/props_signs/jazz_club.vtf,174928,101100
materials/models/props_signs/pole_horizontal_01.vmt,98,105
materials/models/props_signs/pole_horizontal_01.vtf,349784,184806
materials/models/props_signs/sign_horizontal_01.vmt,98,104
materials/models/props_signs/sign_horizontal_01.vtf,175008,114452
materials/models/props_signs/sign_quarter_01.vmt,95,102
materials/models/props_signs/sign_quarter_01.vtf,175008,91505
materials/models/props_signs/sign_street_01.vmt,74,85
materials/models/props_signs/sign_street_01.vtf,349784,189434
materials/models/props_street/electrical_boxes.vmt,75,86
materials/models/props_street/electrical_boxes.vtf,175008,105540
materials/models/props_street/mail_dropbox.vmt,227,153
materials/models/props_street/mail_dropbox.vtf,175008,68213
materials/models/props_street/mail_dropbox_ref.vtf,11168,4849
materials/models/props_street/newspaper_dispenser.vmt,232,158
materials/models/props_street/newspaper_dispenser.vtf,175008,104943
materials/models/props_street/newspaper_dispenser_ref.vtf,11168,5908
materials/models/props_street/rent_sign2.vmt,210,148
materials/models/props_street/rent_sign2.vtf,43936,22170
materials/models/props_street/rent_sign_ref.vtf,2976,1527
materials/models/props_street/trafficlight01_lights.vmt,96,103
materials/models/props_street/trafficlight01_lights.vtf,87640,25147
materials/models/props_street/trafficlight01_main.vmt,94,102
materials/models/props_street/trafficlight01_main.vtf,349784,81377
materials/models/props_street/trashbin01.vmt,223,153
materials/models/props_street/trashbin01.vtf,175008,70292
materials/models/props_street/trashbin01_ref.vtf,43936,10260
materials/models/props_street/trimpiece02.vmt,72,83
materials/models/props_street/trimpiece02.vtf,87568,41710
materials/models/props_street/warehouse_vent_pipes.vmt,81,90
materials/models/props_street/warehouse_vent_pipes.vtf,175008,116323
materials/models/props_unique/metalhull002a.vmt,78,83
materials/models/props_unique/reflectivity_10b.vmt,102,106
materials/models/props_unique/reflectivity_10b.vtf,928,428
materials/models/props_unique/skybox_buildings_01.vmt,133,133
materials/models/props_unique/skybox_buildings_01.vtf,349784,180369
materials/models/props_unique/spawn_apartment/lantern_glass_on.vmt,205,142
materials/models/props_unique/spawn_apartment/lantern_glass_on.vtf,11128,9315
materials/models/props_unique/spawn_apartment/lantern_glass_ref.vtf,5648,3503
materials/models/props_unique/spawn_apartment/lantern_on.vmt,185,136
materials/models/props_unique/spawn_apartment/lantern_on.vtf,87640,35448
materials/models/props_unique/spawn_apartment/lantern_ref.vtf,11168,6854
materials/models/props_unique/zombiebreakwall2x4core.vmt,55,67
materials/models/props_unique/zombiebreakwallbrick01.vmt,83,94
materials/models/props_unique/zombiebreakwallbrick01.vtf,699288,338776
materials/models/props_urban/airconditioner001.vmt,81,92
materials/models/props_urban/airconditioner001.vtf,175008,62612
materials/models/props_urban/bench001.vmt,339,254
materials/models/props_urban/bench001.vtf,349784,62065
materials/models/props_urban/chimneys001.vmt,75,87
materials/models/props_urban/chimneys001.vtf,175008,110471
materials/models/props_urban/curb_parts001.vmt,77,89
materials/models/props_urban/curb_parts001.vtf,175008,85674
materials/models/props_urban/curbs001.vmt,72,84
materials/models/props_urban/curbs001.vtf,175008,85515
materials/models/props_urban/curbs002.vmt,70,83
materials/models/props_urban/curbs002.vtf,175008,90576
materials/models/props_urban/fence001.vmt,217,178
materials/models/props_urban/fence001.vtf,349784,118514
materials/models/props_urban/fence003.vmt,205,171
materials/models/props_urban/fence003.vtf,349784,115660
materials/models/props_urban/fence_cover001.vmt,78,90
materials/models/props_urban/fence_cover001.vtf,175008,77229
materials/models/props_urban/fire_escape.vmt,75,84
materials/models/props_urban/fire_escape.vtf,175008,93885
materials/models/props_urban/fire_hydrant001.vmt,219,176
materials/models/props_urban/fire_hydrant001.vtf,175008,101171
materials/models/props_urban/flood_light001.vmt,88,92
materials/models/props_urban/flood_light001.vtf,175008,78766
materials/models/props_urban/fountain001.vmt,75,87
materials/models/props_urban/fountain001.vtf,175008,108484
materials/models/props_urban/fridge002.vmt,120,117
materials/models/props_urban/fridge002.vtf,349784,194871
materials/models/props_urban/garbage_can001.vmt,151,134
materials/models/props_urban/garbage_can001.vtf,349784,208703
materials/models/props_urban/gas_meter.vmt,69,81
materials/models/props_urban/gas_meter.vtf,43936,28791
materials/models/props_urban/gates001.vmt,72,85
materials/models/props_urban/gates001.vtf,175008,64979
materials/models/props_urban/gates002.vmt,72,85
materials/models/props_urban/gates002.vtf,175008,94761
materials/models/props_urban/mega_phone001.vmt,217,172
materials/models/props_urban/mega_phone001.vtf,175008,46159
materials/models/props_urban/metal_plate_01.vmt,78,90
materials/models/props_urban/metal_plate_01.vtf,175008,123643
materials/models/props_urban/outhouse001.vmt,219,176
materials/models/props_urban/outhouse001.vtf,699288,296376
materials/models/props_urban/planter001.vmt,74,86
materials/models/props_urban/planter001.vtf,175008,110913
materials/models/props_urban/plaster_edge01.vmt,74,87
materials/models/props_urban/plaster_edge01.vtf,175008,87550
materials/models/props_urban/porch_light001.vmt,78,90
materials/models/props_urban/porch_light001.vtf,175008,73381
materials/models/props_urban/porch_light002.vmt,78,90
materials/models/props_urban/porch_light002.vtf,175008,71951
materials/models/props_urban/screen_door001.vmt,103,108
materials/models/props_urban/screen_door001.vtf,349784,51394
materials/models/props_urban/stoop001.vmt,72,85
materials/models/props_urban/stoop001.vtf,175008,111697
materials/models/props_urban/stoop001_32.vmt,71,85
materials/models/props_urban/stoop001_32.vtf,175008,132716
materials/models/props_urban/stoop002.vmt,72,85
materials/models/props_urban/stoop002.vtf,175008,125403
materials/models/props_urban/telephone_pole_addons001.vmt,88,98
materials/models/props_urban/telephone_pole_addons001.vtf,175008,92230
materials/models/props_urban/wood_fence001.vmt,129,127
materials/models/props_urban/wood_fence001.vtf,349784,213835
materials/models/props_urban/wood_fence002.vmt,77,89
materials/models/props_urban/wood_fence002.vtf,175008,96549
materials/models/props_urban/wood_railing001.vmt,104,109
materials/models/props_urban/wood_railing001.vtf,349784,76686
materials/models/props_vehicles/4carz1024.vmt,287,189
materials/models/props_vehicles/4carz1024.vtf,1398352,749698
materials/models/props_vehicles/4carz1024_envmask.vtf,175008,96935
materials/models/props_vehicles/4carz1024_glass.vmt,342,232
materials/models/props_vehicles/4carz1024_glass.vtf,349784,276692
materials/models/props_vehicles/bus01_a_2.vmt,192,142
materials/models/props_vehicles/bus01_a_2.vtf,699288,265139
materials/models/props_vehicles/bus01_a_ref.vtf,699288,191348
materials/models/props_vehicles/bus01_b_2.vmt,190,139
materials/models/props_vehicles/bus01_b_2.vtf,349712,174318
materials/models/props_vehicles/bus01_b_ref.vtf,349712,94960
materials/models/props_vehicles/car_glass.vmt,217,148
materials/models/props_vehicles/car_glass.vtf,87640,59983
materials/models/props_vehicles/car_glass_ref.vtf,11168,7030
materials/models/props_vehicles/floodlight_generator.vmt,108,110
materials/models/props_vehicles/floodlight_generator.vtf,349784,167802
materials/models/props_vehicles/semi_trailer.vmt,180,132
materials/models/props_vehicles/semi_trailer.vtf,349712,224953
materials/models/props_vehicles/semi_trailer_ref.vtf,87568,51081
materials/models/props_vehicles/tractor.vmt,70,81
materials/models/props_vehicles/tractor.vtf,699288,283935
materials/models/props_vehicles/van1.vmt,201,145
materials/models/props_vehicles/van1.vtf,175008,86809
materials/models/props_vehicles/van1_ref.vtf,43936,15833
materials/models/props_windows/window_uban_apt_glass.vtf,87640,71011
materials/models/props_windows/window_uban_apt_glass_ref.vtf,2976,1395
materials/models/v_models/weapons/eq_molotov/v_eq_molotov_bottle_normal.vtf,349784,200506
materials/models/w_models/eq_medkit/w_eq_medkit.vmt,78,79
materials/models/w_models/eq_medkit/w_eq_medkit.vtf,175008,119748
materials/models/w_models/eq_molotov/w_eq_molotov_bottle.vmt,259,179
materials/models/w_models/eq_molotov/w_eq_molotov_bottle.vtf,43936,24839
materials/models/w_models/eq_molotov/w_eq_molotov_rag.vmt,183,141
materials/models/w_models/eq_molotov/w_eq_molotov_rag.vtf,22032,14621
materials/nature/blend_texture_01.vtf,175008,115021
materials/nature/blend_urbandirtlawn01.vmt,351,241
materials/nature/dirt01_overlay.vmt,114,108
materials/nature/dirt01_overlay.vtf,349784,254442
materials/nature/dirt_ext_02.vtf,175008,147915
materials/nature/ground_grass01.vtf,175008,148761
materials/overlays/building_grate001.vmt,168,148
materials/overlays/building_grate001.vtf,22104,10741
materials/overlays/ghostsign_02.vmt,163,140
materials/overlays/ghostsign_02.vtf,699256,435226
materials/overlays/plaster_bottom_01.vmt,168,148
materials/overlays/plaster_bottom_01.vtf,87576,36575
materials/overlays/plaster_side_01.vmt,166,146
materials/overlays/plaster_side_01.vtf,43928,21693
materials/overlays/plaster_side_02.vmt,166,146
materials/overlays/plaster_side_02.vtf,43928,19270
materials/overlays/plaster_side_03.vmt,166,146
materials/overlays/plaster_side_03.vtf,43928,22055
materials/overlays/plaster_side_04.vmt,166,146
materials/overlays/plaster_side_04.vtf,43928,22405
materials/overlays/plaster_side_05.vmt,166,146
materials/overlays/plaster_side_05.vtf,43928,22787
materials/overlays/plaster_side_08.vmt,166,146
materials/overlays/plaster_side_08.vtf,43928,23075
materials/overlays/sign_01.vmt,158,140
materials/overlays/sign_01.vtf,43896,20206
materials/overlays/sign_02.vmt,158,140
materials/overlays/sign_02.vtf,22040,8990
materials/overlays/sign_03.vmt,158,140
materials/overlays/sign_03.vtf,22104,6127
materials/overlays/sign_04.vmt,158,140
materials/overlays/sign_04.vtf,22104,5827
materials/overlays/sign_05.vmt,158,140
materials/overlays/sign_05.vtf,22104,6390
materials/overlays/sign_06.vmt,158,140
materials/overlays/sign_06.vtf,22104,6429
materials/overlays/sign_08.vmt,158,140
materials/overlays/sign_08.vtf,22104,5510
materials/overlays/sign_10.vmt,158,140
materials/overlays/sign_10.vtf,174968,112043
materials/overlays/sign_11.vmt,158,140
materials/overlays/sign_11.vtf,87640,17721
materials/overlays/sign_12.vmt,158,140
materials/overlays/sign_12.vtf,22104,5672
materials/overlays/sign_13.vmt,158,140
materials/overlays/sign_13.vtf,349784,84459
materials/overlays/sign_14.vmt,158,140
materials/overlays/sign_14.vtf,174968,101280
materials/overlays/sign_15.vmt,158,140
materials/overlays/sign_15.vtf,22104,5873
materials/overlays/sign_16.vmt,158,140
materials/overlays/sign_16.vtf,22104,6095
materials/overlays/sign_17.vmt,158,140
materials/overlays/sign_17.vtf,87640,25152
materials/overlays/sign_19.vmt,158,140
materials/overlays/sign_19.vtf,22104,6047
materials/overlays/sign_27.vmt,158,140
materials/overlays/sign_27.vtf,22104,5746
materials/overlays/sign_29.vmt,158,140
materials/overlays/sign_29.vtf,22104,5822
materials/overlays/street_cover_01.vmt,166,145
materials/overlays/street_cover_01.vtf,87640,44241
materials/overlays/street_cover_02.vmt,166,145
materials/overlays/street_cover_02.vtf,22104,12823
materials/overlays/street_cover_03.vmt,166,145
materials/overlays/street_cover_03.vtf,5720,3689
materials/overlays/street_cover_04.vmt,189,159
materials/overlays/street_cover_04.vtf,87640,42084
materials/overlays/street_cover_05.vmt,189,159
materials/overlays/street_cover_05.vtf,87640,19730
materials/overlays/street_cover_06.vmt,166,145
materials/overlays/street_cover_06.vtf,87640,40463
materials/overlays/street_cover_07.vmt,166,145
materials/overlays/street_cover_07.vtf,22104,12592
materials/overlays/street_cover_08.vmt,188,158
materials/overlays/street_cover_08.vtf,5720,3940
materials/overlays/street_cover_09.vmt,166,145
materials/overlays/street_cover_09.vtf,87640,40918
materials/overlays/street_cover_10.vmt,166,145
materials/overlays/street_cover_10.vtf,349784,143748
materials/overlays/street_cover_11.vmt,166,145
materials/overlays/street_cover_11.vtf,87640,40832
materials/overlays/street_cover_12.vmt,166,145
materials/overlays/street_cover_12.vtf,87640,37237
materials/overlays/street_cover_13.vmt,166,145
materials/overlays/street_cover_13.vtf,87640,38908
materials/overlays/street_cover_14.vmt,166,145
materials/overlays/street_cover_14.vtf,43896,21281
materials/overlays/trash_01.vmt,159,138
materials/overlays/trash_01.vtf,349784,112423
materials/overlays/urban_paintswatch_01a.vmt,131,118
materials/overlays/urban_paintswatch_01a.vtf,174968,102311
materials/overlays/urban_paintswatch_02a.vmt,131,118
materials/overlays/urban_paintswatch_02a.vtf,174968,91725
materials/overviews/ze_the_parish_quarter_v1.vmt,158,129
materials/overviews/ze_the_parish_quarter_v1.vtf,1048784,240971
materials/overviews/ze_the_parish_quarter_v1_radar.vmt,158,129
materials/particle/fluidexplosions/fluidexplosion.vmt,282,185
materials/particle/fluidexplosions/fluidexplosion.vtf,1404528,470110
materials/particle/leaf/leaf.vmt,67,74
materials/particle/leaf/leaf.vtf,22964,8573
materials/particle/particle_flare_007b_noz.vmt,133,110
materials/particle/particle_flares/particle_flare_007b.vtf,87640,16531
materials/particle/tinyfiresprites/tinyfiresprites_add_01.vmt,193,156
materials/plaster/plaster_ceiling_01.vmt,113,108
materials/plaster/plaster_ceiling_01.vtf,175008,108402
materials/plaster/plaster_ceiling_02.vmt,114,112
materials/plaster/plaster_ceiling_02.vtf,175008,119607
materials/plaster/plaster_crypts_03.vmt,171,141
materials/plaster/plaster_crypts_03.vtf,175008,122269
materials/plaster/plaster_ext_01.vmt,105,103
materials/plaster/plaster_ext_01.vtf,175008,112757
materials/plaster/plaster_ext_02.vmt,87,86
materials/plaster/plaster_ext_02.vtf,175008,104475
materials/plaster/plaster_ext_03.vmt,105,103
materials/plaster/plaster_ext_03.vtf,175008,104637
materials/plaster/plaster_ext_05.vmt,105,103
materials/plaster/plaster_ext_05.vtf,175008,121692
materials/plaster/plaster_ext_08.vmt,105,103
materials/plaster/plaster_ext_08.vtf,175008,116220
materials/plaster/plaster_ext_09.vmt,105,103
materials/plaster/plaster_ext_09.vtf,175008,116546
materials/plaster/plaster_ext_10.vtf,175008,143904
materials/plaster/plaster_ext_12.vmt,105,103
materials/plaster/plaster_ext_12.vtf,175008,114089
materials/plaster/plaster_ext_13.vmt,106,108
materials/plaster/plaster_ext_13.vtf,175008,132653
materials/plaster/plaster_ext_14.vmt,105,103
materials/plaster/plaster_ext_14.vtf,175008,118737
materials/plaster/plaster_ext_15.vmt,105,103
materials/plaster/plaster_ext_15.vtf,175008,105595
materials/plaster/plaster_ext_17.vmt,106,108
materials/plaster/plaster_ext_17.vtf,175008,120728
materials/plaster/plaster_int_01.vmt,186,152
materials/plaster/plaster_int_01.vtf,175008,111516
materials/plaster/plaster_int_02.vmt,187,156
materials/plaster/plaster_int_02.vtf,175008,104870
materials/plaster/plaster_int_03.vmt,186,152
materials/plaster/plaster_int_03.vtf,175008,105612
materials/plaster/plaster_int_04.vmt,110,109
materials/plaster/plaster_int_04.vtf,175008,130043
materials/plaster/plaster_int_06.vmt,109,105
materials/plaster/plaster_int_06.vtf,175008,116163
materials/plaster/plaster_int_07.vmt,110,109
materials/plaster/plaster_int_07.vtf,175008,112949
materials/plaster/plaster_int_08.vmt,107,106
materials/plaster/plaster_int_08.vtf,175008,115896
materials/plaster/urban_plasterwall_height-ssbump.vtf,349784,272580
materials/skybox/urban_horizon.vmt,98,99
materials/skybox/urban_horizon.vtf,175000,37562
materials/texture/black_nodecal.vmt,84,82
materials/texture/black_nodecal.vtf,65744,129
materials/tile/countertop01_ref.vtf,11168,6273
materials/tile/tile_int_01.vmt,96,102
materials/tile/tile_int_01.vtf,175008,124906
materials/tile/tile_int_02.vmt,96,102
materials/tile/tile_int_02.vtf,175008,109481
materials/tile/urban_countertop01b.vmt,165,134
materials/tile/urban_countertop01b.vtf,175008,107351
materials/tile/urban_tilewall01a.vmt,156,130
materials/tile/urban_tilewall01a.vtf,175008,54414
materials/tile/urban_tilewall01a_ssbump.vtf,349784,1448
materials/wood/desk03.vmt,73,80
materials/wood/desk03.vtf,175008,92268
materials/wood/plywood02.vmt,173,138
materials/wood/plywood02.vtf,175008,115499
materials/wood/plywood_ext_01.vmt,103,105
materials/wood/plywood_ext_01.vtf,175008,128418
materials/wood/urban_woodcabinets02a.vmt,240,173
materials/wood/urban_woodcabinets02a.vtf,87568,36685
materials/wood/urban_woodcabinets02a_ssbump.vtf,174968,103085
materials/wood/urban_woodcabinets02b.vmt,105,108
materials/wood/urban_woodcabinets02b.vtf,87568,40782
materials/wood/wood_dock_pylon_01.vmt,103,107
materials/wood/wood_dock_pylon_01.vtf,43856,34429
materials/wood/wood_int_02.vmt,100,103
materials/wood/wood_int_02.vtf,175008,128075
materials/wood/wood_int_03.vmt,100,103
materials/wood/wood_int_03.vtf,175008,133279
materials/wood/woodfloor_ext_01.vmt,105,106
materials/wood/woodfloor_ext_01.vtf,175008,117029
materials/wood/woodfloor_int_01.vmt,105,107
materials/wood/woodfloor_int_01.vtf,175008,130993
materials/wood/woodfloor_int_02.vmt,105,107
materials/wood/woodfloor_int_02.vtf,175008,113268
materials/wood/woodsiding_ext_01.vmt,106,108
materials/wood/woodsiding_ext_01.vtf,175008,115896
materials/wood/woodsiding_ext_02.vmt,106,108
materials/wood/woodsiding_ext_02.vtf,175008,117331
materials/wood/woodsiding_ext_04.vmt,106,108
materials/wood/woodsiding_ext_04.vtf,175008,87771
materials/wood/woodsiding_ext_06.vmt,106,108
materials/wood/woodsiding_ext_06.vtf,175008,94017
materials/wood/woodtrim_ext_01.vmt,100,104
materials/wood/woodtrim_ext_01.vtf,22032,14224
models/f18/f18_placeholder.dx80.vtx,102945,18437
models/f18/f18_placeholder.dx90.vtx,102945,18438
models/f18/f18_placeholder.mdl,68608,43478
models/f18/f18_placeholder.sw.vtx,102905,17824
models/f18/f18_placeholder.vvd,446976,149780
models/lunatic_models/rpg26.dx80.vtx,116436,21883
models/lunatic_models/rpg26.dx90.vtx,116436,21884
models/lunatic_models/rpg26.mdl,1756,424
models/lunatic_models/rpg26.sw.vtx,116436,21657
models/lunatic_models/rpg26.vvd,514816,166818
models/propper/testing/char_overkill_target01.dx80.vtx,237,96
models/propper/testing/char_overkill_target01.dx90.vtx,237,96
models/propper/testing/char_overkill_target01.mdl,1768,429
models/propper/testing/char_overkill_target01.phy,721,419
models/propper/testing/char_overkill_target01.vvd,576,104
models/propper/ze_the_parish_quarter_v1/parish_m4-stairs-01.dx80.vtx,20091,3555
models/propper/ze_the_parish_quarter_v1/parish_m4-stairs-01.dx90.vtx,20091,3555
models/propper/ze_the_parish_quarter_v1/parish_m4-stairs-01.mdl,1792,461
models/propper/ze_the_parish_quarter_v1/parish_m4-stairs-01.phy,3404,1276
models/propper/ze_the_parish_quarter_v1/parish_m4-stairs-01.vvd,90560,7120
models/propper/ze_the_parish_quarter_v1/parish_m4-stairs-02.dx80.vtx,37191,6112
models/propper/ze_the_parish_quarter_v1/parish_m4-stairs-02.dx90.vtx,37191,6113
models/propper/ze_the_parish_quarter_v1/parish_m4-stairs-02.mdl,1792,464
models/propper/ze_the_parish_quarter_v1/parish_m4-stairs-02.phy,5756,1828
models/propper/ze_the_parish_quarter_v1/parish_m4-stairs-02.vvd,168128,11638
models/props/cs_office/light_shopb.dx80.vtx,5125,1082
models/props/cs_office/light_shopb.dx90.vtx,5125,1082
models/props/cs_office/light_shopb.mdl,31768,19970
models/props/cs_office/light_shopb.phy,700,479
models/props/cs_office/light_shopb.sw.vtx,5101,1078
models/props/cs_office/light_shopb.vvd,22592,4951
models/props_buildings/storefront_door_straight.dx80.vtx,15696,2706
models/props_buildings/storefront_door_straight.dx90.vtx,15696,2703
models/props_buildings/storefront_door_straight.mdl,1772,443
models/props_buildings/storefront_door_straight.phy,824,529
models/props_buildings/storefront_door_straight.sw.vtx,15696,2706
models/props_buildings/storefront_door_straight.vvd,70912,12871
models/props_cemetery/cemetery_gate_128.dx80.vtx,14757,2410
models/props_cemetery/cemetery_gate_128.dx90.vtx,14757,2410
models/props_cemetery/cemetery_gate_128.mdl,1772,442
models/props_cemetery/cemetery_gate_128.phy,719,455
models/props_cemetery/cemetery_gate_128.sw.vtx,14757,2406
models/props_cemetery/cemetery_gate_128.vvd,77888,7056
models/props_crates/static_crate_40.dx80.vtx,3693,719
models/props_crates/static_crate_40.dx90.vtx,3693,720
models/props_crates/static_crate_40.mdl,1760,441
models/props_crates/static_crate_40.phy,1960,1072
models/props_crates/static_crate_40.sw.vtx,3693,704
models/props_crates/static_crate_40.vvd,19008,2830
models/props_debris/burnt_building_roof_01.dx80.vtx,51015,7423
models/props_debris/burnt_building_roof_01.dx90.vtx,51015,7424
models/props_debris/burnt_building_roof_01.mdl,1960,473
models/props_debris/burnt_building_roof_01.sw.vtx,51015,7429
models/props_debris/burnt_building_roof_01.vvd,254080,61015
models/props_debris/burnt_building_wall_01.dx80.vtx,20460,3196
models/props_debris/burnt_building_wall_01.dx90.vtx,20460,3217
models/props_debris/burnt_building_wall_01.mdl,1764,450
models/props_debris/burnt_building_wall_01.phy,9779,5203
models/props_debris/burnt_building_wall_01.sw.vtx,20460,3195
models/props_debris/burnt_building_wall_01.vvd,101760,28693
models/props_debris/burnt_building_wall_02.dx80.vtx,30579,4643
models/props_debris/burnt_building_wall_02.dx90.vtx,30579,4644
models/props_debris/burnt_building_wall_02.mdl,1764,459
models/props_debris/burnt_building_wall_02.phy,11987,6288
models/props_debris/burnt_building_wall_02.sw.vtx,30579,4683
models/props_debris/burnt_building_wall_02.vvd,152000,41892
models/props_debris/burnt_building_wall_03.dx80.vtx,21561,3451
models/props_debris/burnt_building_wall_03.dx90.vtx,21561,3451
models/props_debris/burnt_building_wall_03.mdl,1764,460
models/props_debris/burnt_building_wall_03.phy,10892,5745
models/props_debris/burnt_building_wall_03.sw.vtx,21561,3454
models/props_debris/burnt_building_wall_03.vvd,107584,27066
models/props_debris/corner_rubble1.dx80.vtx,13782,2368
models/props_debris/corner_rubble1.dx90.vtx,13782,2363
models/props_debris/corner_rubble1.mdl,1764,455
models/props_debris/corner_rubble1.phy,519,372
models/props_debris/corner_rubble1.sw.vtx,13782,2369
models/props_debris/corner_rubble1.vvd,65920,25340
models/props_debris/floor_rubble1.dx80.vtx,8886,1644
models/props_debris/floor_rubble1.dx90.vtx,8886,1644
models/props_debris/floor_rubble1.mdl,1764,456
models/props_debris/floor_rubble1.sw.vtx,8886,1643
models/props_debris/floor_rubble1.vvd,41856,14178
models/props_destruction/general_dest_plaster_set.ani,315152,315152
models/props_destruction/general_dest_plaster_set.dx80.vtx,58078,9629
models/props_destruction/general_dest_plaster_set.dx90.vtx,58024,9643
models/props_destruction/general_dest_plaster_set.mdl,55116,17205
models/props_destruction/general_dest_plaster_set.sw.vtx,57560,8808
models/props_destruction/general_dest_plaster_set.vvd,283584,105693
models/props_destruction/general_dest_roof_set.ani,5827236,5827236
models/props_destruction/general_dest_roof_set.dx80.vtx,128419,19169
models/props_destruction/general_dest_roof_set.dx90.vtx,128284,19019
models/props_destruction/general_dest_roof_set.mdl,149056,61399
models/props_destruction/general_dest_roof_set.sw.vtx,127222,17236
models/props_destruction/general_dest_roof_set.vvd,640000,166396
models/props_doors/checkpoint_door_01.dx80.vtx,104117,16050
models/props_doors/checkpoint_door_01.dx90.vtx,104117,16038
models/props_doors/checkpoint_door_01.mdl,4212,1287
models/props_doors/checkpoint_door_01.phy,3233,1603
models/props_doors/checkpoint_door_01.sw.vtx,104085,15633
models/props_doors/checkpoint_door_01.vvd,346800,95445
models/props_doors/checkpoint_door_02.dx80.vtx,74877,10857
models/props_doors/checkpoint_door_02.dx90.vtx,74877,11183
models/props_doors/checkpoint_door_02.mdl,3232,898
models/props_doors/checkpoint_door_02.phy,2289,1203
models/props_doors/checkpoint_door_02.sw.vtx,74861,10575
models/props_doors/checkpoint_door_02.vvd,237824,53224
models/props_doors/checkpoint_door_02_static.dx80.vtx,74837,10881
models/props_doors/checkpoint_door_02_static.dx90.vtx,74837,10890
models/props_doors/checkpoint_door_02_static.mdl,1860,540
models/props_doors/checkpoint_door_02_static.phy,2193,1120
models/props_doors/checkpoint_door_02_static.sw.vtx,74837,10876
models/props_doors/checkpoint_door_02_static.vvd,237824,53980
models/props_doors/checkpoint_doorframe_02.dx80.vtx,7185,1353
models/props_doors/checkpoint_doorframe_02.dx90.vtx,7185,1374
models/props_doors/checkpoint_doorframe_02.mdl,1776,471
models/props_doors/checkpoint_doorframe_02.phy,1855,1066
models/props_doors/checkpoint_doorframe_02.sw.vtx,7185,1351
models/props_doors/checkpoint_doorframe_02.vvd,35136,7886
models/props_doors/checkpoint_frame_reinforcement_01.dx80.vtx,6963,1348
models/props_doors/checkpoint_frame_reinforcement_01.dx90.vtx,6963,1348
models/props_doors/checkpoint_frame_reinforcement_01.mdl,1804,487
models/props_doors/checkpoint_frame_reinforcement_01.sw.vtx,6963,1338
models/props_doors/checkpoint_frame_reinforcement_01.vvd,31168,9459
models/props_doors/roll-up_door_full.dx80.vtx,41346,6198
models/props_doors/roll-up_door_full.dx90.vtx,41346,6204
models/props_doors/roll-up_door_full.mdl,1768,461
models/props_doors/roll-up_door_full.phy,2844,1455
models/props_doors/roll-up_door_full.sw.vtx,41346,6181
models/props_doors/roll-up_door_full.vvd,193408,24534
models/props_doors/roll-up_door_half.dx80.vtx,41346,6206
models/props_doors/roll-up_door_half.dx90.vtx,41346,6203
models/props_doors/roll-up_door_half.mdl,1768,461
models/props_doors/roll-up_door_half.phy,2683,1380
models/props_doors/roll-up_door_half.sw.vtx,41346,6180
models/props_doors/roll-up_door_half.vvd,193408,24549
models/props_downtown/atm.dx80.vtx,6231,1262
models/props_downtown/atm.dx90.vtx,6231,1262
models/props_downtown/atm.mdl,1760,460
models/props_downtown/atm.phy,891,576
models/props_downtown/atm.sw.vtx,6231,1258
models/props_downtown/atm.vvd,28480,9070
models/props_downtown/balcony_post_base01_186.dx80.vtx,3891,915
models/props_downtown/balcony_post_base01_186.dx90.vtx,3891,912
models/props_downtown/balcony_post_base01_186.mdl,1768,450
models/props_downtown/balcony_post_base01_186.phy,915,581
models/props_downtown/balcony_post_base01_186.sw.vtx,3891,898
models/props_downtown/balcony_post_base01_186.vvd,15552,4735
models/props_downtown/balcony_post_base02_154.dx80.vtx,3252,736
models/props_downtown/balcony_post_base02_154.dx90.vtx,3252,736
models/props_downtown/balcony_post_base02_154.mdl,1768,463
models/props_downtown/balcony_post_base02_154.phy,1771,1126
models/props_downtown/balcony_post_base02_154.sw.vtx,3252,737
models/props_downtown/balcony_post_base02_154.vvd,14336,4924
models/props_downtown/balcony_post_base03_154.dx80.vtx,2109,503
models/props_downtown/balcony_post_base03_154.dx90.vtx,2109,501
models/props_downtown/balcony_post_base03_154.mdl,1768,464
models/props_downtown/balcony_post_base03_154.phy,1771,1127
models/props_downtown/balcony_post_base03_154.sw.vtx,2109,500
models/props_downtown/balcony_post_base03_154.vvd,9792,2665
models/props_downtown/balcony_post_base04_154.dx80.vtx,3915,832
models/props_downtown/balcony_post_base04_154.dx90.vtx,3915,833
models/props_downtown/balcony_post_base04_154.mdl,1768,447
models/props_downtown/balcony_post_base04_154.phy,915,594
models/props_downtown/balcony_post_base04_154.sw.vtx,3915,818
models/props_downtown/balcony_post_base04_154.vvd,16832,3081
models/props_downtown/balcony_post_upper01_154.dx80.vtx,3891,894
models/props_downtown/balcony_post_upper01_154.dx90.vtx,3891,886
models/props_downtown/balcony_post_upper01_154.mdl,1768,451
models/props_downtown/balcony_post_upper01_154.phy,916,577
models/props_downtown/balcony_post_upper01_154.sw.vtx,3891,892
models/props_downtown/balcony_post_upper01_154.vvd,15552,4777
models/props_downtown/balcony_post_upper02_144.dx80.vtx,4107,860
models/props_downtown/balcony_post_upper02_144.dx90.vtx,4107,841
models/props_downtown/balcony_post_upper02_144.mdl,1768,446
models/props_downtown/balcony_post_upper02_144.phy,916,585
models/props_downtown/balcony_post_upper02_144.sw.vtx,4107,837
models/props_downtown/balcony_post_upper02_144.vvd,17600,4360
models/props_downtown/balcony_underside_62_middle02.dx80.vtx,2793,608
models/props_downtown/balcony_underside_62_middle02.dx90.vtx,2793,608
models/props_downtown/balcony_underside_62_middle02.mdl,1780,461
models/props_downtown/balcony_underside_62_middle02.sw.vtx,2793,608
models/props_downtown/balcony_underside_62_middle02.vvd,13888,2828
models/props_downtown/balcony_underside_left01.dx80.vtx,5103,997
models/props_downtown/balcony_underside_left01.dx90.vtx,5103,997
models/props_downtown/balcony_underside_left01.mdl,1772,452
models/props_downtown/balcony_underside_left01.sw.vtx,5103,996
models/props_downtown/balcony_underside_left01.vvd,24000,5228
models/props_downtown/balcony_underside_left02.dx80.vtx,4377,848
models/props_downtown/balcony_underside_left02.dx90.vtx,4377,848
models/props_downtown/balcony_underside_left02.mdl,1772,465
models/props_downtown/balcony_underside_left02.sw.vtx,4377,857
models/props_downtown/balcony_underside_left02.vvd,21824,4368
models/props_downtown/balcony_underside_middle01.dx80.vtx,4011,817
models/props_downtown/balcony_underside_middle01.dx90.vtx,4011,818
models/props_downtown/balcony_underside_middle01.mdl,1776,454
models/props_downtown/balcony_underside_middle01.sw.vtx,4011,816
models/props_downtown/balcony_underside_middle01.vvd,18880,3943
models/props_downtown/balcony_underside_middle02.dx80.vtx,4611,911
models/props_downtown/balcony_underside_middle02.dx90.vtx,4611,911
models/props_downtown/balcony_underside_middle02.mdl,1776,455
models/props_downtown/balcony_underside_middle02.sw.vtx,4611,908
models/props_downtown/balcony_underside_middle02.vvd,21440,4578
models/props_downtown/balcony_underside_middle03.dx80.vtx,4650,876
models/props_downtown/balcony_underside_middle03.dx90.vtx,4650,876
models/props_downtown/balcony_underside_middle03.mdl,1776,459
models/props_downtown/balcony_underside_middle03.sw.vtx,4650,876
models/props_downtown/balcony_underside_middle03.vvd,23040,4181
models/props_downtown/balcony_underside_middle04.dx80.vtx,4998,963
models/props_downtown/balcony_underside_middle04.dx90.vtx,4998,963
models/props_downtown/balcony_underside_middle04.mdl,1776,455
models/props_downtown/balcony_underside_middle04.sw.vtx,4998,962
models/props_downtown/balcony_underside_middle04.vvd,24320,3659
models/props_downtown/balcony_underside_right01.dx80.vtx,5103,998
models/props_downtown/balcony_underside_right01.dx90.vtx,5103,999
models/props_downtown/balcony_underside_right01.mdl,1776,460
models/props_downtown/balcony_underside_right01.sw.vtx,5103,997
models/props_downtown/balcony_underside_right01.vvd,24000,5204
models/props_downtown/balcony_underside_right02.dx80.vtx,5439,1015
models/props_downtown/balcony_underside_right02.dx90.vtx,5439,1016
models/props_downtown/balcony_underside_right02.mdl,1776,458
models/props_downtown/balcony_underside_right02.sw.vtx,5439,1035
models/props_downtown/balcony_underside_right02.vvd,26304,4716
models/props_downtown/bar.dx80.vtx,35760,5397
models/props_downtown/bar.dx90.vtx,35760,5398
models/props_downtown/bar.mdl,1740,443
models/props_downtown/bar.phy,1890,1090
models/props_downtown/bar.sw.vtx,35760,5432
models/props_downtown/bar.vvd,170752,40322
models/props_downtown/bollards_ornate.dx80.vtx,45081,7698
models/props_downtown/bollards_ornate.dx90.vtx,45081,7699
models/props_downtown/bollards_ornate.mdl,1764,445
models/props_downtown/bollards_ornate.phy,3803,1944
models/props_downtown/bollards_ornate.sw.vtx,45081,7702
models/props_downtown/bollards_ornate.vvd,190784,45955
models/props_downtown/booth01.dx80.vtx,15255,3856
models/props_downtown/booth01.dx90.vtx,15255,3873
models/props_downtown/booth01.mdl,1744,435
models/props_downtown/booth01.phy,2344,1362
models/props_downtown/booth01.sw.vtx,15255,3965
models/props_downtown/booth01.vvd,55104,21400
models/props_downtown/booth02.dx80.vtx,27984,6783
models/props_downtown/booth02.dx90.vtx,27984,6784
models/props_downtown/booth02.mdl,1744,440
models/props_downtown/booth02.phy,2409,1405
models/props_downtown/booth02.sw.vtx,27984,6872
models/props_downtown/booth02.vvd,98304,33015
models/props_downtown/booth_table.dx80.vtx,6315,1143
models/props_downtown/booth_table.dx90.vtx,6315,1144
models/props_downtown/booth_table.mdl,1756,446
models/props_downtown/booth_table.phy,3133,1629
models/props_downtown/booth_table.sw.vtx,6315,1142
models/props_downtown/booth_table.vvd,28608,6122
models/props_downtown/cigarettemachine.dx80.vtx,32079,5319
models/props_downtown/cigarettemachine.dx90.vtx,32079,5307
models/props_downtown/cigarettemachine.mdl,1772,465
models/props_downtown/cigarettemachine.phy,1440,875
models/props_downtown/cigarettemachine.sw.vtx,32079,5254
models/props_downtown/cigarettemachine.vvd,138560,17992
models/props_downtown/door01_80_136.dx80.vtx,8286,1358
models/props_downtown/door01_80_136.dx90.vtx,8286,1360
models/props_downtown/door01_80_136.mdl,1764,449
models/props_downtown/door01_80_136.sw.vtx,8286,1360
models/props_downtown/door01_80_136.vvd,42368,8934
models/props_downtown/door02_80_136.dx80.vtx,5649,1082
models/props_downtown/door02_80_136.dx90.vtx,5649,1085
models/props_downtown/door02_80_136.mdl,1764,460
models/props_downtown/door02_80_136.phy,718,479
models/props_downtown/door02_80_136.sw.vtx,5649,1082
models/props_downtown/door02_80_136.vvd,27200,6344
models/props_downtown/door03_48_104.dx80.vtx,2385,548
models/props_downtown/door03_48_104.dx90.vtx,2385,548
models/props_downtown/door03_48_104.mdl,1764,459
models/props_downtown/door03_48_104.phy,716,474
models/props_downtown/door03_48_104.sw.vtx,2385,546
models/props_downtown/door03_48_104.vvd,11840,2756
models/props_downtown/door_frame01.dx80.vtx,7509,1167
models/props_downtown/door_frame01.dx90.vtx,7509,1178
models/props_downtown/door_frame01.mdl,1756,459
models/props_downtown/door_frame01.phy,1771,1053
models/props_downtown/door_frame01.sw.vtx,7509,1178
models/props_downtown/door_frame01.vvd,39232,6971
models/props_downtown/door_interior_112_01.dx80.vtx,14793,2405
models/props_downtown/door_interior_112_01.dx90.vtx,14793,2405
models/props_downtown/door_interior_112_01.mdl,2212,700
models/props_downtown/door_interior_112_01.phy,799,502
models/props_downtown/door_interior_112_01.sw.vtx,14785,2428
models/props_downtown/door_interior_112_01.vvd,68928,12706
models/props_downtown/door_interior_112_01_dm01_01.dx80.vtx,24837,3985
models/props_downtown/door_interior_112_01_dm01_01.dx90.vtx,24837,3985
models/props_downtown/door_interior_112_01_dm01_01.mdl,1880,588
models/props_downtown/door_interior_112_01_dm01_01.phy,3921,1876
models/props_downtown/door_interior_112_01_dm01_01.sw.vtx,24829,3746
models/props_downtown/door_interior_112_01_dm01_01.vvd,120640,28961
models/props_downtown/door_interior_112_01_dm01_02.dx80.vtx,4062,853
models/props_downtown/door_interior_112_01_dm01_02.dx90.vtx,4062,853
models/props_downtown/door_interior_112_01_dm01_02.mdl,1704,443
models/props_downtown/door_interior_112_01_dm01_02.phy,1495,992
models/props_downtown/door_interior_112_01_dm01_02.sw.vtx,4062,857
models/props_downtown/door_interior_112_01_dm01_02.vvd,20352,5673
models/props_downtown/door_interior_112_01_dm02_01.dx80.vtx,28485,4516
models/props_downtown/door_interior_112_01_dm02_01.dx90.vtx,28485,4498
models/props_downtown/door_interior_112_01_dm02_01.mdl,1880,588
models/props_downtown/door_interior_112_01_dm02_01.phy,4890,2276
models/props_downtown/door_interior_112_01_dm02_01.sw.vtx,28477,4123
models/props_downtown/door_interior_112_01_dm02_01.vvd,139584,35024
models/props_downtown/door_interior_112_01_dm02_02.dx80.vtx,3930,825
models/props_downtown/door_interior_112_01_dm02_02.dx90.vtx,3930,826
models/props_downtown/door_interior_112_01_dm02_02.mdl,1768,460
models/props_downtown/door_interior_112_01_dm02_02.phy,1015,633
models/props_downtown/door_interior_112_01_dm02_02.sw.vtx,3930,825
models/props_downtown/door_interior_112_01_dm02_02.vvd,19328,5960
models/props_downtown/door_interior_112_01_dm02_03.dx80.vtx,2421,549
models/props_downtown/door_interior_112_01_dm02_03.dx90.vtx,2421,550
models/props_downtown/door_interior_112_01_dm02_03.mdl,1768,457
models/props_downtown/door_interior_112_01_dm02_03.phy,1159,790
models/props_downtown/door_interior_112_01_dm02_03.sw.vtx,2421,549
models/props_downtown/door_interior_112_01_dm02_03.vvd,11840,3681
models/props_downtown/door_interior_112_01_dm02_04.dx80.vtx,1623,404
models/props_downtown/door_interior_112_01_dm02_04.dx90.vtx,1623,405
models/props_downtown/door_interior_112_01_dm02_04.mdl,1768,454
models/props_downtown/door_interior_112_01_dm02_04.phy,724,501
models/props_downtown/door_interior_112_01_dm02_04.sw.vtx,1623,403
models/props_downtown/door_interior_112_01_dm02_04.vvd,7872,2550
models/props_downtown/door_interior_112_01_dm02_05.dx80.vtx,2529,577
models/props_downtown/door_interior_112_01_dm02_05.dx90.vtx,2529,577
models/props_downtown/door_interior_112_01_dm02_05.mdl,1768,459
models/props_downtown/door_interior_112_01_dm02_05.phy,917,579
models/props_downtown/door_interior_112_01_dm02_05.sw.vtx,2529,575
models/props_downtown/door_interior_112_01_dm02_05.vvd,12352,3711
models/props_downtown/door_interior_112_01_dm03_01.dx80.vtx,42369,6178
models/props_downtown/door_interior_112_01_dm03_01.dx90.vtx,42369,6178
models/props_downtown/door_interior_112_01_dm03_01.mdl,1900,610
models/props_downtown/door_interior_112_01_dm03_01.phy,5888,2906
models/props_downtown/door_interior_112_01_dm03_01.sw.vtx,42361,5731
models/props_downtown/door_interior_112_01_dm03_01.vvd,211264,59079
models/props_downtown/door_interior_112_01_dm03_02.dx80.vtx,3213,697
models/props_downtown/door_interior_112_01_dm03_02.dx90.vtx,3213,697
models/props_downtown/door_interior_112_01_dm03_02.mdl,1768,459
models/props_downtown/door_interior_112_01_dm03_02.phy,1261,837
models/props_downtown/door_interior_112_01_dm03_02.sw.vtx,3213,694
models/props_downtown/door_interior_112_01_dm03_02.vvd,15680,4884
models/props_downtown/door_interior_112_01_dm03_03.dx80.vtx,1077,305
models/props_downtown/door_interior_112_01_dm03_03.dx90.vtx,1077,307
models/props_downtown/door_interior_112_01_dm03_03.mdl,1768,450
models/props_downtown/door_interior_112_01_dm03_03.phy,820,587
models/props_downtown/door_interior_112_01_dm03_03.sw.vtx,1077,306
models/props_downtown/door_interior_112_01_dm03_03.vvd,4928,1711
models/props_downtown/door_interior_112_01_dm03_04.dx80.vtx,1569,394
models/props_downtown/door_interior_112_01_dm03_04.dx90.vtx,1569,394
models/props_downtown/door_interior_112_01_dm03_04.mdl,1768,459
models/props_downtown/door_interior_112_01_dm03_04.phy,725,488
models/props_downtown/door_interior_112_01_dm03_04.sw.vtx,1569,393
models/props_downtown/door_interior_112_01_dm03_04.vvd,7488,2375
models/props_downtown/door_interior_112_01_dm04_01.dx80.vtx,11655,2097
models/props_downtown/door_interior_112_01_dm04_01.dx90.vtx,11655,2097
models/props_downtown/door_interior_112_01_dm04_01.mdl,1768,464
models/props_downtown/door_interior_112_01_dm04_01.phy,1896,1172
models/props_downtown/door_interior_112_01_dm04_01.sw.vtx,11655,2067
models/props_downtown/door_interior_112_01_dm04_01.vvd,53440,14588
models/props_downtown/door_interior_112_01_dm04_02.dx80.vtx,2691,608
models/props_downtown/door_interior_112_01_dm04_02.dx90.vtx,2691,608
models/props_downtown/door_interior_112_01_dm04_02.mdl,1768,464
models/props_downtown/door_interior_112_01_dm04_02.phy,1583,995
models/props_downtown/door_interior_112_01_dm04_02.sw.vtx,2691,608
models/props_downtown/door_interior_112_01_dm04_02.vvd,13248,3951
models/props_downtown/door_interior_112_01_dm04_03.dx80.vtx,8238,1511
models/props_downtown/door_interior_112_01_dm04_03.dx90.vtx,8238,1513
models/props_downtown/door_interior_112_01_dm04_03.mdl,1768,462
models/props_downtown/door_interior_112_01_dm04_03.phy,728,524
models/props_downtown/door_interior_112_01_dm04_03.sw.vtx,8238,1511
models/props_downtown/door_interior_112_01_dm04_03.vvd,41856,12397
models/props_downtown/door_interior_112_01_dm04_04.dx80.vtx,11022,1964
models/props_downtown/door_interior_112_01_dm04_04.dx90.vtx,11022,1913
models/props_downtown/door_interior_112_01_dm04_04.mdl,1768,462
models/props_downtown/door_interior_112_01_dm04_04.phy,2296,1369
models/props_downtown/door_interior_112_01_dm04_04.sw.vtx,11022,1920
models/props_downtown/door_interior_112_01_dm04_04.vvd,56064,16022
models/props_downtown/door_interior_112_01_dm04_05.dx80.vtx,14193,2260
models/props_downtown/door_interior_112_01_dm04_05.dx90.vtx,14193,2261
models/props_downtown/door_interior_112_01_dm04_05.mdl,1768,457
models/props_downtown/door_interior_112_01_dm04_05.phy,728,479
models/props_downtown/door_interior_112_01_dm04_05.sw.vtx,14193,2260
models/props_downtown/door_interior_112_01_dm04_05.vvd,72896,20320
models/props_downtown/door_interior_128_01.dx80.vtx,14793,2394
models/props_downtown/door_interior_128_01.dx90.vtx,14793,2389
models/props_downtown/door_interior_128_01.mdl,2792,774
models/props_downtown/door_interior_128_01.phy,799,504
models/props_downtown/door_interior_128_01.sw.vtx,14785,2330
models/props_downtown/door_interior_128_01.vvd,68928,12208
models/props_downtown/door_interior_128_01_dm01_01.dx80.vtx,24846,4010
models/props_downtown/door_interior_128_01_dm01_01.dx90.vtx,24846,4011
models/props_downtown/door_interior_128_01_dm01_01.mdl,2468,666
models/props_downtown/door_interior_128_01_dm01_01.phy,3762,1762
models/props_downtown/door_interior_128_01_dm01_01.sw.vtx,24838,3702
models/props_downtown/door_interior_128_01_dm01_01.vvd,120704,28192
models/props_downtown/door_interior_128_01_dm01_02.dx80.vtx,4062,854
models/props_downtown/door_interior_128_01_dm01_02.dx90.vtx,4062,854
models/props_downtown/door_interior_128_01_dm01_02.mdl,1708,445
models/props_downtown/door_interior_128_01_dm01_02.phy,1492,1000
models/props_downtown/door_interior_128_01_dm01_02.sw.vtx,4062,857
models/props_downtown/door_interior_128_01_dm01_02.vvd,20352,5645
models/props_downtown/door_interior_128_01_dm02_01.dx80.vtx,28413,4462
models/props_downtown/door_interior_128_01_dm02_01.dx90.vtx,28413,4463
models/props_downtown/door_interior_128_01_dm02_01.mdl,2468,671
models/props_downtown/door_interior_128_01_dm02_01.phy,5003,2365
models/props_downtown/door_interior_128_01_dm02_01.sw.vtx,28405,4182
models/props_downtown/door_interior_128_01_dm02_01.vvd,139072,34219
models/props_downtown/door_interior_128_01_dm02_02.dx80.vtx,3930,825
models/props_downtown/door_interior_128_01_dm02_02.dx90.vtx,3930,825
models/props_downtown/door_interior_128_01_dm02_02.mdl,1772,463
models/props_downtown/door_interior_128_01_dm02_02.phy,1012,642
models/props_downtown/door_interior_128_01_dm02_02.sw.vtx,3930,824
models/props_downtown/door_interior_128_01_dm02_02.vvd,19328,5822
models/props_downtown/door_interior_128_01_dm02_03.dx80.vtx,2421,550
models/props_downtown/door_interior_128_01_dm02_03.dx90.vtx,2421,551
models/props_downtown/door_interior_128_01_dm02_03.mdl,1772,463
models/props_downtown/door_interior_128_01_dm02_03.phy,1156,786
models/props_downtown/door_interior_128_01_dm02_03.sw.vtx,2421,546
models/props_downtown/door_interior_128_01_dm02_03.vvd,11840,3686
models/props_downtown/door_interior_128_01_dm02_04.dx80.vtx,1623,411
models/props_downtown/door_interior_128_01_dm02_04.dx90.vtx,1623,411
models/props_downtown/door_interior_128_01_dm02_04.mdl,1772,459
models/props_downtown/door_interior_128_01_dm02_04.phy,723,491
models/props_downtown/door_interior_128_01_dm02_04.sw.vtx,1623,410
models/props_downtown/door_interior_128_01_dm02_04.vvd,7872,2509
models/props_downtown/door_interior_128_01_dm02_05.dx80.vtx,2511,569
models/props_downtown/door_interior_128_01_dm02_05.dx90.vtx,2511,569
models/props_downtown/door_interior_128_01_dm02_05.mdl,1772,463
models/props_downtown/door_interior_128_01_dm02_05.phy,916,579
models/props_downtown/door_interior_128_01_dm02_05.sw.vtx,2511,570
models/props_downtown/door_interior_128_01_dm02_05.vvd,12224,3627
models/props_downtown/door_interior_128_01_dm03_01.dx80.vtx,42288,6491
models/props_downtown/door_interior_128_01_dm03_01.dx90.vtx,42288,6492
models/props_downtown/door_interior_128_01_dm03_01.mdl,2488,692
models/props_downtown/door_interior_128_01_dm03_01.phy,5905,2912
models/props_downtown/door_interior_128_01_dm03_01.sw.vtx,42280,5711
models/props_downtown/door_interior_128_01_dm03_01.vvd,210688,57865
models/props_downtown/door_interior_128_01_dm03_02.dx80.vtx,3213,698
models/props_downtown/door_interior_128_01_dm03_02.dx90.vtx,3213,699
models/props_downtown/door_interior_128_01_dm03_02.mdl,1772,466
models/props_downtown/door_interior_128_01_dm03_02.phy,1228,806
models/props_downtown/door_interior_128_01_dm03_02.sw.vtx,3213,699
models/props_downtown/door_interior_128_01_dm03_02.vvd,15680,4830
models/props_downtown/door_interior_128_01_dm03_03.dx80.vtx,1077,307
models/props_downtown/door_interior_128_01_dm03_03.dx90.vtx,1077,307
models/props_downtown/door_interior_128_01_dm03_03.mdl,1772,456
models/props_downtown/door_interior_128_01_dm03_03.phy,819,575
models/props_downtown/door_interior_128_01_dm03_03.sw.vtx,1077,305
models/props_downtown/door_interior_128_01_dm03_03.vvd,4928,1691
models/props_downtown/door_interior_128_01_dm03_04.dx80.vtx,1569,394
models/props_downtown/door_interior_128_01_dm03_04.dx90.vtx,1569,394
models/props_downtown/door_interior_128_01_dm03_04.mdl,1772,463
models/props_downtown/door_interior_128_01_dm03_04.phy,724,481
models/props_downtown/door_interior_128_01_dm03_04.sw.vtx,1569,393
models/props_downtown/door_interior_128_01_dm03_04.vvd,7488,2357
models/props_downtown/door_interior_128_01_dm04_01.dx80.vtx,11655,2089
models/props_downtown/door_interior_128_01_dm04_01.dx90.vtx,11655,2091
models/props_downtown/door_interior_128_01_dm04_01.mdl,1768,467
models/props_downtown/door_interior_128_01_dm04_01.phy,1914,1177
models/props_downtown/door_interior_128_01_dm04_01.sw.vtx,11655,2091
models/props_downtown/door_interior_128_01_dm04_01.vvd,53440,14210
models/props_downtown/door_interior_128_01_dm04_02.dx80.vtx,2655,600
models/props_downtown/door_interior_128_01_dm04_02.dx90.vtx,2655,600
models/props_downtown/door_interior_128_01_dm04_02.mdl,1768,463
models/props_downtown/door_interior_128_01_dm04_02.phy,1584,996
models/props_downtown/door_interior_128_01_dm04_02.sw.vtx,2655,600
models/props_downtown/door_interior_128_01_dm04_02.vvd,12992,3901
models/props_downtown/door_interior_128_01_dm04_03.dx80.vtx,8238,1465
models/props_downtown/door_interior_128_01_dm04_03.dx90.vtx,8238,1465
models/props_downtown/door_interior_128_01_dm04_03.mdl,1768,461
models/props_downtown/door_interior_128_01_dm04_03.phy,728,532
models/props_downtown/door_interior_128_01_dm04_03.sw.vtx,8238,1466
models/props_downtown/door_interior_128_01_dm04_03.vvd,41856,12420
models/props_downtown/door_interior_128_01_dm04_04.dx80.vtx,11022,1908
models/props_downtown/door_interior_128_01_dm04_04.dx90.vtx,11022,1909
models/props_downtown/door_interior_128_01_dm04_04.mdl,1768,463
models/props_downtown/door_interior_128_01_dm04_04.phy,2296,1358
models/props_downtown/door_interior_128_01_dm04_04.sw.vtx,11022,1897
models/props_downtown/door_interior_128_01_dm04_04.vvd,56064,15743
models/props_downtown/door_interior_128_01_dm04_05.dx80.vtx,14193,2265
models/props_downtown/door_interior_128_01_dm04_05.dx90.vtx,14193,2265
models/props_downtown/door_interior_128_01_dm04_05.mdl,1768,459
models/props_downtown/door_interior_128_01_dm04_05.phy,728,479
models/props_downtown/door_interior_128_01_dm04_05.sw.vtx,14193,2263
models/props_downtown/door_interior_128_01_dm04_05.vvd,72896,20398
models/props_downtown/door_interior_with_trim_112_01.dx80.vtx,7560,1340
models/props_downtown/door_interior_with_trim_112_01.dx90.vtx,7560,1358
models/props_downtown/door_interior_with_trim_112_01.mdl,1768,467
models/props_downtown/door_interior_with_trim_112_01.phy,733,482
models/props_downtown/door_interior_with_trim_112_01.sw.vtx,7560,1322
models/props_downtown/door_interior_with_trim_112_01.vvd,37888,7385
models/props_downtown/door_interior_with_trim_128_01.dx80.vtx,7560,1300
models/props_downtown/door_interior_with_trim_128_01.dx90.vtx,7560,1300
models/props_downtown/door_interior_with_trim_128_01.mdl,1768,466
models/props_downtown/door_interior_with_trim_128_01.phy,735,484
models/props_downtown/door_interior_with_trim_128_01.sw.vtx,7560,1330
models/props_downtown/door_interior_with_trim_128_01.vvd,37888,7031
models/props_downtown/door_pillar02.dx80.vtx,7605,1143
models/props_downtown/door_pillar02.dx90.vtx,7605,1144
models/props_downtown/door_pillar02.mdl,1760,445
models/props_downtown/door_pillar02.phy,718,455
models/props_downtown/door_pillar02.sw.vtx,7605,1151
models/props_downtown/door_pillar02.vvd,39488,7406
models/props_downtown/door_trim_56_112_01.dx80.vtx,4569,881
models/props_downtown/door_trim_56_112_01.dx90.vtx,4569,881
models/props_downtown/door_trim_56_112_01.mdl,1756,460
models/props_downtown/door_trim_56_112_01.phy,2034,1206
models/props_downtown/door_trim_56_112_01.sw.vtx,4569,880
models/props_downtown/door_trim_56_112_01.vvd,23104,3999
models/props_downtown/door_trim_56_112_02.dx80.vtx,5025,1005
models/props_downtown/door_trim_56_112_02.dx90.vtx,5025,1006
models/props_downtown/door_trim_56_112_02.mdl,1756,449
models/props_downtown/door_trim_56_112_02.phy,2098,1271
models/props_downtown/door_trim_56_112_02.sw.vtx,5025,1009
models/props_downtown/door_trim_56_112_02.vvd,23616,5450
models/props_downtown/door_trim_64_128_01.dx80.vtx,4569,867
models/props_downtown/door_trim_64_128_01.dx90.vtx,4569,868
models/props_downtown/door_trim_64_128_01.mdl,1756,458
models/props_downtown/door_trim_64_128_01.phy,2002,1157
models/props_downtown/door_trim_64_128_01.sw.vtx,4569,867
models/props_downtown/door_trim_64_128_01.vvd,23104,3842
models/props_downtown/door_trim_64_128_02.dx80.vtx,5025,988
models/props_downtown/door_trim_64_128_02.dx90.vtx,5025,990
models/props_downtown/door_trim_64_128_02.mdl,1756,454
models/props_downtown/door_trim_64_128_02.phy,2914,1656
models/props_downtown/door_trim_64_128_02.sw.vtx,5025,992
models/props_downtown/door_trim_64_128_02.vvd,23616,5012
models/props_downtown/door_trim_exterior_01.dx80.vtx,8316,1372
models/props_downtown/door_trim_exterior_01.dx90.vtx,8316,1372
models/props_downtown/door_trim_exterior_01.mdl,1772,467
models/props_downtown/door_trim_exterior_01.phy,2070,1210
models/props_downtown/door_trim_exterior_01.sw.vtx,8316,1375
models/props_downtown/door_trim_exterior_01.vvd,42112,7731
models/props_downtown/door_trim_exterior_02.dx80.vtx,5445,1053
models/props_downtown/door_trim_exterior_02.dx90.vtx,5445,1054
models/props_downtown/door_trim_exterior_02.mdl,1772,465
models/props_downtown/door_trim_exterior_02.phy,2006,1186
models/props_downtown/door_trim_exterior_02.sw.vtx,5445,1052
models/props_downtown/door_trim_exterior_02.vvd,26432,5717
models/props_downtown/dormer_window01.dx80.vtx,11592,1988
models/props_downtown/dormer_window01.dx90.vtx,11592,1988
models/props_downtown/dormer_window01.mdl,1756,456
models/props_downtown/dormer_window01.phy,1204,743
models/props_downtown/dormer_window01.sw.vtx,11592,1991
models/props_downtown/dormer_window01.vvd,56448,11220
models/props_downtown/dormer_window02.dx80.vtx,3078,663
models/props_downtown/dormer_window02.dx90.vtx,3078,664
models/props_downtown/dormer_window02.mdl,1756,463
models/props_downtown/dormer_window02.phy,820,550
models/props_downtown/dormer_window02.sw.vtx,3078,664
models/props_downtown/dormer_window02.vvd,15104,2977
models/props_downtown/fan_ceiling.dx80.vtx,10386,1855
models/props_downtown/fan_ceiling.dx90.vtx,10386,1856
models/props_downtown/fan_ceiling.mdl,1764,437
models/props_downtown/fan_ceiling.sw.vtx,10386,1834
models/props_downtown/fan_ceiling.vvd,44928,10750
models/props_downtown/fan_ceiling32.dx80.vtx,10128,1847
models/props_downtown/fan_ceiling32.dx90.vtx,10128,1847
models/props_downtown/fan_ceiling32.mdl,1764,437
models/props_downtown/fan_ceiling32.sw.vtx,10128,1781
models/props_downtown/fan_ceiling32.vvd,43776,10473
models/props_downtown/fan_ceiling_blade_static.dx80.vtx,7614,1447
models/props_downtown/fan_ceiling_blade_static.dx90.vtx,7614,1448
models/props_downtown/fan_ceiling_blade_static.mdl,1776,463
models/props_downtown/fan_ceiling_blade_static.sw.vtx,7614,1461
models/props_downtown/fan_ceiling_blade_static.vvd,34688,10438
models/props_downtown/gutter_downspout_corner01.dx80.vtx,5916,1188
models/props_downtown/gutter_downspout_corner01.dx90.vtx,5916,1188
models/props_downtown/gutter_downspout_corner01.mdl,1772,470
models/props_downtown/gutter_downspout_corner01.phy,2036,1240
models/props_downtown/gutter_downspout_corner01.sw.vtx,5916,1183
models/props_downtown/gutter_downspout_corner01.vvd,25856,7719
models/props_downtown/gutter_downspout_straight01.dx80.vtx,4821,897
models/props_downtown/gutter_downspout_straight01.dx90.vtx,4821,897
models/props_downtown/gutter_downspout_straight01.mdl,1776,475
models/props_downtown/gutter_downspout_straight01.phy,726,472
models/props_downtown/gutter_downspout_straight01.sw.vtx,4821,896
models/props_downtown/gutter_downspout_straight01.vvd,23616,3413
models/props_downtown/gutter_downspout_straight02.dx80.vtx,5217,1035
models/props_downtown/gutter_downspout_straight02.dx90.vtx,5217,1035
models/props_downtown/gutter_downspout_straight02.mdl,1768,462
models/props_downtown/gutter_downspout_straight02.phy,4761,2601
models/props_downtown/gutter_downspout_straight02.sw.vtx,5217,1029
models/props_downtown/gutter_downspout_straight02.vvd,24128,5192
models/props_downtown/gutter_downspout_straight_160_01.dx80.vtx,2781,608
models/props_downtown/gutter_downspout_straight_160_01.dx90.vtx,2781,609
models/props_downtown/gutter_downspout_straight_160_01.mdl,1772,463
models/props_downtown/gutter_downspout_straight_160_01.phy,734,485
models/props_downtown/gutter_downspout_straight_160_01.sw.vtx,2781,606
models/props_downtown/gutter_downspout_straight_160_01.vvd,13376,2166
models/props_downtown/gutter_downspout_straight_160_02.dx80.vtx,4632,956
models/props_downtown/gutter_downspout_straight_160_02.dx90.vtx,4632,965
models/props_downtown/gutter_downspout_straight_160_02.mdl,1772,464
models/props_downtown/gutter_downspout_straight_160_02.phy,3180,1786
models/props_downtown/gutter_downspout_straight_160_02.sw.vtx,4632,949
models/props_downtown/gutter_downspout_straight_160_02.vvd,22016,4511
models/props_downtown/light01_64.dx80.vtx,9306,1835
models/props_downtown/light01_64.dx90.vtx,9306,1835
models/props_downtown/light01_64.mdl,1760,436
models/props_downtown/light01_64.sw.vtx,9306,1731
models/props_downtown/light01_64.vvd,38272,9622
models/props_downtown/light02_128.dx80.vtx,8148,1564
models/props_downtown/light02_128.dx90.vtx,8148,1568
models/props_downtown/light02_128.mdl,1764,421
models/props_downtown/light02_128.sw.vtx,8148,1497
models/props_downtown/light02_128.vvd,35584,8189
models/props_downtown/light02_32.dx80.vtx,7908,1486
models/props_downtown/light02_32.dx90.vtx,7908,1485
models/props_downtown/light02_32.mdl,1760,434
models/props_downtown/light02_32.sw.vtx,7908,1434
models/props_downtown/light02_32.vvd,34560,7885
models/props_downtown/parade_float.dx80.vtx,119167,23636
models/props_downtown/parade_float.dx90.vtx,119167,23636
models/props_downtown/parade_float.mdl,6048,1644
models/props_downtown/parade_float.phy,20905,9077
models/props_downtown/parade_float.sw.vtx,119143,23036
models/props_downtown/parade_float.vvd,457920,156335
models/props_downtown/pooltable.dx80.vtx,41076,6329
models/props_downtown/pooltable.dx90.vtx,41076,6346
models/props_downtown/pooltable.mdl,1752,440
models/props_downtown/pooltable.phy,6075,3483
models/props_downtown/pooltable.sw.vtx,41076,6320
models/props_downtown/pooltable.vvd,184320,47849
models/props_downtown/railing01_128.dx80.vtx,2109,482
models/props_downtown/railing01_128.dx90.vtx,2109,482
models/props_downtown/railing01_128.mdl,1752,444
models/props_downtown/railing01_128.phy,713,459
models/props_downtown/railing01_128.sw.vtx,2109,479
models/props_downtown/railing01_128.vvd,9792,1968
models/props_downtown/railing01_256.dx80.vtx,3171,689
models/props_downtown/railing01_256.dx90.vtx,3171,689
models/props_downtown/railing01_256.mdl,1752,443
models/props_downtown/railing01_256.phy,714,457
models/props_downtown/railing01_256.sw.vtx,3171,688
models/props_downtown/railing01_256.vvd,14784,2643
models/props_downtown/railing01_256_broken.dx80.vtx,8154,1465
models/props_downtown/railing01_256_broken.dx90.vtx,8154,1467
models/props_downtown/railing01_256_broken.mdl,1760,452
models/props_downtown/railing01_256_broken.phy,1883,1226
models/props_downtown/railing01_256_broken.sw.vtx,8154,1481
models/props_downtown/railing01_256_broken.vvd,38272,8120
models/props_downtown/railing01_62.dx80.vtx,1629,402
models/props_downtown/railing01_62.dx90.vtx,1629,403
models/props_downtown/railing01_62.mdl,1752,447
models/props_downtown/railing01_62.phy,710,457
models/props_downtown/railing01_62.sw.vtx,1629,401
models/props_downtown/railing01_62.vvd,7232,1720
models/props_downtown/railing01_94.dx80.vtx,1725,422
models/props_downtown/railing01_94.dx90.vtx,1725,423
models/props_downtown/railing01_94.mdl,1752,444
models/props_downtown/railing01_94.phy,712,463
models/props_downtown/railing01_94.sw.vtx,1725,422
models/props_downtown/railing01_94.vvd,7744,1634
models/props_downtown/railing03_128.dx80.vtx,2565,535
models/props_downtown/railing03_128.dx90.vtx,2565,535
models/props_downtown/railing03_128.mdl,1752,448
models/props_downtown/railing03_128.phy,713,459
models/props_downtown/railing03_128.sw.vtx,2565,533
models/props_downtown/railing03_128.vvd,12864,2537
models/props_downtown/railing03_128_broken.dx80.vtx,5871,1056
models/props_downtown/railing03_128_broken.dx90.vtx,5871,1056
models/props_downtown/railing03_128_broken.mdl,1760,460
models/props_downtown/railing03_128_broken.phy,2504,1538
models/props_downtown/railing03_128_broken.sw.vtx,5871,1055
models/props_downtown/railing03_128_broken.vvd,29632,6834
models/props_downtown/railing03_256.dx80.vtx,3045,601
models/props_downtown/railing03_256.dx90.vtx,3045,602
models/props_downtown/railing03_256.mdl,1752,442
models/props_downtown/railing03_256.phy,714,456
models/props_downtown/railing03_256.sw.vtx,3045,601
models/props_downtown/railing03_256.vvd,15424,2621
models/props_downtown/railing03_62.dx80.vtx,2085,457
models/props_downtown/railing03_62.dx90.vtx,2085,457
models/props_downtown/railing03_62.mdl,1752,447
models/props_downtown/railing03_62.phy,710,456
models/props_downtown/railing03_62.sw.vtx,2085,456
models/props_downtown/railing03_62.vvd,10304,2178
models/props_downtown/railing04_128.dx80.vtx,2181,473
models/props_downtown/railing04_128.dx90.vtx,2181,474
models/props_downtown/railing04_128.mdl,1752,442
models/props_downtown/railing04_128.phy,713,459
models/props_downtown/railing04_128.sw.vtx,2181,472
models/props_downtown/railing04_128.vvd,10816,2063
models/props_downtown/railing04_256.dx80.vtx,2469,519
models/props_downtown/railing04_256.dx90.vtx,2469,520
models/props_downtown/railing04_256.mdl,1752,443
models/props_downtown/railing04_256.phy,714,457
models/props_downtown/railing04_256.sw.vtx,2469,513
models/props_downtown/railing04_256.vvd,12352,2246
models/props_downtown/railing04_62.dx80.vtx,1701,392
models/props_downtown/railing04_62.dx90.vtx,1701,393
models/props_downtown/railing04_62.mdl,1752,446
models/props_downtown/railing04_62.phy,710,457
models/props_downtown/railing04_62.sw.vtx,1701,391
models/props_downtown/railing04_62.vvd,8256,1753
models/props_downtown/railing04_94.dx80.vtx,1701,392
models/props_downtown/railing04_94.dx90.vtx,1701,393
models/props_downtown/railing04_94.mdl,1752,444
models/props_downtown/railing04_94.phy,712,463
models/props_downtown/railing04_94.sw.vtx,1701,392
models/props_downtown/railing04_94.vvd,8256,1685
models/props_downtown/railing_04_256_broken.dx80.vtx,6537,1098
models/props_downtown/railing_04_256_broken.dx90.vtx,6537,1099
models/props_downtown/railing_04_256_broken.mdl,1760,450
models/props_downtown/railing_04_256_broken.phy,3580,2189
models/props_downtown/railing_04_256_broken.sw.vtx,6537,1099
models/props_downtown/railing_04_256_broken.vvd,33600,7576
models/props_downtown/railing_154_left.dx80.vtx,6930,1269
models/props_downtown/railing_154_left.dx90.vtx,6930,1271
models/props_downtown/railing_154_left.mdl,1756,426
models/props_downtown/railing_154_left.sw.vtx,6930,1210
models/props_downtown/railing_154_left.vvd,34176,7780
models/props_downtown/railing_brace.dx80.vtx,5322,1022
models/props_downtown/railing_brace.dx90.vtx,5322,1024
models/props_downtown/railing_brace.mdl,1752,424
models/props_downtown/railing_brace.sw.vtx,5322,1015
models/props_downtown/railing_brace.vvd,25728,6656
models/props_downtown/railing_brace01.dx80.vtx,8004,1548
models/props_downtown/railing_brace01.dx90.vtx,8004,1548
models/props_downtown/railing_brace01.mdl,1756,437
models/props_downtown/railing_brace01.sw.vtx,8004,1441
models/props_downtown/railing_brace01.vvd,35200,7506
models/props_downtown/railing_brace02.dx80.vtx,8127,1400
models/props_downtown/railing_brace02.dx90.vtx,8127,1399
models/props_downtown/railing_brace02.mdl,1752,435
models/props_downtown/railing_brace02.sw.vtx,8127,1375
models/props_downtown/railing_brace02.vvd,39104,6595
models/props_downtown/railing_brace03.dx80.vtx,951,260
models/props_downtown/railing_brace03.dx90.vtx,951,262
models/props_downtown/railing_brace03.mdl,1752,426
models/props_downtown/railing_brace03.sw.vtx,951,260
models/props_downtown/railing_brace03.vvd,4032,1058
models/props_downtown/railing_edge_broken.dx80.vtx,3441,776
models/props_downtown/railing_edge_broken.dx90.vtx,3441,778
models/props_downtown/railing_edge_broken.mdl,1760,447
models/props_downtown/railing_edge_broken.phy,2323,1381
models/props_downtown/railing_edge_broken.sw.vtx,3441,776
models/props_downtown/railing_edge_broken.vvd,16704,3865
models/props_downtown/railing_frame_154.dx80.vtx,19881,2669
models/props_downtown/railing_frame_154.dx90.vtx,19881,2669
models/props_downtown/railing_frame_154.mdl,1756,442
models/props_downtown/railing_frame_154.phy,2264,1224
models/props_downtown/railing_frame_154.sw.vtx,19881,2696
models/props_downtown/railing_frame_154.vvd,101184,17208
models/props_downtown/railing_frame_154_94.dx80.vtx,13302,2043
models/props_downtown/railing_frame_154_94.dx90.vtx,13302,2045
models/props_downtown/railing_frame_154_94.mdl,1760,441
models/props_downtown/railing_frame_154_94.phy,1778,1034
models/props_downtown/railing_frame_154_94.sw.vtx,13302,2042
models/props_downtown/railing_frame_154_94.vvd,68224,11924
models/props_downtown/railing_frame_curved.dx80.vtx,30600,4376
models/props_downtown/railing_frame_curved.dx90.vtx,30600,4375
models/props_downtown/railing_frame_curved.mdl,1760,462
models/props_downtown/railing_frame_curved.phy,7573,3709
models/props_downtown/railing_frame_curved.sw.vtx,30600,4380
models/props_downtown/railing_frame_curved.vvd,148736,29998
models/props_downtown/shutters_128_closed.dx80.vtx,8034,1444
models/props_downtown/shutters_128_closed.dx90.vtx,8034,1452
models/props_downtown/shutters_128_closed.mdl,1760,451
models/props_downtown/shutters_128_closed.phy,722,481
models/props_downtown/shutters_128_closed.sw.vtx,8034,1436
models/props_downtown/shutters_128_closed.vvd,39296,5923
models/props_downtown/shutters_128_open.dx80.vtx,8955,1550
models/props_downtown/shutters_128_open.dx90.vtx,8955,1551
models/props_downtown/shutters_128_open.mdl,1756,456
models/props_downtown/shutters_128_open.phy,1384,869
models/props_downtown/shutters_128_open.sw.vtx,8955,1552
models/props_downtown/shutters_128_open.vvd,44480,5967
models/props_downtown/shutters_128_openclosed.dx80.vtx,8481,1523
models/props_downtown/shutters_128_openclosed.dx90.vtx,8481,1524
models/props_downtown/shutters_128_openclosed.mdl,1764,453
models/props_downtown/shutters_128_openclosed.phy,1486,933
models/props_downtown/shutters_128_openclosed.sw.vtx,8481,1510
models/props_downtown/shutters_128_openclosed.vvd,41792,5853
models/props_downtown/shutters_96_closed.dx80.vtx,7467,1401
models/props_downtown/shutters_96_closed.dx90.vtx,7467,1401
models/props_downtown/shutters_96_closed.mdl,1760,443
models/props_downtown/shutters_96_closed.phy,721,471
models/props_downtown/shutters_96_closed.sw.vtx,7467,1353
models/props_downtown/shutters_96_closed.vvd,36800,5914
models/props_downtown/shutters_96_open.dx80.vtx,7845,1429
models/props_downtown/shutters_96_open.dx90.vtx,7845,1429
models/props_downtown/shutters_96_open.mdl,1756,451
models/props_downtown/shutters_96_open.phy,1415,864
models/props_downtown/shutters_96_open.sw.vtx,7845,1434
models/props_downtown/shutters_96_open.vvd,38464,5856
models/props_downtown/shutters_96_open02.dx80.vtx,7059,1306
models/props_downtown/shutters_96_open02.dx90.vtx,7059,1306
models/props_downtown/shutters_96_open02.mdl,1760,458
models/props_downtown/shutters_96_open02.phy,1417,865
models/props_downtown/shutters_96_open02.sw.vtx,7059,1307
models/props_downtown/shutters_96_open02.vvd,35264,5074
models/props_downtown/shutters_96_openclosed.dx80.vtx,7101,1272
models/props_downtown/shutters_96_openclosed.dx90.vtx,7101,1272
models/props_downtown/shutters_96_openclosed.mdl,1764,443
models/props_downtown/shutters_96_openclosed.phy,1485,912
models/props_downtown/shutters_96_openclosed.sw.vtx,7101,1273
models/props_downtown/shutters_96_openclosed.vvd,34880,5662
models/props_downtown/shutters_96_openclosed02.dx80.vtx,5802,1125
models/props_downtown/shutters_96_openclosed02.dx90.vtx,5802,1121
models/props_downtown/shutters_96_openclosed02.mdl,1764,446
models/props_downtown/shutters_96_openclosed02.phy,1487,915
models/props_downtown/shutters_96_openclosed02.sw.vtx,5802,1122
models/props_downtown/shutters_96_openclosed02.vvd,28544,4572
models/props_downtown/sign_noparking.dx80.vtx,2757,618
models/props_downtown/sign_noparking.dx90.vtx,2757,618
models/props_downtown/sign_noparking.mdl,1772,476
models/props_downtown/sign_noparking.phy,711,454
models/props_downtown/sign_noparking.sw.vtx,2757,618
models/props_downtown/sign_noparking.vvd,11840,2695
models/props_downtown/sign_oneway.dx80.vtx,1953,478
models/props_downtown/sign_oneway.dx90.vtx,1953,475
models/props_downtown/sign_oneway.mdl,1768,471
models/props_downtown/sign_oneway.phy,708,451
models/props_downtown/sign_oneway.sw.vtx,1953,477
models/props_downtown/sign_oneway.vvd,8256,1834
models/props_downtown/sign_post.dx80.vtx,4203,840
models/props_downtown/sign_post.dx90.vtx,4203,841
models/props_downtown/sign_post.mdl,1752,432
models/props_downtown/sign_post.phy,705,452
models/props_downtown/sign_post.sw.vtx,4203,815
models/props_downtown/sign_post.vvd,17856,4154
models/props_downtown/sign_stop.dx80.vtx,2415,550
models/props_downtown/sign_stop.dx90.vtx,2415,549
models/props_downtown/sign_stop.mdl,1764,469
models/props_downtown/sign_stop.phy,1092,680
models/props_downtown/sign_stop.sw.vtx,2415,549
models/props_downtown/sign_stop.vvd,10432,1795
models/props_downtown/street_lamp01.dx80.vtx,18078,3284
models/props_downtown/street_lamp01.dx90.vtx,18078,3300
models/props_downtown/street_lamp01.mdl,1772,448
models/props_downtown/street_lamp01.phy,2971,1698
models/props_downtown/street_lamp01.sw.vtx,18078,3322
models/props_downtown/street_lamp01.vvd,76416,23409
models/props_downtown/street_lamp_wall01.dx80.vtx,4554,923
models/props_downtown/street_lamp_wall01.dx90.vtx,4554,925
models/props_downtown/street_lamp_wall01.mdl,1764,462
models/props_downtown/street_lamp_wall01.phy,2470,1508
models/props_downtown/street_lamp_wall01.sw.vtx,4554,925
models/props_downtown/street_lamp_wall01.vvd,21248,4993
models/props_downtown/trim_exterior_edge_160.dx80.vtx,3948,859
models/props_downtown/trim_exterior_edge_160.dx90.vtx,3948,860
models/props_downtown/trim_exterior_edge_160.mdl,1772,461
models/props_downtown/trim_exterior_edge_160.phy,724,455
models/props_downtown/trim_exterior_edge_160.sw.vtx,3948,859
models/props_downtown/trim_exterior_edge_160.vvd,17792,5073
models/props_downtown/trim_exterior_edge_192.dx80.vtx,3408,748
models/props_downtown/trim_exterior_edge_192.dx90.vtx,3408,753
models/props_downtown/trim_exterior_edge_192.mdl,1772,457
models/props_downtown/trim_exterior_edge_192.phy,724,448
models/props_downtown/trim_exterior_edge_192.sw.vtx,3408,747
models/props_downtown/trim_exterior_edge_192.vvd,14720,4157
models/props_downtown/window01_56_96.dx80.vtx,3309,686
models/props_downtown/window01_56_96.dx90.vtx,3309,686
models/props_downtown/window01_56_96.mdl,1768,455
models/props_downtown/window01_56_96.phy,717,478
models/props_downtown/window01_56_96.sw.vtx,3309,686
models/props_downtown/window01_56_96.vvd,16704,3196
models/props_downtown/window01_56_96_flat.dx80.vtx,6459,1269
models/props_downtown/window01_56_96_flat.dx90.vtx,6459,1269
models/props_downtown/window01_56_96_flat.mdl,1772,476
models/props_downtown/window01_56_96_flat.phy,722,476
models/props_downtown/window01_56_96_flat.sw.vtx,6459,1257
models/props_downtown/window01_56_96_flat.vvd,29248,6879
models/props_downtown/window02_56_96_flat.dx80.vtx,4860,1066
models/props_downtown/window02_56_96_flat.dx90.vtx,4860,1066
models/props_downtown/window02_56_96_flat.mdl,1772,473
models/props_downtown/window02_56_96_flat.phy,722,470
models/props_downtown/window02_56_96_flat.sw.vtx,4860,1100
models/props_downtown/window02_56_96_flat.vvd,21760,6014
models/props_downtown/window03_56_96.dx80.vtx,4239,868
models/props_downtown/window03_56_96.dx90.vtx,4239,868
models/props_downtown/window03_56_96.mdl,1768,458
models/props_downtown/window03_56_96.phy,717,477
models/props_downtown/window03_56_96.sw.vtx,4239,869
models/props_downtown/window03_56_96.vvd,19648,4303
models/props_downtown/window03_56_96_flat.dx80.vtx,7041,1299
models/props_downtown/window03_56_96_flat.dx90.vtx,7041,1299
models/props_downtown/window03_56_96_flat.mdl,1772,473
models/props_downtown/window03_56_96_flat.phy,722,470
models/props_downtown/window03_56_96_flat.sw.vtx,7041,1303
models/props_downtown/window03_56_96_flat.vvd,33856,7013
models/props_downtown/window06_48_96_flat.dx80.vtx,2157,527
models/props_downtown/window06_48_96_flat.dx90.vtx,2157,527
models/props_downtown/window06_48_96_flat.mdl,1772,476
models/props_downtown/window06_48_96_flat.phy,722,470
models/props_downtown/window06_48_96_flat.sw.vtx,2157,523
models/props_downtown/window06_48_96_flat.vvd,9792,2763
models/props_downtown/window07_32_72.dx80.vtx,4728,938
models/props_downtown/window07_32_72.dx90.vtx,4728,937
models/props_downtown/window07_32_72.mdl,1768,468
models/props_downtown/window07_32_72.phy,1004,665
models/props_downtown/window07_32_72.sw.vtx,4728,945
models/props_downtown/window07_32_72.vvd,22656,5730
models/props_downtown/window07_32_72_flat.dx80.vtx,3813,836
models/props_downtown/window07_32_72_flat.dx90.vtx,3813,836
models/props_downtown/window07_32_72_flat.mdl,1772,473
models/props_downtown/window07_32_72_flat.phy,1106,729
models/props_downtown/window07_32_72_flat.sw.vtx,3813,837
models/props_downtown/window07_32_72_flat.vvd,17856,5619
models/props_downtown/window08_56_128.dx80.vtx,7515,1223
models/props_downtown/window08_56_128.dx90.vtx,7515,1224
models/props_downtown/window08_56_128.mdl,1768,460
models/props_downtown/window08_56_128.phy,720,479
models/props_downtown/window08_56_128.sw.vtx,7515,1221
models/props_downtown/window08_56_128.vvd,38080,6083
models/props_downtown/window08_56_128_flat.dx80.vtx,4137,855
models/props_downtown/window08_56_128_flat.dx90.vtx,4137,856
models/props_downtown/window08_56_128_flat.mdl,1772,477
models/props_downtown/window08_56_128_flat.phy,725,473
models/props_downtown/window08_56_128_flat.sw.vtx,4137,855
models/props_downtown/window08_56_128_flat.vvd,20032,3923
models/props_downtown/window09_56_128.dx80.vtx,3129,655
models/props_downtown/window09_56_128.dx90.vtx,3129,656
models/props_downtown/window09_56_128.mdl,1768,455
models/props_downtown/window09_56_128.phy,720,479
models/props_downtown/window09_56_128.sw.vtx,3129,655
models/props_downtown/window09_56_128.vvd,15424,3901
models/props_downtown/window09_56_128_flat.dx80.vtx,3723,780
models/props_downtown/window09_56_128_flat.dx90.vtx,3723,780
models/props_downtown/window09_56_128_flat.mdl,1772,479
models/props_downtown/window09_56_128_flat.phy,725,470
models/props_downtown/window09_56_128_flat.sw.vtx,3723,779
models/props_downtown/window09_56_128_flat.vvd,18368,4326
models/props_downtown/window_interior01.dx80.vtx,17010,2553
models/props_downtown/window_interior01.dx90.vtx,17010,2553
models/props_downtown/window_interior01.mdl,1764,471
models/props_downtown/window_interior01.phy,720,467
models/props_downtown/window_interior01.sw.vtx,17010,2555
models/props_downtown/window_interior01.vvd,88448,14933
models/props_downtown/window_interior02.dx80.vtx,9978,1669
models/props_downtown/window_interior02.dx90.vtx,9978,1650
models/props_downtown/window_interior02.mdl,1764,465
models/props_downtown/window_interior02.phy,720,467
models/props_downtown/window_interior02.sw.vtx,9978,1671
models/props_downtown/window_interior02.vvd,50432,10613
models/props_downtown/window_interior03.dx80.vtx,13890,2087
models/props_downtown/window_interior03.dx90.vtx,13890,2086
models/props_downtown/window_interior03.mdl,1764,465
models/props_downtown/window_interior03.phy,722,465
models/props_downtown/window_interior03.sw.vtx,13890,2091
models/props_downtown/window_interior03.vvd,70144,17615
models/props_downtown/window_interior_frame01.dx80.vtx,5685,1003
models/props_downtown/window_interior_frame01.dx90.vtx,5685,1003
models/props_downtown/window_interior_frame01.mdl,1776,476
models/props_downtown/window_interior_frame01.phy,3264,1811
models/props_downtown/window_interior_frame01.sw.vtx,5685,1001
models/props_downtown/window_interior_frame01.vvd,29248,5416
models/props_downtown/window_interior_frame03.dx80.vtx,3927,765
models/props_downtown/window_interior_frame03.dx90.vtx,3927,764
models/props_downtown/window_interior_frame03.mdl,1776,474
models/props_downtown/window_interior_frame03.phy,2880,1679
models/props_downtown/window_interior_frame03.sw.vtx,3927,765
models/props_downtown/window_interior_frame03.vvd,20160,3766
models/props_equipment/firehosebox01.dx80.vtx,47965,8492
models/props_equipment/firehosebox01.dx90.vtx,47965,8503
models/props_equipment/firehosebox01.mdl,1884,504
models/props_equipment/firehosebox01.phy,2627,1548
models/props_equipment/firehosebox01.sw.vtx,47965,8335
models/props_equipment/firehosebox01.vvd,134400,41850
models/props_equipment/firepipe02.dx80.vtx,104125,15486
models/props_equipment/firepipe02.dx90.vtx,104125,15487
models/props_equipment/firepipe02.mdl,1768,465
models/props_equipment/firepipe02.phy,3689,2221
models/props_equipment/firepipe02.sw.vtx,104125,14906
models/props_equipment/firepipe02.vvd,220992,44483
models/props_equipment/light_floodlight.dx80.vtx,47658,7112
models/props_equipment/light_floodlight.dx90.vtx,47658,7113
models/props_equipment/light_floodlight.mdl,2120,559
models/props_equipment/light_floodlight.phy,1916,1228
models/props_equipment/light_floodlight.sw.vtx,47658,7113
models/props_equipment/light_floodlight.vvd,224896,51300
models/props_equipment/metalladder002.dx80.vtx,5211,1016
models/props_equipment/metalladder002.dx90.vtx,5211,1017
models/props_equipment/metalladder002.mdl,1768,436
models/props_equipment/metalladder002.phy,1612,979
models/props_equipment/metalladder002.sw.vtx,5211,1025
models/props_equipment/metalladder002.vvd,23232,5486
models/props_equipment/phone_booth.dx80.vtx,8661,1579
models/props_equipment/phone_booth.dx90.vtx,8661,1579
models/props_equipment/phone_booth.mdl,1772,455
models/props_equipment/phone_booth.phy,1101,695
models/props_equipment/phone_booth.sw.vtx,8661,1576
models/props_equipment/phone_booth.vvd,40384,13043
models/props_equipment/snack_machine2.dx80.vtx,70406,10847
models/props_equipment/snack_machine2.dx90.vtx,70406,10848
models/props_equipment/snack_machine2.mdl,1780,459
models/props_equipment/snack_machine2.phy,2593,1335
models/props_equipment/snack_machine2.sw.vtx,70406,11359
models/props_equipment/snack_machine2.vvd,302528,44413
models/props_foliage/urban_balcony_planter01.dx80.vtx,9459,1903
models/props_foliage/urban_balcony_planter01.dx90.vtx,9459,1886
models/props_foliage/urban_balcony_planter01.mdl,1992,517
models/props_foliage/urban_balcony_planter01.phy,723,484
models/props_foliage/urban_balcony_planter01.sw.vtx,9459,1900
models/props_foliage/urban_balcony_planter01.vvd,41472,20215
models/props_foliage/urban_balcony_planter02.dx80.vtx,11118,2143
models/props_foliage/urban_balcony_planter02.dx90.vtx,11118,2149
models/props_foliage/urban_balcony_planter02.mdl,1992,516
models/props_foliage/urban_balcony_planter02.phy,723,484
models/props_foliage/urban_balcony_planter02.sw.vtx,11118,2143
models/props_foliage/urban_balcony_planter02.vvd,47552,22954
models/props_foliage/urban_bigplant01.dx80.vtx,10641,2422
models/props_foliage/urban_bigplant01.dx90.vtx,10641,2422
models/props_foliage/urban_bigplant01.mdl,1780,466
models/props_foliage/urban_bigplant01.sw.vtx,10641,2415
models/props_foliage/urban_bigplant01.vvd,39488,22270
models/props_foliage/urban_bush01.dx80.vtx,24858,4724
models/props_foliage/urban_bush01.dx90.vtx,24858,4709
models/props_foliage/urban_bush01.mdl,1776,465
models/props_foliage/urban_bush01.sw.vtx,24858,4729
models/props_foliage/urban_bush01.vvd,104320,55592
models/props_foliage/urban_grass_bush01.dx80.vtx,23493,2988
models/props_foliage/urban_grass_bush01.dx90.vtx,23493,2988
models/props_foliage/urban_grass_bush01.mdl,1780,462
models/props_foliage/urban_grass_bush01.sw.vtx,23493,2989
models/props_foliage/urban_grass_bush01.vvd,106816,57720
models/props_foliage/urban_hedge_256_128_seethrough.dx80.vtx,14190,2656
models/props_foliage/urban_hedge_256_128_seethrough.dx90.vtx,14190,2652
models/props_foliage/urban_hedge_256_128_seethrough.mdl,1792,475
models/props_foliage/urban_hedge_256_128_seethrough.phy,1691,1132
models/props_foliage/urban_hedge_256_128_seethrough.sw.vtx,14190,2652
models/props_foliage/urban_hedge_256_128_seethrough.vvd,65024,33590
models/props_foliage/urban_palm01.dx80.vtx,38823,6974
models/props_foliage/urban_palm01.dx90.vtx,38823,7355
models/props_foliage/urban_palm01.mdl,1980,507
models/props_foliage/urban_palm01.phy,3768,2181
models/props_foliage/urban_palm01.sw.vtx,38823,7290
models/props_foliage/urban_palm01.vvd,149248,71007
models/props_foliage/urban_palm01_small.dx80.vtx,32562,6639
models/props_foliage/urban_palm01_small.dx90.vtx,32562,6641
models/props_foliage/urban_palm01_small.mdl,1988,505
models/props_foliage/urban_palm01_small.phy,3867,2342
models/props_foliage/urban_palm01_small.sw.vtx,32562,6666
models/props_foliage/urban_palm01_small.vvd,121536,58820
models/props_foliage/urban_pot_clay01.dx80.vtx,20397,3057
models/props_foliage/urban_pot_clay01.dx90.vtx,20397,3056
models/props_foliage/urban_pot_clay01.mdl,1988,512
models/props_foliage/urban_pot_clay01.phy,1100,688
models/props_foliage/urban_pot_clay01.sw.vtx,20397,3015
models/props_foliage/urban_pot_clay01.vvd,91904,41826
models/props_foliage/urban_pot_clay02.dx80.vtx,13149,2512
models/props_foliage/urban_pot_clay02.dx90.vtx,13149,2512
models/props_foliage/urban_pot_clay02.mdl,1988,512
models/props_foliage/urban_pot_clay02.phy,1100,694
models/props_foliage/urban_pot_clay02.sw.vtx,13149,2520
models/props_foliage/urban_pot_clay02.vvd,55168,25112
models/props_foliage/urban_pot_clay03.dx80.vtx,7863,1480
models/props_foliage/urban_pot_clay03.dx90.vtx,7863,1479
models/props_foliage/urban_pot_clay03.mdl,1988,518
models/props_foliage/urban_pot_clay03.phy,1100,688
models/props_foliage/urban_pot_clay03.sw.vtx,7863,1485
models/props_foliage/urban_pot_clay03.vvd,33536,13767
models/props_foliage/urban_pot_fancy01.dx80.vtx,28881,5454
models/props_foliage/urban_pot_fancy01.dx90.vtx,28881,5495
models/props_foliage/urban_pot_fancy01.mdl,1988,520
models/props_foliage/urban_pot_fancy01.phy,1472,961
models/props_foliage/urban_pot_fancy01.sw.vtx,28881,5394
models/props_foliage/urban_pot_fancy01.vvd,115456,54496
models/props_foliage/urban_pot_large01.dx80.vtx,9708,1929
models/props_foliage/urban_pot_large01.dx90.vtx,9708,1930
models/props_foliage/urban_pot_large01.mdl,1976,503
models/props_foliage/urban_pot_large01.phy,1776,1076
models/props_foliage/urban_pot_large01.sw.vtx,9708,1966
models/props_foliage/urban_pot_large01.vvd,39488,18244
models/props_foliage/urban_pot_square01.dx80.vtx,6402,1370
models/props_foliage/urban_pot_square01.dx90.vtx,6402,1371
models/props_foliage/urban_pot_square01.mdl,1972,514
models/props_foliage/urban_pot_square01.phy,718,466
models/props_foliage/urban_pot_square01.sw.vtx,6402,1381
models/props_foliage/urban_pot_square01.vvd,27584,12384
models/props_foliage/urban_pot_xlsquare01.dx80.vtx,14979,2723
models/props_foliage/urban_pot_xlsquare01.dx90.vtx,14979,2724
models/props_foliage/urban_pot_xlsquare01.mdl,1976,516
models/props_foliage/urban_pot_xlsquare01.phy,722,460
models/props_foliage/urban_pot_xlsquare01.sw.vtx,14979,2732
models/props_foliage/urban_pot_xlsquare01.vvd,67456,28692
models/props_foliage/urban_small_palm01.dx80.vtx,24039,4917
models/props_foliage/urban_small_palm01.dx90.vtx,24039,4937
models/props_foliage/urban_small_palm01.mdl,1984,499
models/props_foliage/urban_small_palm01.phy,1939,1184
models/props_foliage/urban_small_palm01.sw.vtx,24039,4982
models/props_foliage/urban_small_palm01.vvd,93568,45997
models/props_foliage/urban_streettree01.dx80.vtx,28995,5346
models/props_foliage/urban_streettree01.dx90.vtx,28995,5346
models/props_foliage/urban_streettree01.mdl,1988,515
models/props_foliage/urban_streettree01.phy,4158,2426
models/props_foliage/urban_streettree01.sw.vtx,28995,5261
models/props_foliage/urban_streettree01.vvd,125696,53463
models/props_foliage/urban_tree01.dx80.vtx,20916,4120
models/props_foliage/urban_tree01.dx90.vtx,20916,4126
models/props_foliage/urban_tree01.mdl,1980,504
models/props_foliage/urban_tree01.phy,4573,2656
models/props_foliage/urban_tree01.sw.vtx,20916,4122
models/props_foliage/urban_tree01.vvd,88384,45562
models/props_foliage/urban_tree_base_bushes01_large.dx80.vtx,9804,1864
models/props_foliage/urban_tree_base_bushes01_large.dx90.vtx,9804,1865
models/props_foliage/urban_tree_base_bushes01_large.mdl,1792,467
models/props_foliage/urban_tree_base_bushes01_large.sw.vtx,9804,1858
models/props_foliage/urban_tree_base_bushes01_large.vvd,44928,21983
models/props_foliage/urban_tree_giant01_medium.dx80.vtx,89913,15612
models/props_foliage/urban_tree_giant01_medium.dx90.vtx,89913,15612
models/props_foliage/urban_tree_giant01_medium.mdl,1980,509
models/props_foliage/urban_tree_giant01_medium.phy,11384,6433
models/props_foliage/urban_tree_giant01_medium.sw.vtx,89913,15586
models/props_foliage/urban_tree_giant01_medium.vvd,398208,193682
models/props_foliage/urban_tree_giant01_small.dx80.vtx,90084,16659
models/props_foliage/urban_tree_giant01_small.dx90.vtx,90084,16641
models/props_foliage/urban_tree_giant01_small.mdl,1980,507
models/props_foliage/urban_tree_giant01_small.phy,9935,5624
models/props_foliage/urban_tree_giant01_small.sw.vtx,90084,16555
models/props_foliage/urban_tree_giant01_small.vvd,383680,194525
models/props_foliage/urban_tree_giant02_mediuma.dx80.vtx,87528,15300
models/props_foliage/urban_tree_giant02_mediuma.dx90.vtx,87528,15050
models/props_foliage/urban_tree_giant02_mediuma.mdl,1980,498
models/props_foliage/urban_tree_giant02_mediuma.phy,9761,5628
models/props_foliage/urban_tree_giant02_mediuma.sw.vtx,87528,14990
models/props_foliage/urban_tree_giant02_mediuma.vvd,389568,170068
models/props_foliage/urban_trees_dryleaves01.dx80.vtx,41493,7397
models/props_foliage/urban_trees_dryleaves01.dx90.vtx,41493,7397
models/props_foliage/urban_trees_dryleaves01.mdl,1988,504
models/props_foliage/urban_trees_dryleaves01.sw.vtx,41493,7408
models/props_foliage/urban_trees_dryleaves01.vvd,179584,86874
models/props_foliage/urban_vine01.dx80.vtx,18762,2604
models/props_foliage/urban_vine01.dx90.vtx,18762,2605
models/props_foliage/urban_vine01.mdl,1772,465
models/props_foliage/urban_vine01.sw.vtx,18762,2589
models/props_foliage/urban_vine01.vvd,84480,42923
models/props_foliage/urban_vine02.dx80.vtx,29964,4041
models/props_foliage/urban_vine02.dx90.vtx,29964,4042
models/props_foliage/urban_vine02.mdl,1772,465
models/props_foliage/urban_vine02.sw.vtx,29964,4036
models/props_foliage/urban_vine02.vvd,135552,68540
models/props_foliage/urban_vine03.dx80.vtx,12933,2087
models/props_foliage/urban_vine03.dx90.vtx,12933,2087
models/props_foliage/urban_vine03.mdl,1772,472
models/props_foliage/urban_vine03.sw.vtx,12933,2091
models/props_foliage/urban_vine03.vvd,58176,30053
models/props_foliage/urban_wall_basket01.dx80.vtx,14073,2223
models/props_foliage/urban_wall_basket01.dx90.vtx,14073,2224
models/props_foliage/urban_wall_basket01.mdl,1988,518
models/props_foliage/urban_wall_basket01.phy,1388,906
models/props_foliage/urban_wall_basket01.sw.vtx,14073,2226
models/props_foliage/urban_wall_basket01.vvd,63232,32311
models/props_foliage/urban_wall_basket02.dx80.vtx,11325,2136
models/props_foliage/urban_wall_basket02.dx90.vtx,11325,2136
models/props_foliage/urban_wall_basket02.mdl,1988,510
models/props_foliage/urban_wall_basket02.phy,1388,906
models/props_foliage/urban_wall_basket02.sw.vtx,11325,2130
models/props_foliage/urban_wall_basket02.vvd,48384,24912
models/props_fortifications/barricade001_128_reference.dx80.vtx,12135,1993
models/props_fortifications/barricade001_128_reference.dx90.vtx,12135,1994
models/props_fortifications/barricade001_128_reference.mdl,1792,457
models/props_fortifications/barricade001_128_reference.phy,2811,1470
models/props_fortifications/barricade001_128_reference.sw.vtx,12135,2029
models/props_fortifications/barricade001_128_reference.vvd,60608,7455
models/props_fortifications/barricade001_64_reference.dx80.vtx,10365,1669
models/props_fortifications/barricade001_64_reference.dx90.vtx,10365,1672
models/props_fortifications/barricade001_64_reference.mdl,1792,459
models/props_fortifications/barricade001_64_reference.phy,2698,1403
models/props_fortifications/barricade001_64_reference.sw.vtx,10365,1668
models/props_fortifications/barricade001_64_reference.vvd,51776,6872
models/props_fortifications/barricade_razorwire001_128_reference.dx80.vtx,24549,3437
models/props_fortifications/barricade_razorwire001_128_reference.dx90.vtx,24549,3438
models/props_fortifications/barricade_razorwire001_128_reference.mdl,1804,478
models/props_fortifications/barricade_razorwire001_128_reference.sw.vtx,24549,3293
models/props_fortifications/barricade_razorwire001_128_reference.vvd,109888,38343
models/props_fortifications/concrete_barrier001_128_reference.dx80.vtx,6621,1300
models/props_fortifications/concrete_barrier001_128_reference.dx90.vtx,6621,1311
models/props_fortifications/concrete_barrier001_128_reference.mdl,1792,457
models/props_fortifications/concrete_barrier001_128_reference.phy,2423,1314
models/props_fortifications/concrete_barrier001_128_reference.sw.vtx,6621,1323
models/props_fortifications/concrete_barrier001_128_reference.vvd,29248,5934
models/props_fortifications/concrete_barrier001_96_reference.dx80.vtx,7413,1425
models/props_fortifications/concrete_barrier001_96_reference.dx90.vtx,7413,1442
models/props_fortifications/concrete_barrier001_96_reference.mdl,1792,456
models/props_fortifications/concrete_barrier001_96_reference.phy,2278,1232
models/props_fortifications/concrete_barrier001_96_reference.sw.vtx,7413,1419
models/props_fortifications/concrete_barrier001_96_reference.vvd,34880,6567
models/props_fortifications/concrete_block001_128_reference.dx80.vtx,15678,3149
models/props_fortifications/concrete_block001_128_reference.dx90.vtx,15678,3191
models/props_fortifications/concrete_block001_128_reference.mdl,1796,454
models/props_fortifications/concrete_block001_128_reference.phy,734,459
models/props_fortifications/concrete_block001_128_reference.sw.vtx,15678,3110
models/props_fortifications/concrete_block001_128_reference.vvd,62336,14024
models/props_fortifications/concrete_wall001_96_reference.dx80.vtx,12258,2210
models/props_fortifications/concrete_wall001_96_reference.dx90.vtx,12258,2211
models/props_fortifications/concrete_wall001_96_reference.mdl,1796,459
models/props_fortifications/concrete_wall001_96_reference.phy,3454,1809
models/props_fortifications/concrete_wall001_96_reference.sw.vtx,12258,2162
models/props_fortifications/concrete_wall001_96_reference.vvd,54400,8500
models/props_fortifications/orange_cone001_reference.dx80.vtx,10137,1901
models/props_fortifications/orange_cone001_reference.dx90.vtx,10137,1913
models/props_fortifications/orange_cone001_reference.mdl,1864,506
models/props_fortifications/orange_cone001_reference.phy,1962,1160
models/props_fortifications/orange_cone001_reference.sw.vtx,10137,1852
models/props_fortifications/orange_cone001_reference.vvd,42816,11454
models/props_fortifications/police_barrier001_128_reference.dx80.vtx,25611,5133
models/props_fortifications/police_barrier001_128_reference.dx90.vtx,25611,5134
models/props_fortifications/police_barrier001_128_reference.mdl,1884,460
models/props_fortifications/police_barrier001_128_reference.phy,730,462
models/props_fortifications/police_barrier001_128_reference.sw.vtx,25611,4979
models/props_fortifications/police_barrier001_128_reference.vvd,105920,19212
models/props_fortifications/traffic_barrier001.dx80.vtx,19635,3472
models/props_fortifications/traffic_barrier001.dx90.vtx,19635,3472
models/props_fortifications/traffic_barrier001.mdl,1864,515
models/props_fortifications/traffic_barrier001.phy,4371,2149
models/props_fortifications/traffic_barrier001.sw.vtx,19635,3484
models/props_fortifications/traffic_barrier001.vvd,89024,17223
models/props_furniture/piano.dx80.vtx,7089,1322
models/props_furniture/piano.dx90.vtx,7089,1322
models/props_furniture/piano.mdl,1828,522
models/props_furniture/piano.phy,3595,1784
models/props_furniture/piano.sw.vtx,7089,1328
models/props_furniture/piano.vvd,32832,7256
models/props_highway/op_onramp_column.dx80.vtx,5742,1041
models/props_highway/op_onramp_column.dx90.vtx,5742,1120
models/props_highway/op_onramp_column.mdl,1728,447
models/props_highway/op_onramp_column.phy,1875,1044
models/props_highway/op_onramp_column.sw.vtx,5742,1017
models/props_highway/op_onramp_column.vvd,26240,10962
models/props_highway/op_straight_u.dx80.vtx,34605,5566
models/props_highway/op_straight_u.dx90.vtx,34605,5939
models/props_highway/op_straight_u.mdl,1728,435
models/props_highway/op_straight_u.phy,2200,1197
models/props_highway/op_straight_u.sw.vtx,34605,5631
models/props_highway/op_straight_u.vvd,161344,11024
models/props_highway/plywood_01.dx80.vtx,2049,509
models/props_highway/plywood_01.dx90.vtx,2049,535
models/props_highway/plywood_01.mdl,1664,401
models/props_highway/plywood_01.phy,707,449
models/props_highway/plywood_01.sw.vtx,2049,526
models/props_highway/plywood_01.vvd,9024,1533
models/props_highway/plywood_02.dx80.vtx,2385,594
models/props_highway/plywood_02.dx90.vtx,2385,593
models/props_highway/plywood_02.mdl,1664,400
models/props_highway/plywood_02.phy,707,434
models/props_highway/plywood_02.sw.vtx,2385,592
models/props_highway/plywood_02.vvd,10560,1747
models/props_highway/plywood_03.dx80.vtx,2445,602
models/props_highway/plywood_03.dx90.vtx,2445,624
models/props_highway/plywood_03.mdl,1664,401
models/props_highway/plywood_03.phy,707,436
models/props_highway/plywood_03.sw.vtx,2445,615
models/props_highway/plywood_03.vvd,10816,1836
models/props_highway/scaffolding_320.dx80.vtx,59229,10067
models/props_highway/scaffolding_320.dx90.vtx,59229,9774
models/props_highway/scaffolding_320.mdl,1728,446
models/props_highway/scaffolding_320.phy,8865,3838
models/props_highway/scaffolding_320.sw.vtx,59229,9641
models/props_highway/scaffolding_320.vvd,253504,20549
models/props_highway/scaffolding_320_base.dx80.vtx,7557,1403
models/props_highway/scaffolding_320_base.dx90.vtx,7557,1438
models/props_highway/scaffolding_320_base.mdl,1728,426
models/props_highway/scaffolding_320_base.sw.vtx,7557,1414
models/props_highway/scaffolding_320_base.vvd,35392,5297
models/props_highway/scaffolding_320_railing.dx80.vtx,5157,1170
models/props_highway/scaffolding_320_railing.dx90.vtx,5157,1174
models/props_highway/scaffolding_320_railing.mdl,1728,436
models/props_highway/scaffolding_320_railing.phy,718,471
models/props_highway/scaffolding_320_railing.sw.vtx,5157,1142
models/props_highway/scaffolding_320_railing.vvd,21312,2644
models/props_highway/scaffolding_96_railing.dx80.vtx,9909,2062
models/props_highway/scaffolding_96_railing.dx90.vtx,9909,2199
models/props_highway/scaffolding_96_railing.mdl,1728,452
models/props_highway/scaffolding_96_railing.phy,4253,2293
models/props_highway/scaffolding_96_railing.sw.vtx,9909,2003
models/props_highway/scaffolding_96_railing.vvd,40000,6356
models/props_highway/scaffolding_base_end.dx80.vtx,1995,482
models/props_highway/scaffolding_base_end.dx90.vtx,1995,483
models/props_highway/scaffolding_base_end.mdl,1728,426
models/props_highway/scaffolding_base_end.sw.vtx,1995,480
models/props_highway/scaffolding_base_end.vvd,8896,1297
models/props_highway/scaffolding_bracing_long.dx80.vtx,4863,1023
models/props_highway/scaffolding_bracing_long.dx90.vtx,4863,1057
models/props_highway/scaffolding_bracing_long.mdl,1728,451
models/props_highway/scaffolding_bracing_long.phy,719,515
models/props_highway/scaffolding_bracing_long.sw.vtx,4863,1010
models/props_highway/scaffolding_bracing_long.vvd,21696,4795
models/props_highway/scaffolding_bracing_medium.dx80.vtx,5832,1188
models/props_highway/scaffolding_bracing_medium.dx90.vtx,5832,1187
models/props_highway/scaffolding_bracing_medium.mdl,1728,451
models/props_highway/scaffolding_bracing_medium.phy,721,516
models/props_highway/scaffolding_bracing_medium.sw.vtx,5832,1164
models/props_highway/scaffolding_bracing_medium.vvd,25600,4446
models/props_highway/scaffolding_bracing_short.dx80.vtx,7905,1602
models/props_highway/scaffolding_bracing_short.dx90.vtx,7905,1651
models/props_highway/scaffolding_bracing_short.mdl,1728,448
models/props_highway/scaffolding_bracing_short.phy,912,602
models/props_highway/scaffolding_bracing_short.sw.vtx,7905,1570
models/props_highway/scaffolding_bracing_short.vvd,33600,5300
models/props_highway/scaffolding_end.dx80.vtx,14277,2724
models/props_highway/scaffolding_end.dx90.vtx,14277,2684
models/props_highway/scaffolding_end.mdl,1728,437
models/props_highway/scaffolding_end.phy,3801,2087
models/props_highway/scaffolding_end.sw.vtx,14277,2628
models/props_highway/scaffolding_end.vvd,60992,8179
models/props_highway/scaffolding_railing_end.dx80.vtx,2367,595
models/props_highway/scaffolding_railing_end.dx90.vtx,2367,602
models/props_highway/scaffolding_railing_end.mdl,1728,438
models/props_highway/scaffolding_railing_end.phy,717,458
models/props_highway/scaffolding_railing_end.sw.vtx,2367,604
models/props_highway/scaffolding_railing_end.vvd,9664,1842
models/props_interiors/bathroomsink01.dx80.vtx,8862,1804
models/props_interiors/bathroomsink01.dx90.vtx,8862,1804
models/props_interiors/bathroomsink01.mdl,1780,466
models/props_interiors/bathroomsink01.phy,2330,1573
models/props_interiors/bathroomsink01.sw.vtx,8862,1798
models/props_interiors/bathroomsink01.vvd,37888,17740
models/props_interiors/bathtub01.dx80.vtx,16922,3454
models/props_interiors/bathtub01.dx90.vtx,16922,3455
models/props_interiors/bathtub01.mdl,1768,456
models/props_interiors/bathtub01.phy,2710,1395
models/props_interiors/bathtub01.sw.vtx,16922,3408
models/props_interiors/bathtub01.vvd,63616,24905
models/props_interiors/bed.dx80.vtx,44575,8688
models/props_interiors/bed.dx90.vtx,44575,8688
models/props_interiors/bed.mdl,1760,450
models/props_interiors/bed.phy,2274,1398
models/props_interiors/bed.sw.vtx,44575,8773
models/props_interiors/bed.vvd,105344,35134
models/props_interiors/bookcase_48_96.dx80.vtx,3417,708
models/props_interiors/bookcase_48_96.dx90.vtx,3417,708
models/props_interiors/bookcase_48_96.mdl,1768,452
models/props_interiors/bookcase_48_96.phy,4602,2131
models/props_interiors/bookcase_48_96.sw.vtx,3417,708
models/props_interiors/bookcase_48_96.vvd,17216,3194
models/props_interiors/bookcase_64_96.dx80.vtx,3417,706
models/props_interiors/bookcase_64_96.dx90.vtx,3417,707
models/props_interiors/bookcase_64_96.mdl,1768,455
models/props_interiors/bookcase_64_96.phy,4682,2136
models/props_interiors/bookcase_64_96.sw.vtx,3417,706
models/props_interiors/bookcase_64_96.vvd,17216,3225
models/props_interiors/bookcasehutch01.dx80.vtx,8544,1683
models/props_interiors/bookcasehutch01.dx90.vtx,8544,1684
models/props_interiors/bookcasehutch01.mdl,1784,469
models/props_interiors/bookcasehutch01.phy,3597,1699
models/props_interiors/bookcasehutch01.sw.vtx,8544,1682
models/props_interiors/bookcasehutch01.vvd,40320,10670
models/props_interiors/bottles_shelf.dx80.vtx,40342,8804
models/props_interiors/bottles_shelf.dx90.vtx,40342,8859
models/props_interiors/bottles_shelf.mdl,1852,521
models/props_interiors/bottles_shelf.phy,3366,1588
models/props_interiors/bottles_shelf.sw.vtx,40342,8711
models/props_interiors/bottles_shelf.vvd,109568,38519
models/props_interiors/bottles_shelf_break01.dx80.vtx,1941,510
models/props_interiors/bottles_shelf_break01.dx90.vtx,1941,510
models/props_interiors/bottles_shelf_break01.mdl,1860,513
models/props_interiors/bottles_shelf_break01.phy,1611,1000
models/props_interiors/bottles_shelf_break01.sw.vtx,1941,503
models/props_interiors/bottles_shelf_break01.vvd,6720,2233
models/props_interiors/bottles_shelf_break02.dx80.vtx,2841,726
models/props_interiors/bottles_shelf_break02.dx90.vtx,2841,726
models/props_interiors/bottles_shelf_break02.mdl,1860,511
models/props_interiors/bottles_shelf_break02.phy,1468,963
models/props_interiors/bottles_shelf_break02.sw.vtx,2841,699
models/props_interiors/bottles_shelf_break02.vvd,10048,3534
models/props_interiors/bottles_shelf_break03.dx80.vtx,2724,742
models/props_interiors/bottles_shelf_break03.dx90.vtx,2724,743
models/props_interiors/bottles_shelf_break03.mdl,1860,512
models/props_interiors/bottles_shelf_break03.phy,1755,1142
models/props_interiors/bottles_shelf_break03.sw.vtx,2724,732
models/props_interiors/bottles_shelf_break03.vvd,9216,4505
models/props_interiors/bottles_shelf_break04.dx80.vtx,4236,962
models/props_interiors/bottles_shelf_break04.dx90.vtx,4236,962
models/props_interiors/bottles_shelf_break04.mdl,1860,512
models/props_interiors/bottles_shelf_break04.phy,1467,941
models/props_interiors/bottles_shelf_break04.sw.vtx,4236,878
models/props_interiors/bottles_shelf_break04.vvd,15872,5048
models/props_interiors/bottles_shelf_break05.dx80.vtx,4236,987
models/props_interiors/bottles_shelf_break05.dx90.vtx,4236,987
models/props_interiors/bottles_shelf_break05.mdl,1860,513
models/props_interiors/bottles_shelf_break05.phy,1467,971
models/props_interiors/bottles_shelf_break05.sw.vtx,4236,975
models/props_interiors/bottles_shelf_break05.vvd,15872,4955
models/props_interiors/bottles_shelf_break06.dx80.vtx,3102,791
models/props_interiors/bottles_shelf_break06.dx90.vtx,3102,791
models/props_interiors/bottles_shelf_break06.mdl,1860,514
models/props_interiors/bottles_shelf_break06.phy,1323,896
models/props_interiors/bottles_shelf_break06.sw.vtx,3102,767
models/props_interiors/bottles_shelf_break06.vvd,10880,4704
models/props_interiors/bottles_shelf_break07.dx80.vtx,2319,598
models/props_interiors/bottles_shelf_break07.dx90.vtx,2319,598
models/props_interiors/bottles_shelf_break07.mdl,1860,522
models/props_interiors/bottles_shelf_break07.phy,1275,885
models/props_interiors/bottles_shelf_break07.sw.vtx,2319,596
models/props_interiors/bottles_shelf_break07.vvd,8384,3769
models/props_interiors/bottles_shelf_break08.dx80.vtx,1950,548
models/props_interiors/bottles_shelf_break08.dx90.vtx,1950,548
models/props_interiors/bottles_shelf_break08.mdl,1860,515
models/props_interiors/bottles_shelf_break08.phy,1420,974
models/props_interiors/bottles_shelf_break08.sw.vtx,1950,539
models/props_interiors/bottles_shelf_break08.vvd,6784,3234
models/props_interiors/bottles_shelf_break09.dx80.vtx,2202,578
models/props_interiors/bottles_shelf_break09.dx90.vtx,2202,578
models/props_interiors/bottles_shelf_break09.mdl,1860,515
models/props_interiors/bottles_shelf_break09.phy,1371,903
models/props_interiors/bottles_shelf_break09.sw.vtx,2202,573
models/props_interiors/bottles_shelf_break09.vvd,7552,2527
models/props_interiors/bottles_shelf_break10.dx80.vtx,2760,744
models/props_interiors/bottles_shelf_break10.dx90.vtx,2760,743
models/props_interiors/bottles_shelf_break10.mdl,1860,515
models/props_interiors/bottles_shelf_break10.phy,1660,1116
models/props_interiors/bottles_shelf_break10.sw.vtx,2760,734
models/props_interiors/bottles_shelf_break10.vvd,9472,4469
models/props_interiors/bottles_shelf_break11.dx80.vtx,3363,834
models/props_interiors/bottles_shelf_break11.dx90.vtx,3363,835
models/props_interiors/bottles_shelf_break11.mdl,1860,518
models/props_interiors/bottles_shelf_break11.phy,2043,1248
models/props_interiors/bottles_shelf_break11.sw.vtx,3363,839
models/props_interiors/bottles_shelf_break11.vvd,11712,3570
models/props_interiors/bottles_shelf_break12.dx80.vtx,2202,627
models/props_interiors/bottles_shelf_break12.dx90.vtx,2202,625
models/props_interiors/bottles_shelf_break12.mdl,1860,514
models/props_interiors/bottles_shelf_break12.phy,1515,1000
models/props_interiors/bottles_shelf_break12.sw.vtx,2202,631
models/props_interiors/bottles_shelf_break12.vvd,7552,3576
models/props_interiors/cashregister01.dx80.vtx,19820,3588
models/props_interiors/cashregister01.dx90.vtx,19820,3588
models/props_interiors/cashregister01.mdl,1780,450
models/props_interiors/cashregister01.phy,1697,1037
models/props_interiors/cashregister01.sw.vtx,19820,3575
models/props_interiors/cashregister01.vvd,69440,23193
models/props_interiors/clothing_pile1.dx80.vtx,14021,3267
models/props_interiors/clothing_pile1.dx90.vtx,14021,3265
models/props_interiors/clothing_pile1.mdl,1776,451
models/props_interiors/clothing_pile1.sw.vtx,14021,3264
models/props_interiors/clothing_pile1.vvd,48512,26507
models/props_interiors/clothing_pile2.dx80.vtx,20984,4544
models/props_interiors/clothing_pile2.dx90.vtx,20984,4544
models/props_interiors/clothing_pile2.mdl,1776,454
models/props_interiors/clothing_pile2.sw.vtx,20984,4531
models/props_interiors/clothing_pile2.vvd,80896,37841
models/props_interiors/clothing_pile3.dx80.vtx,15263,3336
models/props_interiors/clothing_pile3.dx90.vtx,15263,3333
models/props_interiors/clothing_pile3.mdl,1776,455
models/props_interiors/clothing_pile3.sw.vtx,15263,3293
models/props_interiors/clothing_pile3.vvd,63040,28205
models/props_interiors/clothing_pile5.dx80.vtx,11549,2544
models/props_interiors/clothing_pile5.dx90.vtx,11549,2544
models/props_interiors/clothing_pile5.mdl,1776,450
models/props_interiors/clothing_pile5.sw.vtx,11549,2532
models/props_interiors/clothing_pile5.vvd,45504,21705
models/props_interiors/coffee_table_rectangular.dx80.vtx,8949,1475
models/props_interiors/coffee_table_rectangular.dx90.vtx,8949,1475
models/props_interiors/coffee_table_rectangular.mdl,1776,472
models/props_interiors/coffee_table_rectangular.phy,2102,1208
models/props_interiors/coffee_table_rectangular.sw.vtx,8949,1452
models/props_interiors/coffee_table_rectangular.vvd,39488,9367
models/props_interiors/copymachine01.dx80.vtx,40726,6322
models/props_interiors/copymachine01.dx90.vtx,40726,6323
models/props_interiors/copymachine01.mdl,1776,473
models/props_interiors/copymachine01.phy,2320,1304
models/props_interiors/copymachine01.sw.vtx,40726,6303
models/props_interiors/copymachine01.vvd,119872,27284
models/props_interiors/desk_metal.dx80.vtx,6879,1273
models/props_interiors/desk_metal.dx90.vtx,6879,1274
models/props_interiors/desk_metal.mdl,1772,453
models/props_interiors/desk_metal.phy,2378,1393
models/props_interiors/desk_metal.sw.vtx,6879,1282
models/props_interiors/desk_metal.vvd,31936,6903
models/props_interiors/dining_table_round.dx80.vtx,8463,1351
models/props_interiors/dining_table_round.dx90.vtx,8463,1348
models/props_interiors/dining_table_round.mdl,1772,454
models/props_interiors/dining_table_round.phy,6155,3184
models/props_interiors/dining_table_round.sw.vtx,8463,1317
models/props_interiors/dining_table_round.vvd,38080,6254
models/props_interiors/dresser_short.dx80.vtx,7104,1323
models/props_interiors/dresser_short.dx90.vtx,7104,1324
models/props_interiors/dresser_short.mdl,1768,461
models/props_interiors/dresser_short.phy,713,441
models/props_interiors/dresser_short.sw.vtx,7104,1322
models/props_interiors/dresser_short.vvd,34304,6419
models/props_interiors/dresser_tall.dx80.vtx,9747,1687
models/props_interiors/dresser_tall.dx90.vtx,9747,1687
models/props_interiors/dresser_tall.mdl,1764,461
models/props_interiors/dresser_tall.phy,715,451
models/props_interiors/dresser_tall.sw.vtx,9747,1685
models/props_interiors/dresser_tall.vvd,47040,7721
models/props_interiors/entertainment_unit.dx80.vtx,17943,2961
models/props_interiors/entertainment_unit.dx90.vtx,17943,2961
models/props_interiors/entertainment_unit.mdl,1772,463
models/props_interiors/entertainment_unit.phy,6894,2766
models/props_interiors/entertainment_unit.sw.vtx,17943,2936
models/props_interiors/entertainment_unit.vvd,80064,14604
models/props_interiors/file_cabinet1_group.dx80.vtx,28901,5032
models/props_interiors/file_cabinet1_group.dx90.vtx,28901,5033
models/props_interiors/file_cabinet1_group.mdl,1856,528
models/props_interiors/file_cabinet1_group.phy,707,441
models/props_interiors/file_cabinet1_group.sw.vtx,28901,5048
models/props_interiors/file_cabinet1_group.vvd,128064,22424
models/props_interiors/medicalcabinet02.dx80.vtx,10969,1830
models/props_interiors/medicalcabinet02.dx90.vtx,10969,1830
models/props_interiors/medicalcabinet02.mdl,3928,1264
models/props_interiors/medicalcabinet02.phy,1181,749
models/props_interiors/medicalcabinet02.sw.vtx,10945,1711
models/props_interiors/medicalcabinet02.vvd,51776,10134
models/props_interiors/medicinecabinet01_mirror.dx80.vtx,2109,501
models/props_interiors/medicinecabinet01_mirror.dx90.vtx,2109,501
models/props_interiors/medicinecabinet01_mirror.mdl,1724,449
models/props_interiors/medicinecabinet01_mirror.phy,1233,771
models/props_interiors/medicinecabinet01_mirror.sw.vtx,2109,481
models/props_interiors/medicinecabinet01_mirror.vvd,8768,1732
models/props_interiors/paper_towel_dispenser.dx80.vtx,2841,631
models/props_interiors/paper_towel_dispenser.dx90.vtx,2841,631
models/props_interiors/paper_towel_dispenser.mdl,1796,464
models/props_interiors/paper_towel_dispenser.phy,1579,961
models/props_interiors/paper_towel_dispenser.sw.vtx,2841,630
models/props_interiors/paper_towel_dispenser.vvd,13120,3793
models/props_interiors/prison_heater001a.dx80.vtx,24577,4143
models/props_interiors/prison_heater001a.dx90.vtx,24577,4143
models/props_interiors/prison_heater001a.mdl,1856,536
models/props_interiors/prison_heater001a.phy,2028,1136
models/props_interiors/prison_heater001a.sw.vtx,24577,4142
models/props_interiors/prison_heater001a.vvd,91328,25643
models/props_interiors/railing_128.dx80.vtx,32448,4616
models/props_interiors/railing_128.dx90.vtx,32448,4616
models/props_interiors/railing_128.mdl,1952,478
models/props_interiors/railing_128.phy,6664,2369
models/props_interiors/railing_128.sw.vtx,32448,4622
models/props_interiors/railing_128.vvd,164416,16171
models/props_interiors/railing_32.dx80.vtx,10083,1721
models/props_interiors/railing_32.dx90.vtx,10083,1722
models/props_interiors/railing_32.mdl,1764,428
models/props_interiors/railing_32.phy,2286,1149
models/props_interiors/railing_32.sw.vtx,10083,1721
models/props_interiors/railing_32.vvd,50752,9584
models/props_interiors/railing_64.dx80.vtx,16530,2482
models/props_interiors/railing_64.dx90.vtx,16530,2467
models/props_interiors/railing_64.mdl,1764,437
models/props_interiors/railing_64.phy,3855,1614
models/props_interiors/railing_64.sw.vtx,16530,2480
models/props_interiors/railing_64.vvd,83200,7983
models/props_interiors/railing_post.dx80.vtx,1197,304
models/props_interiors/railing_post.dx90.vtx,1197,304
models/props_interiors/railing_post.mdl,1764,409
models/props_interiors/railing_post.phy,712,433
models/props_interiors/railing_post.sw.vtx,1197,303
models/props_interiors/railing_post.vvd,5696,821
models/props_interiors/railing_post_bottom.dx80.vtx,8457,1624
models/props_interiors/railing_post_bottom.dx90.vtx,8457,1623
models/props_interiors/railing_post_bottom.mdl,1772,453
models/props_interiors/railing_post_bottom.phy,1903,1111
models/props_interiors/railing_post_bottom.sw.vtx,8457,1558
models/props_interiors/railing_post_bottom.vvd,38080,9707
models/props_interiors/railing_post_top.dx80.vtx,10602,1893
models/props_interiors/railing_post_top.dx90.vtx,10602,1894
models/props_interiors/railing_post_top.mdl,1768,439
models/props_interiors/railing_post_top.phy,2708,1490
models/props_interiors/railing_post_top.sw.vtx,10602,1882
models/props_interiors/railing_post_top.vvd,49408,10689
models/props_interiors/railing_trim_64.dx80.vtx,1455,388
models/props_interiors/railing_trim_64.dx90.vtx,1455,389
models/props_interiors/railing_trim_64.mdl,1768,422
models/props_interiors/railing_trim_64.sw.vtx,1455,387
models/props_interiors/railing_trim_64.vvd,6080,1316
models/props_interiors/refrigerator03.dx80.vtx,8967,1469
models/props_interiors/refrigerator03.dx90.vtx,8967,1464
models/props_interiors/refrigerator03.mdl,1924,570
models/props_interiors/refrigerator03.phy,2100,1092
models/props_interiors/refrigerator03.sw.vtx,8967,1464
models/props_interiors/refrigerator03.vvd,42432,8672
models/props_interiors/refrigerator03_damaged_01.dx80.vtx,19008,3415
models/props_interiors/refrigerator03_damaged_01.dx90.vtx,19008,3411
models/props_interiors/refrigerator03_damaged_01.mdl,1860,531
models/props_interiors/refrigerator03_damaged_01.phy,2002,1337
models/props_interiors/refrigerator03_damaged_01.sw.vtx,19008,3420
models/props_interiors/refrigerator03_damaged_01.vvd,83712,32325
models/props_interiors/refrigerator03_damaged_04.dx80.vtx,1248,321
models/props_interiors/refrigerator03_damaged_04.dx90.vtx,1248,321
models/props_interiors/refrigerator03_damaged_04.mdl,1972,564
models/props_interiors/refrigerator03_damaged_04.phy,801,533
models/props_interiors/refrigerator03_damaged_04.sw.vtx,1248,321
models/props_interiors/refrigerator03_damaged_04.vvd,5888,1884
models/props_interiors/sawhorse.dx80.vtx,2973,583
models/props_interiors/sawhorse.dx90.vtx,2973,584
models/props_interiors/sawhorse.mdl,1844,504
models/props_interiors/sawhorse.phy,4203,2047
models/props_interiors/sawhorse.sw.vtx,2973,581
models/props_interiors/sawhorse.vvd,15168,1828
models/props_interiors/shelvinggrocery01.dx80.vtx,14601,2362
models/props_interiors/shelvinggrocery01.dx90.vtx,14601,2362
models/props_interiors/shelvinggrocery01.mdl,1788,463
models/props_interiors/shelvinggrocery01.phy,4050,1752
models/props_interiors/shelvinggrocery01.sw.vtx,14601,2364
models/props_interiors/shelvinggrocery01.vvd,69696,8817
models/props_interiors/shelvingstore01.dx80.vtx,8295,1475
models/props_interiors/shelvingstore01.dx90.vtx,8295,1476
models/props_interiors/shelvingstore01.mdl,1784,466
models/props_interiors/shelvingstore01.phy,2776,1284
models/props_interiors/shelvingstore01.sw.vtx,8295,1487
models/props_interiors/shelvingstore01.vvd,39616,5930
models/props_interiors/side_table_square.dx80.vtx,7725,1347
models/props_interiors/side_table_square.dx90.vtx,7725,1348
models/props_interiors/side_table_square.mdl,1772,456
models/props_interiors/side_table_square.phy,2522,1344
models/props_interiors/side_table_square.sw.vtx,7725,1316
models/props_interiors/side_table_square.vvd,33856,7399
models/props_interiors/sink_kitchen.dx80.vtx,18146,4121
models/props_interiors/sink_kitchen.dx90.vtx,18146,4121
models/props_interiors/sink_kitchen.mdl,1776,462
models/props_interiors/sink_kitchen.phy,3041,1456
models/props_interiors/sink_kitchen.sw.vtx,18146,4046
models/props_interiors/sink_kitchen.vvd,56384,20393
models/props_interiors/sofa01.dx80.vtx,17388,3689
models/props_interiors/sofa01.dx90.vtx,17388,3688
models/props_interiors/sofa01.mdl,1828,517
models/props_interiors/sofa01.phy,2543,1458
models/props_interiors/sofa01.sw.vtx,17388,3557
models/props_interiors/sofa01.vvd,69248,27982
models/props_interiors/stair_metal_01.dx80.vtx,69180,9932
models/props_interiors/stair_metal_01.dx90.vtx,69180,9932
models/props_interiors/stair_metal_01.mdl,1952,492
models/props_interiors/stair_metal_01.phy,5382,2591
models/props_interiors/stair_metal_01.sw.vtx,69180,9907
models/props_interiors/stair_metal_01.vvd,341696,48616
models/props_interiors/stair_opening_straight.dx80.vtx,85860,10962
models/props_interiors/stair_opening_straight.dx90.vtx,85860,10967
models/props_interiors/stair_opening_straight.mdl,1964,499
models/props_interiors/stair_opening_straight.phy,9019,3091
models/props_interiors/stair_opening_straight.sw.vtx,85860,11137
models/props_interiors/stair_opening_straight.vvd,435776,32216
models/props_interiors/stair_railing_damage_01.dx80.vtx,3303,682
models/props_interiors/stair_railing_damage_01.dx90.vtx,3303,683
models/props_interiors/stair_railing_damage_01.mdl,1776,459
models/props_interiors/stair_railing_damage_01.phy,1451,887
models/props_interiors/stair_railing_damage_01.sw.vtx,3303,682
models/props_interiors/stair_railing_damage_01.vvd,15808,2929
models/props_interiors/stair_railing_damage_02.dx80.vtx,3303,685
models/props_interiors/stair_railing_damage_02.dx90.vtx,3303,685
models/props_interiors/stair_railing_damage_02.mdl,1776,459
models/props_interiors/stair_railing_damage_02.phy,1451,894
models/props_interiors/stair_railing_damage_02.sw.vtx,3303,681
models/props_interiors/stair_railing_damage_02.vvd,15808,2974
models/props_interiors/stair_railing_damage_03.dx80.vtx,3999,832
models/props_interiors/stair_railing_damage_03.dx90.vtx,3999,834
models/props_interiors/stair_railing_damage_03.mdl,1964,504
models/props_interiors/stair_railing_damage_03.phy,722,460
models/props_interiors/stair_railing_damage_03.sw.vtx,3999,837
models/props_interiors/stair_railing_damage_03.vvd,19328,5989
models/props_interiors/stair_railing_damage_04.dx80.vtx,939,263
models/props_interiors/stair_railing_damage_04.dx90.vtx,939,263
models/props_interiors/stair_railing_damage_04.mdl,1776,460
models/props_interiors/stair_railing_damage_04.phy,722,460
models/props_interiors/stair_railing_damage_04.sw.vtx,939,262
models/props_interiors/stair_railing_damage_04.vvd,3776,1156
models/props_interiors/stair_railing_single.dx80.vtx,5667,1019
models/props_interiors/stair_railing_single.dx90.vtx,5667,1020
models/props_interiors/stair_railing_single.mdl,1772,454
models/props_interiors/stair_railing_single.phy,1872,1076
models/props_interiors/stair_railing_single.sw.vtx,5667,1018
models/props_interiors/stair_railing_single.vvd,27840,4142
models/props_interiors/stair_railing_straight.dx80.vtx,68508,8726
models/props_interiors/stair_railing_straight.dx90.vtx,68508,8707
models/props_interiors/stair_railing_straight.mdl,1964,503
models/props_interiors/stair_railing_straight.phy,8307,3353
models/props_interiors/stair_railing_straight.sw.vtx,68508,8706
models/props_interiors/stair_railing_straight.vvd,353728,38766
models/props_interiors/stair_treads_single.dx80.vtx,2991,646
models/props_interiors/stair_treads_single.dx90.vtx,2991,647
models/props_interiors/stair_treads_single.mdl,1776,446
models/props_interiors/stair_treads_single.phy,720,448
models/props_interiors/stair_treads_single.sw.vtx,2991,632
models/props_interiors/stair_treads_single.vvd,12992,2659
models/props_interiors/stair_treads_straight.dx80.vtx,55995,8600
models/props_interiors/stair_treads_straight.dx90.vtx,55995,8600
models/props_interiors/stair_treads_straight.mdl,1776,450
models/props_interiors/stair_treads_straight.phy,8795,3020
models/props_interiors/stair_treads_straight.sw.vtx,55995,7865
models/props_interiors/stair_treads_straight.vvd,253376,24748
models/props_interiors/stove02.dx80.vtx,42166,7761
models/props_interiors/stove02.dx90.vtx,42166,7710
models/props_interiors/stove02.mdl,1920,566
models/props_interiors/stove02.phy,1866,918
models/props_interiors/stove02.sw.vtx,42166,7557
models/props_interiors/stove02.vvd,124672,34125
models/props_interiors/stovehood01.dx80.vtx,5346,1138
models/props_interiors/stovehood01.dx90.vtx,5346,1138
models/props_interiors/stovehood01.mdl,1852,466
models/props_interiors/stovehood01.phy,789,502
models/props_interiors/stovehood01.sw.vtx,5346,1154
models/props_interiors/stovehood01.vvd,23424,7848
models/props_interiors/table_bedside.dx80.vtx,5679,1105
models/props_interiors/table_bedside.dx90.vtx,5679,1105
models/props_interiors/table_bedside.mdl,1776,458
models/props_interiors/table_bedside.phy,3556,1599
models/props_interiors/table_bedside.sw.vtx,5679,1107
models/props_interiors/table_bedside.vvd,27072,5425
models/props_interiors/table_kitchen.dx80.vtx,5838,1085
models/props_interiors/table_kitchen.dx90.vtx,5838,1085
models/props_interiors/table_kitchen.mdl,1772,455
models/props_interiors/table_kitchen.phy,3493,1618
models/props_interiors/table_kitchen.sw.vtx,5838,1086
models/props_interiors/table_kitchen.vvd,29056,5977
models/props_interiors/table_motel.dx80.vtx,5913,1138
models/props_interiors/table_motel.dx90.vtx,5913,1139
models/props_interiors/table_motel.mdl,1856,516
models/props_interiors/table_motel.phy,6602,3607
models/props_interiors/table_motel.sw.vtx,5913,1140
models/props_interiors/table_motel.vvd,25920,8274
models/props_interiors/toilet.dx80.vtx,20585,4174
models/props_interiors/toilet.dx90.vtx,20585,4174
models/props_interiors/toilet.mdl,1760,451
models/props_interiors/toilet.phy,1750,1116
models/props_interiors/toilet.sw.vtx,20585,4117
models/props_interiors/toilet.vvd,73024,25560
models/props_interiors/toiletpaperdispenser_commercial.dx80.vtx,4953,1012
models/props_interiors/toiletpaperdispenser_commercial.dx90.vtx,4953,1013
models/props_interiors/toiletpaperdispenser_commercial.mdl,1808,466
models/props_interiors/toiletpaperdispenser_commercial.phy,727,447
models/props_interiors/toiletpaperdispenser_commercial.sw.vtx,4953,1014
models/props_interiors/toiletpaperdispenser_commercial.vvd,22464,7225
models/props_interiors/towel_rack.dx80.vtx,5505,1210
models/props_interiors/towel_rack.dx90.vtx,5505,1212
models/props_interiors/towel_rack.mdl,1768,429
models/props_interiors/towel_rack.sw.vtx,5505,1200
models/props_interiors/towel_rack.vvd,23488,9954
models/props_interiors/waterheater.dx80.vtx,20886,2975
models/props_interiors/waterheater.dx90.vtx,20886,2976
models/props_interiors/waterheater.mdl,1756,443
models/props_interiors/waterheater.phy,4756,2783
models/props_interiors/waterheater.sw.vtx,20886,2958
models/props_interiors/waterheater.vvd,95488,23112
models/props_junk/barrel_fire.dx80.vtx,11688,2763
models/props_junk/barrel_fire.dx90.vtx,11688,2775
models/props_junk/barrel_fire.mdl,1760,443
models/props_junk/barrel_fire.phy,1282,776
models/props_junk/barrel_fire.sw.vtx,11688,2742
models/props_junk/barrel_fire.vvd,41728,14866
models/props_junk/dumpster_2.dx80.vtx,26109,3895
models/props_junk/dumpster_2.dx90.vtx,26109,3896
models/props_junk/dumpster_2.mdl,1820,502
models/props_junk/dumpster_2.phy,3054,1755
models/props_junk/dumpster_2.sw.vtx,26109,3893
models/props_junk/dumpster_2.vvd,133440,27227
models/props_junk/trashcluster01a_corner.dx80.vtx,28257,5882
models/props_junk/trashcluster01a_corner.dx90.vtx,28257,5882
models/props_junk/trashcluster01a_corner.mdl,1764,461
models/props_junk/trashcluster01a_corner.phy,2626,1777
models/props_junk/trashcluster01a_corner.sw.vtx,28257,5885
models/props_junk/trashcluster01a_corner.vvd,109760,55926
models/props_junk/trashcluster01b.dx80.vtx,58386,11845
models/props_junk/trashcluster01b.dx90.vtx,58386,11836
models/props_junk/trashcluster01b.mdl,1768,460
models/props_junk/trashcluster01b.phy,1419,968
models/props_junk/trashcluster01b.sw.vtx,58386,11552
models/props_junk/trashcluster01b.vvd,227200,116112
models/props_lighting/light_shop.dx80.vtx,5397,1104
models/props_lighting/light_shop.dx90.vtx,5397,1104
models/props_lighting/light_shop.mdl,1848,464
models/props_lighting/light_shop.phy,697,462
models/props_lighting/light_shop.sw.vtx,5397,1111
models/props_lighting/light_shop.vvd,24640,6173
models/props_lighting/semi_flush_001.dx80.vtx,15564,3535
models/props_lighting/semi_flush_001.dx90.vtx,15564,3535
models/props_lighting/semi_flush_001.mdl,1772,449
models/props_lighting/semi_flush_001.phy,2554,1415
models/props_lighting/semi_flush_001.sw.vtx,15564,3457
models/props_lighting/semi_flush_001.vvd,59392,21342
models/props_lighting/semi_flush_002.dx80.vtx,13095,2768
models/props_lighting/semi_flush_002.dx90.vtx,13095,2763
models/props_lighting/semi_flush_002.mdl,1772,449
models/props_lighting/semi_flush_002.phy,2554,1413
models/props_lighting/semi_flush_002.sw.vtx,13095,2740
models/props_lighting/semi_flush_002.vvd,50112,15574
models/props_office/desk_01.dx80.vtx,11685,1980
models/props_office/desk_01.dx90.vtx,11685,1980
models/props_office/desk_01.mdl,1740,444
models/props_office/desk_01.phy,3368,1659
models/props_office/desk_01.sw.vtx,11685,1953
models/props_office/desk_01.vvd,56384,8746
models/props_rooftop/acunit01.dx80.vtx,16083,2616
models/props_rooftop/acunit01.dx90.vtx,16083,2617
models/props_rooftop/acunit01.mdl,1752,444
models/props_rooftop/acunit01.phy,4854,2385
models/props_rooftop/acunit01.sw.vtx,16083,2578
models/props_rooftop/acunit01.vvd,77504,12322
models/props_rooftop/acvent01.dx80.vtx,6420,1190
models/props_rooftop/acvent01.dx90.vtx,6420,1190
models/props_rooftop/acvent01.mdl,1760,444
models/props_rooftop/acvent01.phy,4273,2377
models/props_rooftop/acvent01.sw.vtx,6420,1189
models/props_rooftop/acvent01.vvd,32512,6787
models/props_rooftop/acvent02.dx80.vtx,18422,3182
models/props_rooftop/acvent02.dx90.vtx,18422,3182
models/props_rooftop/acvent02.mdl,1760,459
models/props_rooftop/acvent02.phy,9738,4716
models/props_rooftop/acvent02.sw.vtx,18422,3087
models/props_rooftop/acvent02.vvd,62912,11193
models/props_rooftop/acvent04.dx80.vtx,10323,1685
models/props_rooftop/acvent04.dx90.vtx,10323,1690
models/props_rooftop/acvent04.mdl,1760,450
models/props_rooftop/acvent04.phy,4306,2084
models/props_rooftop/acvent04.sw.vtx,10323,1684
models/props_rooftop/acvent04.vvd,51648,7227
models/props_rooftop/train_signalbox_01.dx80.vtx,8895,1558
models/props_rooftop/train_signalbox_01.dx90.vtx,8895,1546
models/props_rooftop/train_signalbox_01.mdl,1768,445
models/props_rooftop/train_signalbox_01.phy,1711,967
models/props_rooftop/train_signalbox_01.sw.vtx,8895,1558
models/props_rooftop/train_signalbox_01.vvd,42688,7035
models/props_signs/jazz_club.dx80.vtx,11439,1925
models/props_signs/jazz_club.dx90.vtx,11439,1926
models/props_signs/jazz_club.mdl,1748,439
models/props_signs/jazz_club.sw.vtx,11439,1917
models/props_signs/jazz_club.vvd,52160,10034
models/props_signs/pole_horizontal_02.dx80.vtx,6651,1314
models/props_signs/pole_horizontal_02.dx90.vtx,6651,1314
models/props_signs/pole_horizontal_02.mdl,1768,460
models/props_signs/pole_horizontal_02.phy,1439,881
models/props_signs/pole_horizontal_02.sw.vtx,6651,1324
models/props_signs/pole_horizontal_02.vvd,26432,7277
models/props_signs/pole_horizontal_03.dx80.vtx,6864,1310
models/props_signs/pole_horizontal_03.dx90.vtx,6864,1310
models/props_signs/pole_horizontal_03.mdl,1768,456
models/props_signs/pole_horizontal_03.phy,1646,1007
models/props_signs/pole_horizontal_03.sw.vtx,6864,1310
models/props_signs/pole_horizontal_03.vvd,28928,6954
models/props_signs/pole_horizontal_04.dx80.vtx,6081,1238
models/props_signs/pole_horizontal_04.dx90.vtx,6081,1237
models/props_signs/pole_horizontal_04.mdl,1768,456
models/props_signs/pole_horizontal_04.phy,2398,1465
models/props_signs/pole_horizontal_04.sw.vtx,6081,1233
models/props_signs/pole_horizontal_04.vvd,24384,6483
models/props_signs/pole_horizontal_05.dx80.vtx,4164,844
models/props_signs/pole_horizontal_05.dx90.vtx,4164,845
models/props_signs/pole_horizontal_05.mdl,1768,453
models/props_signs/pole_horizontal_05.phy,1646,1007
models/props_signs/pole_horizontal_05.sw.vtx,4164,852
models/props_signs/pole_horizontal_05.vvd,19456,3328
models/props_signs/sign_horizontal_01.dx80.vtx,5658,1273
models/props_signs/sign_horizontal_01.dx90.vtx,5658,1273
models/props_signs/sign_horizontal_01.mdl,2036,597
models/props_signs/sign_horizontal_01.phy,713,450
models/props_signs/sign_horizontal_01.sw.vtx,5642,1295
models/props_signs/sign_horizontal_01.vvd,22080,4457
models/props_signs/sign_horizontal_02.dx80.vtx,6618,1341
models/props_signs/sign_horizontal_02.dx90.vtx,6618,1340
models/props_signs/sign_horizontal_02.mdl,1844,565
models/props_signs/sign_horizontal_02.phy,712,454
models/props_signs/sign_horizontal_02.sw.vtx,6610,1347
models/props_signs/sign_horizontal_02.vvd,28544,4314
models/props_signs/sign_horizontal_03.dx80.vtx,5109,1045
models/props_signs/sign_horizontal_03.dx90.vtx,5109,1045
models/props_signs/sign_horizontal_03.mdl,1848,568
models/props_signs/sign_horizontal_03.phy,713,452
models/props_signs/sign_horizontal_03.sw.vtx,5101,1060
models/props_signs/sign_horizontal_03.vvd,22592,3485
models/props_signs/sign_horizontal_04.dx80.vtx,3525,825
models/props_signs/sign_horizontal_04.dx90.vtx,3525,825
models/props_signs/sign_horizontal_04.mdl,1848,574
models/props_signs/sign_horizontal_04.phy,713,451
models/props_signs/sign_horizontal_04.sw.vtx,3517,856
models/props_signs/sign_horizontal_04.vvd,13376,2938
models/props_signs/sign_horizontal_05.dx80.vtx,3573,849
models/props_signs/sign_horizontal_05.dx90.vtx,3573,849
models/props_signs/sign_horizontal_05.mdl,1784,538
models/props_signs/sign_horizontal_05.phy,713,462
models/props_signs/sign_horizontal_05.sw.vtx,3565,839
models/props_signs/sign_horizontal_05.vvd,14400,2794
models/props_signs/sign_quarter_02.dx80.vtx,6867,1403
models/props_signs/sign_quarter_02.dx90.vtx,6867,1403
models/props_signs/sign_quarter_02.mdl,1840,566
models/props_signs/sign_quarter_02.phy,1094,680
models/props_signs/sign_quarter_02.sw.vtx,6859,1348
models/props_signs/sign_quarter_02.vvd,27584,5039
models/props_signs/sign_street_01.dx80.vtx,5988,1100
models/props_signs/sign_street_01.dx90.vtx,5988,1104
models/props_signs/sign_street_01.mdl,1772,463
models/props_signs/sign_street_01.phy,2142,1263
models/props_signs/sign_street_01.sw.vtx,5988,1101
models/props_signs/sign_street_01.vvd,26880,4200
models/props_signs/sign_street_02.dx80.vtx,5988,1136
models/props_signs/sign_street_02.dx90.vtx,5988,1137
models/props_signs/sign_street_02.mdl,1772,466
models/props_signs/sign_street_02.phy,2079,1266
models/props_signs/sign_street_02.sw.vtx,5988,1153
models/props_signs/sign_street_02.vvd,26880,4256
models/props_signs/sign_street_03.dx80.vtx,5262,1102
models/props_signs/sign_street_03.dx90.vtx,5262,1102
models/props_signs/sign_street_03.mdl,1772,465
models/props_signs/sign_street_03.phy,2206,1312
models/props_signs/sign_street_03.sw.vtx,5262,1075
models/props_signs/sign_street_03.vvd,22144,3995
models/props_signs/sign_street_04.dx80.vtx,4245,881
models/props_signs/sign_street_04.dx90.vtx,4245,882
models/props_signs/sign_street_04.mdl,1772,462
models/props_signs/sign_street_04.phy,1566,962
models/props_signs/sign_street_04.sw.vtx,4245,880
models/props_signs/sign_street_04.vvd,20288,3364
models/props_signs/sign_street_05.dx80.vtx,2280,554
models/props_signs/sign_street_05.dx90.vtx,2280,553
models/props_signs/sign_street_05.mdl,1836,521
models/props_signs/sign_street_05.phy,1404,847
models/props_signs/sign_street_05.sw.vtx,2280,553
models/props_signs/sign_street_05.vvd,10496,2601
models/props_skybox/urban_horizon.dx80.vtx,873,256
models/props_skybox/urban_horizon.dx90.vtx,873,257
models/props_skybox/urban_horizon.mdl,1740,437
models/props_skybox/urban_horizon.sw.vtx,873,254
models/props_skybox/urban_horizon.vvd,3904,1005
models/props_street/building_trim_piece02_128.dx80.vtx,2733,612
models/props_street/building_trim_piece02_128.dx90.vtx,2733,613
models/props_street/building_trim_piece02_128.mdl,1776,460
models/props_street/building_trim_piece02_128.phy,966,635
models/props_street/building_trim_piece02_128.sw.vtx,2733,612
models/props_street/building_trim_piece02_128.vvd,12864,3312
models/props_street/building_trim_piece02_128_corner.dx80.vtx,2067,484
models/props_street/building_trim_piece02_128_corner.dx90.vtx,2067,484
models/props_street/building_trim_piece02_128_corner.mdl,1784,469
models/props_street/building_trim_piece02_128_corner.phy,1064,706
models/props_street/building_trim_piece02_128_corner.sw.vtx,2067,485
models/props_street/building_trim_piece02_128_corner.vvd,9920,2099
models/props_street/building_trim_piece02_512_damaged.dx80.vtx,6252,1191
models/props_street/building_trim_piece02_512_damaged.dx90.vtx,6252,1191
models/props_street/building_trim_piece02_512_damaged.mdl,1772,470
models/props_street/building_trim_piece02_512_damaged.phy,834,569
models/props_street/building_trim_piece02_512_damaged.sw.vtx,6252,1192
models/props_street/building_trim_piece02_512_damaged.vvd,29312,7439
models/props_street/building_trim_piece02_64.dx80.vtx,1410,388
models/props_street/building_trim_piece02_64.dx90.vtx,1410,388
models/props_street/building_trim_piece02_64.mdl,1764,441
models/props_street/building_trim_piece02_64.sw.vtx,1410,388
models/props_street/building_trim_piece02_64.vvd,6400,1768
models/props_street/electrical_box01.dx80.vtx,16011,2574
models/props_street/electrical_box01.dx90.vtx,16011,2574
models/props_street/electrical_box01.mdl,1764,458
models/props_street/electrical_box01.phy,5147,2752
models/props_street/electrical_box01.sw.vtx,16011,2517
models/props_street/electrical_box01.vvd,71744,18996
models/props_street/electrical_box02.dx80.vtx,20883,3804
models/props_street/electrical_box02.dx90.vtx,20883,3805
models/props_street/electrical_box02.mdl,1764,461
models/props_street/electrical_box02.phy,9147,5046
models/props_street/electrical_box02.sw.vtx,20883,3807
models/props_street/electrical_box02.vvd,87616,37289
models/props_street/mail_dropbox.dx80.vtx,18320,3505
models/props_street/mail_dropbox.dx90.vtx,18320,3505
models/props_street/mail_dropbox.mdl,1764,453
models/props_street/mail_dropbox.phy,3397,1741
models/props_street/mail_dropbox.sw.vtx,18320,3461
models/props_street/mail_dropbox.vvd,50880,16185
models/props_street/newspaper_dispensers.dx80.vtx,19859,3416
models/props_street/newspaper_dispensers.dx90.vtx,19859,3419
models/props_street/newspaper_dispensers.mdl,1780,460
models/props_street/newspaper_dispensers.phy,8357,3756
models/props_street/newspaper_dispensers.sw.vtx,19859,3405
models/props_street/newspaper_dispensers.vvd,61120,17381
models/props_street/rent_sign2.dx80.vtx,2781,583
models/props_street/rent_sign2.dx90.vtx,2781,585
models/props_street/rent_sign2.mdl,1768,445
models/props_street/rent_sign2.phy,1342,825
models/props_street/rent_sign2.sw.vtx,2781,580
models/props_street/rent_sign2.vvd,13888,2085
models/props_street/trafficlight01.dx80.vtx,37085,5875
models/props_street/trafficlight01.dx90.vtx,37085,5875
models/props_street/trafficlight01.mdl,2180,554
models/props_street/trafficlight01.phy,3841,2161
models/props_street/trafficlight01.sw.vtx,37085,5977
models/props_street/trafficlight01.vvd,132528,31840
models/props_street/trashbin01.dx80.vtx,24512,4482
models/props_street/trashbin01.dx90.vtx,24512,4483
models/props_street/trashbin01.mdl,1844,521
models/props_street/trashbin01.phy,3751,2126
models/props_street/trashbin01.sw.vtx,24512,4433
models/props_street/trashbin01.vvd,81600,23048
models/props_street/warehouse_vent_pipe03.dx80.vtx,7086,1246
models/props_street/warehouse_vent_pipe03.dx90.vtx,7086,1249
models/props_street/warehouse_vent_pipe03.mdl,1768,451
models/props_street/warehouse_vent_pipe03.phy,3526,2130
models/props_street/warehouse_vent_pipe03.sw.vtx,7086,1242
models/props_street/warehouse_vent_pipe03.vvd,32128,8119
models/props_unique/bridge_onramp_01.dx80.vtx,33123,4919
models/props_unique/bridge_onramp_01.dx90.vtx,33123,4924
models/props_unique/bridge_onramp_01.mdl,1952,489
models/props_unique/bridge_onramp_01.phy,8914,3193
models/props_unique/bridge_onramp_01.sw.vtx,33123,4901
models/props_unique/bridge_onramp_01.vvd,166656,13630
models/props_unique/infectedbreakwall01_2x4mainframe01_dm.dx80.vtx,4881,969
models/props_unique/infectedbreakwall01_2x4mainframe01_dm.dx90.vtx,4881,969
models/props_unique/infectedbreakwall01_2x4mainframe01_dm.mdl,1912,523
models/props_unique/infectedbreakwall01_2x4mainframe01_dm.phy,2404,1334
models/props_unique/infectedbreakwall01_2x4mainframe01_dm.sw.vtx,4881,966
models/props_unique/infectedbreakwall01_2x4mainframe01_dm.vvd,25664,5210
models/props_unique/skybox_bridge_02.dx80.vtx,113481,16607
models/props_unique/skybox_bridge_02.dx90.vtx,113481,16607
models/props_unique/skybox_bridge_02.mdl,1952,494
models/props_unique/skybox_bridge_02.sw.vtx,113481,16574
models/props_unique/skybox_bridge_02.vvd,561664,67814
models/props_unique/skybox_cityscape_highrise.dx80.vtx,87276,12245
models/props_unique/skybox_cityscape_highrise.dx90.vtx,87276,12246
models/props_unique/skybox_cityscape_highrise.mdl,1780,438
models/props_unique/skybox_cityscape_highrise.sw.vtx,87276,12164
models/props_unique/skybox_cityscape_highrise.vvd,440960,44012
models/props_unique/spawn_apartment/lantern.dx80.vtx,12963,2321
models/props_unique/spawn_apartment/lantern.dx90.vtx,12963,2322
models/props_unique/spawn_apartment/lantern.mdl,1988,495
models/props_unique/spawn_apartment/lantern.phy,1460,871
models/props_unique/spawn_apartment/lantern.sw.vtx,12963,2311
models/props_unique/spawn_apartment/lantern.vvd,53888,13610
models/props_unique/zombiebreakwallinterior01_brick_dm_11.dx80.vtx,3165,706
models/props_unique/zombiebreakwallinterior01_brick_dm_11.dx90.vtx,3165,709
models/props_unique/zombiebreakwallinterior01_brick_dm_11.mdl,1984,577
models/props_unique/zombiebreakwallinterior01_brick_dm_11.phy,1343,895
models/props_unique/zombiebreakwallinterior01_brick_dm_11.sw.vtx,3165,706
models/props_unique/zombiebreakwallinterior01_brick_dm_11.vvd,14912,4033
models/props_unique/zombiebreakwallinterior01_brick_dm_12.dx80.vtx,2913,656
models/props_unique/zombiebreakwallinterior01_brick_dm_12.dx90.vtx,2913,655
models/props_unique/zombiebreakwallinterior01_brick_dm_12.mdl,1984,577
models/props_unique/zombiebreakwallinterior01_brick_dm_12.phy,1487,986
models/props_unique/zombiebreakwallinterior01_brick_dm_12.sw.vtx,2913,654
models/props_unique/zombiebreakwallinterior01_brick_dm_12.vvd,13632,3748
models/props_urban/air_conditioner001.dx80.vtx,9465,1591
models/props_urban/air_conditioner001.dx90.vtx,9465,1591
models/props_urban/air_conditioner001.mdl,1768,430
models/props_urban/air_conditioner001.phy,1613,945
models/props_urban/air_conditioner001.sw.vtx,9465,1570
models/props_urban/air_conditioner001.vvd,45120,6092
models/props_urban/bench001.dx80.vtx,8835,1709
models/props_urban/bench001.dx90.vtx,8835,1714
models/props_urban/bench001.mdl,1748,440
models/props_urban/bench001.phy,5043,2443
models/props_urban/bench001.sw.vtx,8835,1537
models/props_urban/bench001.vvd,38080,5931
models/props_urban/chimney001.dx80.vtx,4065,929
models/props_urban/chimney001.dx90.vtx,4065,929
models/props_urban/chimney001.mdl,1756,429
models/props_urban/chimney001.phy,1095,710
models/props_urban/chimney001.sw.vtx,4065,929
models/props_urban/chimney001.vvd,16448,4739
models/props_urban/chimney002.dx80.vtx,2823,695
models/props_urban/chimney002.dx90.vtx,2823,695
models/props_urban/chimney002.mdl,1756,424
models/props_urban/chimney002.phy,1094,669
models/props_urban/chimney002.sw.vtx,2823,694
models/props_urban/chimney002.vvd,10944,3518
models/props_urban/chimney003.dx80.vtx,6768,1873
models/props_urban/chimney003.dx90.vtx,6768,1869
models/props_urban/chimney003.mdl,1752,421
models/props_urban/chimney003.phy,1090,650
models/props_urban/chimney003.sw.vtx,6768,1808
models/props_urban/chimney003.vvd,22272,7796
models/props_urban/chimney004_02.dx80.vtx,2877,638
models/props_urban/chimney004_02.dx90.vtx,2877,639
models/props_urban/chimney004_02.mdl,1752,414
models/props_urban/chimney004_02.sw.vtx,2877,640
models/props_urban/chimney004_02.vvd,12864,2125
models/props_urban/chimney005_02.dx80.vtx,7164,1376
models/props_urban/chimney005_02.dx90.vtx,7164,1377
models/props_urban/chimney005_02.mdl,1752,417
models/props_urban/chimney005_02.sw.vtx,7164,1330
models/props_urban/chimney005_02.vvd,32256,4842
models/props_urban/chimney006_02.dx80.vtx,3609,774
models/props_urban/chimney006_02.dx90.vtx,3609,772
models/props_urban/chimney006_02.mdl,1752,408
models/props_urban/chimney006_02.sw.vtx,3609,766
models/props_urban/chimney006_02.vvd,15168,2512
models/props_urban/chimney007.dx80.vtx,3909,916
models/props_urban/chimney007.dx90.vtx,3909,916
models/props_urban/chimney007.mdl,1756,431
models/props_urban/chimney007.phy,1637,943
models/props_urban/chimney007.sw.vtx,3909,895
models/props_urban/chimney007.vvd,15168,4101
models/props_urban/curb_curve001_64.dx80.vtx,6225,1592
models/props_urban/curb_curve001_64.dx90.vtx,6225,1593
models/props_urban/curb_curve001_64.mdl,1832,446
models/props_urban/curb_curve001_64.phy,5012,2564
models/props_urban/curb_curve001_64.sw.vtx,6225,1612
models/props_urban/curb_curve001_64.vvd,20800,7311
models/props_urban/curb_drain001_32.dx80.vtx,6738,1369
models/props_urban/curb_drain001_32.dx90.vtx,6738,1370
models/props_urban/curb_drain001_32.mdl,1760,427
models/props_urban/curb_drain001_32.phy,712,445
models/props_urban/curb_drain001_32.sw.vtx,6738,1372
models/props_urban/curb_drain001_32.vvd,29824,4396
models/props_urban/curb_ramp001_256.dx80.vtx,10020,2534
models/props_urban/curb_ramp001_256.dx90.vtx,10020,2534
models/props_urban/curb_ramp001_256.mdl,1832,439
models/props_urban/curb_ramp001_256.phy,2540,1287
models/props_urban/curb_ramp001_256.sw.vtx,10020,2430
models/props_urban/curb_ramp001_256.vvd,32768,7660
models/props_urban/curb_ramp001_64.dx80.vtx,4197,1069
models/props_urban/curb_ramp001_64.dx90.vtx,4197,1070
models/props_urban/curb_ramp001_64.mdl,1832,442
models/props_urban/curb_ramp001_64.phy,1786,1005
models/props_urban/curb_ramp001_64.sw.vtx,4197,1060
models/props_urban/curb_ramp001_64.vvd,13888,4443
models/props_urban/curb_straight001_128.dx80.vtx,2169,638
models/props_urban/curb_straight001_128.dx90.vtx,2169,640
models/props_urban/curb_straight001_128.mdl,1836,436
models/props_urban/curb_straight001_128.phy,719,440
models/props_urban/curb_straight001_128.sw.vtx,2169,613
models/props_urban/curb_straight001_128.vvd,6976,1626
models/props_urban/curb_straight001_256.dx80.vtx,4197,1122
models/props_urban/curb_straight001_256.dx90.vtx,4197,1103
models/props_urban/curb_straight001_256.mdl,1836,445
models/props_urban/curb_straight001_256.phy,720,446
models/props_urban/curb_straight001_256.sw.vtx,4197,1103
models/props_urban/curb_straight001_256.vvd,13888,2799
models/props_urban/curb_straight001_32.dx80.vtx,729,248
models/props_urban/curb_straight001_32.dx90.vtx,729,249
models/props_urban/curb_straight001_32.mdl,1836,445
models/props_urban/curb_straight001_32.phy,716,442
models/props_urban/curb_straight001_32.sw.vtx,729,243
models/props_urban/curb_straight001_32.vvd,2368,730
models/props_urban/curb_straight001_512.dx80.vtx,8253,2099
models/props_urban/curb_straight001_512.dx90.vtx,8253,2101
models/props_urban/curb_straight001_512.mdl,1836,443
models/props_urban/curb_straight001_512.phy,722,449
models/props_urban/curb_straight001_512.sw.vtx,8253,2079
models/props_urban/curb_straight001_512.vvd,27712,4812
models/props_urban/curb_straight001_64.dx80.vtx,1209,383
models/props_urban/curb_straight001_64.dx90.vtx,1209,384
models/props_urban/curb_straight001_64.mdl,1836,441
models/props_urban/curb_straight001_64.phy,718,446
models/props_urban/curb_straight001_64.sw.vtx,1209,374
models/props_urban/curb_straight001_64.vvd,3904,1058
models/props_urban/fence001_128.dx80.vtx,11679,2001
models/props_urban/fence001_128.dx90.vtx,11679,2010
models/props_urban/fence001_128.mdl,1756,447
models/props_urban/fence001_128.phy,717,464
models/props_urban/fence001_128.sw.vtx,11679,1982
models/props_urban/fence001_128.vvd,53696,8261
models/props_urban/fence001_256.dx80.vtx,23889,3568
models/props_urban/fence001_256.dx90.vtx,23889,3572
models/props_urban/fence001_256.mdl,1756,442
models/props_urban/fence001_256.phy,717,451
models/props_urban/fence001_256.sw.vtx,23889,3479
models/props_urban/fence001_256.vvd,110656,14610
models/props_urban/fence004_128.dx80.vtx,22398,3599
models/props_urban/fence004_128.dx90.vtx,22398,3600
models/props_urban/fence004_128.mdl,1752,436
models/props_urban/fence004_128.phy,2254,1217
models/props_urban/fence004_128.sw.vtx,22398,3614
models/props_urban/fence004_128.vvd,102272,12770
models/props_urban/fence004_256.dx80.vtx,44655,6816
models/props_urban/fence004_256.dx90.vtx,44655,6817
models/props_urban/fence004_256.mdl,1752,436
models/props_urban/fence004_256.phy,2678,1353
models/props_urban/fence004_256.sw.vtx,44655,6791
models/props_urban/fence004_256.vvd,204480,20591
models/props_urban/fence004_64.dx80.vtx,21159,3318
models/props_urban/fence004_64.dx90.vtx,21159,3318
models/props_urban/fence004_64.mdl,1752,432
models/props_urban/fence004_64.phy,2253,1236
models/props_urban/fence004_64.sw.vtx,21159,3322
models/props_urban/fence004_64.vvd,97472,11970
models/props_urban/fence_barbwire001_128.dx80.vtx,8988,1821
models/props_urban/fence_barbwire001_128.dx90.vtx,8988,1830
models/props_urban/fence_barbwire001_128.mdl,1760,447
models/props_urban/fence_barbwire001_128.phy,716,459
models/props_urban/fence_barbwire001_128.sw.vtx,8988,1788
models/props_urban/fence_barbwire001_128.vvd,38400,6561
models/props_urban/fence_barbwire001_256.dx80.vtx,17835,3292
models/props_urban/fence_barbwire001_256.dx90.vtx,17835,3293
models/props_urban/fence_barbwire001_256.mdl,1760,444
models/props_urban/fence_barbwire001_256.phy,1381,802
models/props_urban/fence_barbwire001_256.sw.vtx,17835,3266
models/props_urban/fence_barbwire001_256.vvd,76736,10228
models/props_urban/fence_barbwire001_64.dx80.vtx,8802,1791
models/props_urban/fence_barbwire001_64.dx90.vtx,8802,1794
models/props_urban/fence_barbwire001_64.mdl,1760,439
models/props_urban/fence_barbwire001_64.phy,715,454
models/props_urban/fence_barbwire001_64.sw.vtx,8802,1767
models/props_urban/fence_barbwire001_64.vvd,37760,6500
models/props_urban/fence_cover001_128.dx80.vtx,20589,3061
models/props_urban/fence_cover001_128.dx90.vtx,20589,3062
models/props_urban/fence_cover001_128.mdl,1764,442
models/props_urban/fence_cover001_128.phy,718,448
models/props_urban/fence_cover001_128.sw.vtx,20589,3014
models/props_urban/fence_cover001_128.vvd,95808,11336
models/props_urban/fence_cover001_256.dx80.vtx,40701,5622
models/props_urban/fence_cover001_256.dx90.vtx,40701,5622
models/props_urban/fence_cover001_256.mdl,1764,444
models/props_urban/fence_cover001_256.phy,718,459
models/props_urban/fence_cover001_256.sw.vtx,40701,5623
models/props_urban/fence_cover001_256.vvd,190016,18243
models/props_urban/fence_cover001_64.dx80.vtx,10533,1782
models/props_urban/fence_cover001_64.dx90.vtx,10533,1752
models/props_urban/fence_cover001_64.mdl,1764,434
models/props_urban/fence_cover001_64.phy,714,447
models/props_urban/fence_cover001_64.sw.vtx,10533,1759
models/props_urban/fence_cover001_64.vvd,48704,7790
models/props_urban/fence_gate001_256.dx80.vtx,25386,3904
models/props_urban/fence_gate001_256.dx90.vtx,25386,3879
models/props_urban/fence_gate001_256.mdl,1760,447
models/props_urban/fence_gate001_256.phy,722,444
models/props_urban/fence_gate001_256.sw.vtx,25386,3886
models/props_urban/fence_gate001_256.vvd,119168,13698
models/props_urban/fence_gate002_256.dx80.vtx,24012,3852
models/props_urban/fence_gate002_256.dx90.vtx,24012,3853
models/props_urban/fence_gate002_256.mdl,1760,439
models/props_urban/fence_gate002_256.phy,722,443
models/props_urban/fence_gate002_256.sw.vtx,24012,3818
models/props_urban/fence_gate002_256.vvd,112640,12463
models/props_urban/fence_gate_post001.dx80.vtx,13641,2364
models/props_urban/fence_gate_post001.dx90.vtx,13641,2364
models/props_urban/fence_gate_post001.mdl,1764,446
models/props_urban/fence_gate_post001.phy,720,451
models/props_urban/fence_gate_post001.sw.vtx,13641,2299
models/props_urban/fence_gate_post001.vvd,62784,8970
models/props_urban/fence_post001.dx80.vtx,13065,2187
models/props_urban/fence_post001.dx90.vtx,13065,2188
models/props_urban/fence_post001.mdl,1752,437
models/props_urban/fence_post001.phy,709,433
models/props_urban/fence_post001.sw.vtx,13065,2238
models/props_urban/fence_post001.vvd,59456,7949
models/props_urban/fence_post_barbwire001.dx80.vtx,6864,1367
models/props_urban/fence_post_barbwire001.dx90.vtx,6864,1359
models/props_urban/fence_post_barbwire001.mdl,1764,440
models/props_urban/fence_post_barbwire001.phy,717,453
models/props_urban/fence_post_barbwire001.sw.vtx,6864,1361
models/props_urban/fence_post_barbwire001.vvd,28928,5685
models/props_urban/fire_escape_wide_lower.dx80.vtx,16725,2262
models/props_urban/fire_escape_wide_lower.dx90.vtx,16725,2264
models/props_urban/fire_escape_wide_lower.mdl,1764,470
models/props_urban/fire_escape_wide_lower.phy,5395,2492
models/props_urban/fire_escape_wide_lower.sw.vtx,16725,2261
models/props_urban/fire_escape_wide_lower.vvd,87360,11284
models/props_urban/fire_escape_wide_upper.dx80.vtx,19677,2609
models/props_urban/fire_escape_wide_upper.dx90.vtx,19677,2609
models/props_urban/fire_escape_wide_upper.mdl,1756,455
models/props_urban/fire_escape_wide_upper.phy,11119,4063
models/props_urban/fire_escape_wide_upper.sw.vtx,19677,2610
models/props_urban/fire_escape_wide_upper.vvd,102976,14090
models/props_urban/fire_hydrant001.dx80.vtx,53772,8245
models/props_urban/fire_hydrant001.dx90.vtx,53772,8244
models/props_urban/fire_hydrant001.mdl,1764,432
models/props_urban/fire_hydrant001.phy,6177,3235
models/props_urban/fire_hydrant001.sw.vtx,53772,7817
models/props_urban/fire_hydrant001.vvd,255744,52072
models/props_urban/flood_light001.dx80.vtx,17658,3588
models/props_urban/flood_light001.dx90.vtx,17658,3588
models/props_urban/flood_light001.mdl,1848,460
models/props_urban/flood_light001.sw.vtx,17658,3548
models/props_urban/flood_light001.vvd,68992,16762
models/props_urban/flood_light001_02.dx80.vtx,17298,3587
models/props_urban/flood_light001_02.dx90.vtx,17298,3592
models/props_urban/flood_light001_02.mdl,1760,435
models/props_urban/flood_light001_02.sw.vtx,17298,3408
models/props_urban/flood_light001_02.vvd,66432,17171
models/props_urban/fountain001.dx80.vtx,153642,32782
models/props_urban/fountain001.dx90.vtx,153642,32783
models/props_urban/fountain001.mdl,1752,420
models/props_urban/fountain001.phy,7492,3845
models/props_urban/fountain001.sw.vtx,153642,32340
models/props_urban/fountain001.vvd,550144,175660
models/props_urban/fridge002.dx80.vtx,17637,3994
models/props_urban/fridge002.dx90.vtx,17637,3994
models/props_urban/fridge002.mdl,1752,440
models/props_urban/fridge002.phy,7598,3247
models/props_urban/fridge002.sw.vtx,17637,4107
models/props_urban/fridge002.vvd,62528,24494
models/props_urban/fridge_door003.dx80.vtx,22041,4485
models/props_urban/fridge_door003.dx90.vtx,22041,4569
models/props_urban/fridge_door003.mdl,1756,443
models/props_urban/fridge_door003.phy,3529,1738
models/props_urban/fridge_door003.sw.vtx,22041,4407
models/props_urban/fridge_door003.vvd,86592,29724
models/props_urban/garbage_can001.dx80.vtx,31401,4757
models/props_urban/garbage_can001.dx90.vtx,31401,4757
models/props_urban/garbage_can001.mdl,1760,431
models/props_urban/garbage_can001.phy,3289,1477
models/props_urban/garbage_can001.sw.vtx,31401,4715
models/props_urban/garbage_can001.vvd,156224,11138
models/props_urban/gas_meter.dx80.vtx,11892,2422
models/props_urban/gas_meter.dx90.vtx,11892,2422
models/props_urban/gas_meter.mdl,1748,448
models/props_urban/gas_meter.phy,6914,3733
models/props_urban/gas_meter.sw.vtx,11892,2436
models/props_urban/gas_meter.vvd,47616,18703
models/props_urban/gate_column001_32.dx80.vtx,18336,2775
models/props_urban/gate_column001_32.dx90.vtx,18336,2775
models/props_urban/gate_column001_32.mdl,1760,433
models/props_urban/gate_column001_32.phy,723,452
models/props_urban/gate_column001_32.sw.vtx,18336,2772
models/props_urban/gate_column001_32.vvd,91136,9698
models/props_urban/gate_wall001_128.dx80.vtx,7185,1386
models/props_urban/gate_wall001_128.dx90.vtx,7185,1388
models/props_urban/gate_wall001_128.mdl,1760,432
models/props_urban/gate_wall001_128.phy,725,460
models/props_urban/gate_wall001_128.sw.vtx,7185,1388
models/props_urban/gate_wall001_128.vvd,32064,3502
models/props_urban/gate_wall001_256.dx80.vtx,14229,2490
models/props_urban/gate_wall001_256.dx90.vtx,14229,2491
models/props_urban/gate_wall001_256.mdl,1760,433
models/props_urban/gate_wall001_256.phy,725,458
models/props_urban/gate_wall001_256.sw.vtx,14229,2483
models/props_urban/gate_wall001_256.vvd,64064,5713
models/props_urban/gate_wall001_64.dx80.vtx,4113,881
models/props_urban/gate_wall001_64.dx90.vtx,4113,882
models/props_urban/gate_wall001_64.mdl,1760,430
models/props_urban/gate_wall001_64.phy,722,454
models/props_urban/gate_wall001_64.sw.vtx,4113,876
models/props_urban/gate_wall001_64.vvd,19264,2582
models/props_urban/gate_wall002_128.dx80.vtx,6777,1226
models/props_urban/gate_wall002_128.dx90.vtx,6777,1226
models/props_urban/gate_wall002_128.mdl,1760,444
models/props_urban/gate_wall002_128.phy,1450,825
models/props_urban/gate_wall002_128.sw.vtx,6777,1230
models/props_urban/gate_wall002_128.vvd,32320,3900
models/props_urban/gate_wall003_128.dx80.vtx,10455,1990
models/props_urban/gate_wall003_128.dx90.vtx,10455,1990
models/props_urban/gate_wall003_128.mdl,1756,435
models/props_urban/gate_wall003_128.phy,1773,978
models/props_urban/gate_wall003_128.sw.vtx,10455,1995
models/props_urban/gate_wall003_128.vvd,51904,4893
models/props_urban/gate_wall003_32.dx80.vtx,3381,733
models/props_urban/gate_wall003_32.dx90.vtx,3381,733
models/props_urban/gate_wall003_32.mdl,1756,432
models/props_urban/gate_wall003_32.phy,1737,950
models/props_urban/gate_wall003_32.sw.vtx,3381,732
models/props_urban/gate_wall003_32.vvd,16960,2158
models/props_urban/gate_wall003_64.dx80.vtx,5739,1157
models/props_urban/gate_wall003_64.dx90.vtx,5739,1158
models/props_urban/gate_wall003_64.mdl,1756,428
models/props_urban/gate_wall003_64.phy,1770,1008
models/props_urban/gate_wall003_64.sw.vtx,5739,1156
models/props_urban/gate_wall003_64.vvd,28608,3255
models/props_urban/gate_wall_gate001_64.dx80.vtx,5859,1166
models/props_urban/gate_wall_gate001_64.dx90.vtx,5859,1166
models/props_urban/gate_wall_gate001_64.mdl,1760,429
models/props_urban/gate_wall_gate001_64.phy,2590,1322
models/props_urban/gate_wall_gate001_64.sw.vtx,5859,1166
models/props_urban/gate_wall_gate001_64.vvd,29632,3396
models/props_urban/gate_wall_gate003_64.dx80.vtx,10785,2012
models/props_urban/gate_wall_gate003_64.dx90.vtx,10785,2012
models/props_urban/gate_wall_gate003_64.mdl,1760,429
models/props_urban/gate_wall_gate003_64.phy,1807,986
models/props_urban/gate_wall_gate003_64.sw.vtx,10785,2007
models/props_urban/gate_wall_gate003_64.vvd,52032,7293
models/props_urban/mega_phone001.dx80.vtx,17655,4089
models/props_urban/mega_phone001.dx90.vtx,17655,4089
models/props_urban/mega_phone001.mdl,1760,433
models/props_urban/mega_phone001.sw.vtx,17655,4154
models/props_urban/mega_phone001.vvd,62656,21334
models/props_urban/metal_plate001.dx80.vtx,6861,1428
models/props_urban/metal_plate001.dx90.vtx,6861,1429
models/props_urban/metal_plate001.mdl,1760,425
models/props_urban/metal_plate001.phy,712,430
models/props_urban/metal_plate001.sw.vtx,6861,1332
models/props_urban/metal_plate001.vvd,28224,3713
models/props_urban/outhouse001.dx80.vtx,37947,5836
models/props_urban/outhouse001.dx90.vtx,37947,5836
models/props_urban/outhouse001.mdl,1756,434
models/props_urban/outhouse001.phy,1961,1142
models/props_urban/outhouse001.sw.vtx,37947,5743
models/props_urban/outhouse001.vvd,176704,33410
models/props_urban/planter001_128.dx80.vtx,13221,2399
models/props_urban/planter001_128.dx90.vtx,13221,2399
models/props_urban/planter001_128.mdl,1756,428
models/props_urban/planter001_128.phy,3893,1768
models/props_urban/planter001_128.sw.vtx,13221,2391
models/props_urban/planter001_128.vvd,63040,8902
models/props_urban/planter001_192.dx80.vtx,14073,2948
models/props_urban/planter001_192.dx90.vtx,14073,2948
models/props_urban/planter001_192.mdl,1752,415
models/props_urban/planter001_192.phy,3908,1783
models/props_urban/planter001_192.sw.vtx,14073,2864
models/props_urban/planter001_192.vvd,54080,8988
models/props_urban/planter001_256.dx80.vtx,18285,3311
models/props_urban/planter001_256.dx90.vtx,18285,3312
models/props_urban/planter001_256.mdl,1756,436
models/props_urban/planter001_256.phy,3927,1831
models/props_urban/planter001_256.sw.vtx,18285,3313
models/props_urban/planter001_256.vvd,84032,11588
models/props_urban/planter001_320.dx80.vtx,19785,3784
models/props_urban/planter001_320.dx90.vtx,19785,3784
models/props_urban/planter001_320.mdl,1752,421
models/props_urban/planter001_320.phy,3924,1808
models/props_urban/planter001_320.sw.vtx,19785,3714
models/props_urban/planter001_320.vvd,79680,11641
models/props_urban/plaster_edge01.dx80.vtx,3561,848
models/props_urban/plaster_edge01.dx90.vtx,3561,851
models/props_urban/plaster_edge01.mdl,1756,433
models/props_urban/plaster_edge01.sw.vtx,3561,847
models/props_urban/plaster_edge01.vvd,15552,7501
models/props_urban/porch_light001.dx80.vtx,15687,3386
models/props_urban/porch_light001.dx90.vtx,15687,3386
models/props_urban/porch_light001.mdl,1760,424
models/props_urban/porch_light001.sw.vtx,15687,3371
models/props_urban/porch_light001.vvd,60352,16292
models/props_urban/porch_light001_02.dx80.vtx,15000,3368
models/props_urban/porch_light001_02.dx90.vtx,15000,3369
models/props_urban/porch_light001_02.mdl,1760,437
models/props_urban/porch_light001_02.sw.vtx,15000,3181
models/props_urban/porch_light001_02.vvd,55808,15549
models/props_urban/porch_light002_02.dx80.vtx,9228,2151
models/props_urban/porch_light002_02.dx90.vtx,9228,2151
models/props_urban/porch_light002_02.mdl,1760,422
models/props_urban/porch_light002_02.sw.vtx,9228,2169
models/props_urban/porch_light002_02.vvd,33024,9555
models/props_urban/screen_door001.dx80.vtx,10491,2094
models/props_urban/screen_door001.dx90.vtx,10491,2094
models/props_urban/screen_door001.mdl,1760,431
models/props_urban/screen_door001.phy,2760,1436
models/props_urban/screen_door001.sw.vtx,10491,2076
models/props_urban/screen_door001.vvd,43968,10229
models/props_urban/stoop001_64.dx80.vtx,9048,1826
models/props_urban/stoop001_64.dx90.vtx,9048,1831
models/props_urban/stoop001_64.mdl,1752,431
models/props_urban/stoop001_64.phy,2921,1561
models/props_urban/stoop001_64.sw.vtx,9048,1791
models/props_urban/stoop001_64.vvd,39296,10515
models/props_urban/stoop001_96.dx80.vtx,10461,2075
models/props_urban/stoop001_96.dx90.vtx,10461,2078
models/props_urban/stoop001_96.mdl,1752,429
models/props_urban/stoop001_96.phy,2873,1495
models/props_urban/stoop001_96.sw.vtx,10461,2086
models/props_urban/stoop001_96.vvd,43584,11361
models/props_urban/stoop001_96_32.dx80.vtx,16242,3758
models/props_urban/stoop001_96_32.dx90.vtx,16242,3758
models/props_urban/stoop001_96_32.mdl,1752,438
models/props_urban/stoop001_96_32.phy,3329,1658
models/props_urban/stoop001_96_32.sw.vtx,16242,3640
models/props_urban/stoop001_96_32.vvd,58496,16389
models/props_urban/stoop002_128.dx80.vtx,4230,1055
models/props_urban/stoop002_128.dx90.vtx,4230,1055
models/props_urban/stoop002_128.mdl,1752,431
models/props_urban/stoop002_128.phy,1096,662
models/props_urban/stoop002_128.sw.vtx,4230,1026
models/props_urban/stoop002_128.vvd,14976,5773
models/props_urban/stoop002_96.dx80.vtx,4134,1010
models/props_urban/stoop002_96.dx90.vtx,4134,1011
models/props_urban/stoop002_96.mdl,1752,432
models/props_urban/stoop002_96.phy,1095,661
models/props_urban/stoop002_96.sw.vtx,4134,1014
models/props_urban/stoop002_96.vvd,14976,5812
models/props_urban/telephone_connector_bracket001.dx80.vtx,18615,2784
models/props_urban/telephone_connector_bracket001.dx90.vtx,18615,2801
models/props_urban/telephone_connector_bracket001.mdl,1788,453
models/props_urban/telephone_connector_bracket001.sw.vtx,18615,2776
models/props_urban/telephone_connector_bracket001.vvd,91712,12004
models/props_urban/wood_fence001_64.dx80.vtx,4707,897
models/props_urban/wood_fence001_64.dx90.vtx,4707,897
models/props_urban/wood_fence001_64.mdl,1760,430
models/props_urban/wood_fence001_64.phy,1348,774
models/props_urban/wood_fence001_64.sw.vtx,4707,896
models/props_urban/wood_fence001_64.vvd,23488,3130
models/props_urban/wood_fence002_256.dx80.vtx,9741,1755
models/props_urban/wood_fence002_256.dx90.vtx,9741,1755
models/props_urban/wood_fence002_256.mdl,1760,423
models/props_urban/wood_fence002_256.phy,2229,1203
models/props_urban/wood_fence002_256.sw.vtx,9741,1749
models/props_urban/wood_fence002_256.vvd,44096,3677
models/props_urban/wood_fence002_64.dx80.vtx,3333,736
models/props_urban/wood_fence002_64.dx90.vtx,3333,737
models/props_urban/wood_fence002_64.mdl,1760,423
models/props_urban/wood_fence002_64.phy,1444,858
models/props_urban/wood_fence002_64.sw.vtx,3333,736
models/props_urban/wood_fence002_64.vvd,15424,1775
models/props_urban/wood_post002.dx80.vtx,873,262
models/props_urban/wood_post002.dx90.vtx,873,262
models/props_urban/wood_post002.mdl,1756,419
models/props_urban/wood_post002.phy,709,438
models/props_urban/wood_post002.sw.vtx,873,261
models/props_urban/wood_post002.vvd,3648,618
models/props_urban/wood_railing001_64.dx80.vtx,1509,386
models/props_urban/wood_railing001_64.dx90.vtx,1509,386
models/props_urban/wood_railing001_64.mdl,1764,427
models/props_urban/wood_railing001_64.phy,2291,1169
models/props_urban/wood_railing001_64.sw.vtx,1509,386
models/props_urban/wood_railing001_64.vvd,6976,960
models/props_urban/wood_railing_post001.dx80.vtx,669,205
models/props_urban/wood_railing_post001.dx90.vtx,669,207
models/props_urban/wood_railing_post001.mdl,1768,425
models/props_urban/wood_railing_post001.phy,714,447
models/props_urban/wood_railing_post001.sw.vtx,669,207
models/props_urban/wood_railing_post001.vvd,2880,391
models/props_vehicles/bus01_2.dx80.vtx,115836,17665
models/props_vehicles/bus01_2.dx90.vtx,115836,17666
models/props_vehicles/bus01_2.mdl,1952,491
models/props_vehicles/bus01_2.phy,7362,3938
models/props_vehicles/bus01_2.sw.vtx,115836,17502
models/props_vehicles/bus01_2.vvd,517440,129894
models/props_vehicles/cara_82hatchback.dx80.vtx,104877,17896
models/props_vehicles/cara_82hatchback.dx90.vtx,104877,17896
models/props_vehicles/cara_82hatchback.mdl,1840,524
models/props_vehicles/cara_82hatchback.phy,13487,6767
models/props_vehicles/cara_82hatchback.sw.vtx,104877,17443
models/props_vehicles/cara_82hatchback.vvd,455232,152814
models/props_vehicles/cara_82hatchback_glass.dx80.vtx,7020,1469
models/props_vehicles/cara_82hatchback_glass.dx90.vtx,7020,1474
models/props_vehicles/cara_82hatchback_glass.mdl,1784,458
models/props_vehicles/cara_82hatchback_glass.phy,6283,3440
models/props_vehicles/cara_82hatchback_glass.sw.vtx,7020,1479
models/props_vehicles/cara_82hatchback_glass.vvd,30208,11907
models/props_vehicles/cara_82hatchback_wrecked.dx80.vtx,106329,18027
models/props_vehicles/cara_82hatchback_wrecked.dx90.vtx,106329,18057
models/props_vehicles/cara_82hatchback_wrecked.mdl,1848,533
models/props_vehicles/cara_82hatchback_wrecked.phy,13991,7888
models/props_vehicles/cara_82hatchback_wrecked.sw.vtx,106329,17800
models/props_vehicles/cara_82hatchback_wrecked.vvd,466496,182918
models/props_vehicles/cara_82hatchback_wrecked_glass.dx80.vtx,5991,1206
models/props_vehicles/cara_82hatchback_wrecked_glass.dx90.vtx,5991,1207
models/props_vehicles/cara_82hatchback_wrecked_glass.mdl,1792,473
models/props_vehicles/cara_82hatchback_wrecked_glass.phy,4915,2905
models/props_vehicles/cara_82hatchback_wrecked_glass.sw.vtx,5991,1198
models/props_vehicles/cara_82hatchback_wrecked_glass.vvd,26304,11316
models/props_vehicles/cara_84sedan.dx80.vtx,86034,14787
models/props_vehicles/cara_84sedan.dx90.vtx,86034,14873
models/props_vehicles/cara_84sedan.mdl,1836,527
models/props_vehicles/cara_84sedan.phy,15843,7882
models/props_vehicles/cara_84sedan.sw.vtx,86034,14518
models/props_vehicles/cara_84sedan.vvd,375552,128788
models/props_vehicles/cara_84sedan_glass.dx80.vtx,2058,543
models/props_vehicles/cara_84sedan_glass.dx90.vtx,2058,543
models/props_vehicles/cara_84sedan_glass.mdl,1780,456
models/props_vehicles/cara_84sedan_glass.phy,5176,2792
models/props_vehicles/cara_84sedan_glass.sw.vtx,2058,534
models/props_vehicles/cara_84sedan_glass.vvd,8576,3760
models/props_vehicles/cara_95sedan.dx80.vtx,85593,14801
models/props_vehicles/cara_95sedan.dx90.vtx,85593,14801
models/props_vehicles/cara_95sedan.mdl,1836,529
models/props_vehicles/cara_95sedan.phy,17579,9019
models/props_vehicles/cara_95sedan.sw.vtx,85593,14592
models/props_vehicles/cara_95sedan.vvd,363072,130942
models/props_vehicles/cara_95sedan_glass.dx80.vtx,3210,800
models/props_vehicles/cara_95sedan_glass.dx90.vtx,3210,801
models/props_vehicles/cara_95sedan_glass.mdl,1780,455
models/props_vehicles/cara_95sedan_glass.phy,5480,3146
models/props_vehicles/cara_95sedan_glass.sw.vtx,3210,793
models/props_vehicles/cara_95sedan_glass.vvd,12672,6581
models/props_vehicles/floodlight_generator_pose01_static.dx80.vtx,79209,11316
models/props_vehicles/floodlight_generator_pose01_static.dx90.vtx,79209,11321
models/props_vehicles/floodlight_generator_pose01_static.mdl,1792,463
models/props_vehicles/floodlight_generator_pose01_static.phy,8681,4213
models/props_vehicles/floodlight_generator_pose01_static.sw.vtx,79209,11337
models/props_vehicles/floodlight_generator_pose01_static.vvd,375872,82713
models/props_vehicles/semi_trailer.dx80.vtx,95482,15728
models/props_vehicles/semi_trailer.dx90.vtx,95482,15729
models/props_vehicles/semi_trailer.mdl,1776,459
models/props_vehicles/semi_trailer.phy,8320,4070
models/props_vehicles/semi_trailer.sw.vtx,95482,15208
models/props_vehicles/semi_trailer.vvd,293760,62725
models/props_vehicles/semi_trailer_freestanding.dx80.vtx,110017,18111
models/props_vehicles/semi_trailer_freestanding.dx90.vtx,110017,18111
models/props_vehicles/semi_trailer_freestanding.mdl,1788,473
models/props_vehicles/semi_trailer_freestanding.phy,9176,4538
models/props_vehicles/semi_trailer_freestanding.sw.vtx,110017,17417
models/props_vehicles/semi_trailer_freestanding.vvd,345856,70171
models/props_vehicles/semi_trailer_wrecked.dx80.vtx,113035,18834
models/props_vehicles/semi_trailer_wrecked.dx90.vtx,113035,18834
models/props_vehicles/semi_trailer_wrecked.mdl,1780,464
models/props_vehicles/semi_trailer_wrecked.phy,8291,4526
models/props_vehicles/semi_trailer_wrecked.sw.vtx,113035,17807
models/props_vehicles/semi_trailer_wrecked.vvd,359936,88933
models/props_vehicles/tractor.dx80.vtx,107416,16120
models/props_vehicles/tractor.dx90.vtx,107416,16120
models/props_vehicles/tractor.mdl,6032,1628
models/props_vehicles/tractor.phy,7969,4204
models/props_vehicles/tractor.sw.vtx,107392,15660
models/props_vehicles/tractor.vvd,499456,132399
models/props_vehicles/tractor_lever.dx80.vtx,2691,615
models/props_vehicles/tractor_lever.dx90.vtx,2691,615
models/props_vehicles/tractor_lever.mdl,3640,897
models/props_vehicles/tractor_lever.phy,1235,813
models/props_vehicles/tractor_lever.sw.vtx,2683,608
models/props_vehicles/tractor_lever.vvd,12224,3791
models/props_vehicles/van.dx80.vtx,126490,23316
models/props_vehicles/van.dx90.vtx,126490,23316
models/props_vehicles/van.mdl,1828,521
models/props_vehicles/van.phy,11308,5438
models/props_vehicles/van.sw.vtx,126490,23291
models/props_vehicles/van.vvd,380160,137479
models/props_vehicles/van_glass.dx80.vtx,2490,613
models/props_vehicles/van_glass.dx90.vtx,2490,613
models/props_vehicles/van_glass.mdl,1764,446
models/props_vehicles/van_glass.phy,3530,1982
models/props_vehicles/van_glass.sw.vtx,2490,607
models/props_vehicles/van_glass.vvd,9856,4505
models/w_models/weapons/w_eq_medkit.dx80.vtx,13500,2704
models/w_models/weapons/w_eq_medkit.dx90.vtx,13500,2704
models/w_models/weapons/w_eq_medkit.mdl,2356,621
models/w_models/weapons/w_eq_medkit.phy,1093,756
models/w_models/weapons/w_eq_medkit.sw.vtx,13492,2522
models/w_models/weapons/w_eq_medkit.vvd,56576,25744
models/w_models/weapons/w_eq_molotov.dx80.vtx,11220,2575
models/w_models/weapons/w_eq_molotov.dx90.vtx,11220,2589
models/w_models/weapons/w_eq_molotov.mdl,2664,715
models/w_models/weapons/w_eq_molotov.phy,1894,1314
models/w_models/weapons/w_eq_molotov.sw.vtx,11204,2551
models/w_models/weapons/w_eq_molotov.vvd,41152,18260
particles/tp_m4.pcf,81773,17865
resource/overviews/ze_the_parish_quarter_v1.txt,139,107
scripts/soundscapes_ze_the_parish_quarter_v1.txt,12906,1725
sound/ambient/ambience/bug_loop.wav,1688038,1688038
sound/ambient/ambience/cicada_loop.wav,174222,174222
sound/ambient/ambience/courtyard_birds_loop.wav,2397142,2397142
sound/ambient/ambience/crucial_club_room_tone.wav,1867162,1867162
sound/ambient/ambience/crucial_empty_street_wind_loop.wav,4068850,4068850
sound/ambient/ambience/crucial_smallroomtone_amb_loop.wav,700468,700468
sound/ambient/ambience/crucial_urban_rooftop_ambloop01.wav,1216822,1216822
sound/ambient/atmosphere/crucial_indoor1.wav,133392,133392
sound/ambient/atmosphere/crucial_quiet_cellblock_amb.wav,151438,151438
sound/ambient/atmosphere/tone_alley.wav,422562,422562
sound/ambient/creatures/town_moan1.wav,66350,66350
sound/ambient/creatures/town_scared_breathing1.wav,157752,157752
sound/ambient/creatures/town_scared_breathing2.wav,71218,71218
sound/ambient/creatures/town_scared_sob1.wav,72240,72240
sound/ambient/creatures/town_scared_sob2.wav,64662,64662
sound/ambient/materials/wood_creak1.wav,38294,38294
sound/ambient/materials/wood_creak2.wav,23416,23416
sound/ambient/materials/wood_creak3.wav,24254,24254
sound/ambient/materials/wood_creak4.wav,13854,13854
sound/ambient/materials/wood_creak5.wav,26034,26034
sound/ambient/materials/wood_creak6.wav,26882,26882
sound/ambient/overhead/plane1.wav,153540,153540
sound/ambient/overhead/plane2.wav,157342,157342
sound/ambient/overhead/plane3.wav,213638,213638
sound/ambient/random_amb_sfx/binhit01.wav,173894,173894
sound/ambient/random_amb_sfx/binhit02.wav,149494,149494
sound/ambient/random_amb_sfx/binhit03.wav,137424,137424
sound/ambient/random_amb_sfx/cable_rattle01.wav,309956,309956
sound/ambient/random_amb_sfx/cable_rattle02.wav,631506,631506
sound/ambient/random_amb_sfx/cable_rattle03.wav,520482,520482
sound/ambient/random_amb_sfx/cable_rattle04.wav,377554,377554
sound/ambient/random_amb_sfx/cable_rattle05.wav,293212,293212
sound/ambient/random_amb_sfx/dist_explosion_01.wav,334462,334462
sound/ambient/random_amb_sfx/dist_explosion_02.wav,210606,210606
sound/ambient/random_amb_sfx/dist_explosion_03.wav,163426,163426
sound/ambient/random_amb_sfx/dist_explosion_04.wav,127532,127532
sound/ambient/random_amb_sfx/junk_debris_04.wav,200880,200880
sound/ambient/random_amb_sfx/metal_rattle_scaffold01.wav,109184,109184
sound/ambient/random_amb_sfx/metal_rattle_scaffold02.wav,62970,62970
sound/ambient/random_amb_sfx/wood_floor_squeak01.wav,82870,82870
sound/ambient/random_amb_sfx/wood_floor_squeak02.wav,93514,93514
sound/ambient/random_amb_sfx/wood_floor_squeak03.wav,73332,73332
sound/ambient/random_amb_sfx/wood_floor_squeak04.wav,73540,73540
sound/ambient/random_amb_sfx/wood_floor_squeak05.wav,84894,84894
sound/ambient/random_amb_sfx/wood_floor_squeak06.wav,50986,50986
sound/ambient/random_amb_sounds/cicada_short_01.wav,88694,88694
sound/ambient/random_amb_sounds/cicada_short_02.wav,25182,25182
sound/ambient/random_amb_sounds/cicada_short_03.wav,272174,272174
sound/ambient/random_amb_sounds/dist_gun_01.wav,87866,87866
sound/ambient/random_amb_sounds/dist_gun_02.wav,147662,147662
sound/ambient/random_amb_sounds/dist_gun_03.wav,38522,38522
sound/ambient/random_amb_sounds/dist_gun_04.wav,101426,101426
sound/ambient/random_amb_sounds/dist_gun_05.wav,211734,211734
sound/ambient/random_amb_sounds/hopper_fly_01.wav,65554,65554
sound/ambient/random_amb_sounds/hopper_fly_02.wav,79220,79220
sound/ambient/random_amb_sounds/hopper_fly_03.wav,138654,138654
sound/ambient/random_amb_sounds/rand_debris_01.wav,322094,322094
sound/ambient/random_amb_sounds/rand_gulls_01.wav,320688,320688
sound/ambient/random_amb_sounds/rand_gulls_02.wav,297642,297642
sound/ambient/random_amb_sounds/rand_gulls_03.wav,214382,214382
sound/ambient/random_amb_sounds/rand_gulls_04.wav,151778,151778
sound/ambient/random_amb_sounds/rand_gulls_05.wav,405488,405488
sound/ambient/random_amb_sounds/rand_gulls_06.wav,716754,716754
sound/ambient/random_amb_sounds/rand_leaves_blowby_01.wav,305918,305918
sound/ambient/random_amb_sounds/rand_leaves_blowby_02.wav,206816,206816
sound/ambient/random_amb_sounds/thinwindgust_01.wav,470704,470704
sound/ambient/random_amb_sounds/thinwindgust_02.wav,556718,556718
sound/ambient/random_amb_sounds/thinwindgust_03.wav,801534,801534
sound/ambient/random_amb_sounds/thinwindgust_04.wav,530696,530696
sound/ambient/random_amb_sounds/wood_creaks_new01.wav,31084,31084
sound/ambient/random_amb_sounds/wood_creaks_new02.wav,96812,96812
sound/ambient/random_amb_sounds/wood_creaks_new03.wav,73068,73068
sound/ambient/random_amb_sounds/wood_creaks_new04.wav,81784,81784
sound/ambient/random_amb_sounds/wood_creaks_new05.wav,99888,99888
sound/ambient/random_amb_sounds/wood_creaks_new06.wav,84228,84228
sound/ambient/random_amb_sounds/wood_creaks_new07.wav,51034,51034
sound/ambient/random_amb_sounds/wood_creaks_new08.wav,34198,34198
sound/ambient/spacial_loops/manholesteam_loop.wav,70842,70842
sound/ambient/wind/wind_snippet1.wav,131216,131216
sound/ambient/wind/wind_snippet2.wav,70800,70800
sound/ambient/wind/wind_snippet3.wav,153746,153746
sound/animation/bombing_run_01.wav,991598,991598
sound/animation/jets/jet_by_01_lr.wav,405996,405996
sound/animation/jets/jet_by_01_mono.wav,245026,245026
sound/animation/jets/jet_by_02_lr.wav,419668,419668
sound/animation/jets/jet_by_03_lr.wav,920620,920620
sound/animation/jets/jet_by_04_lr.wav,1068076,1068076
sound/animation/jets/jet_by_05_lr.wav,778068,778068
sound/doors/door_checkpoint_close1.wav,66646,66646
sound/music/flu/thesaintswillnevercome.wav,5745566,5745566
sound/music/safe/themonsterswithout.wav,1618060,1618060
sound/vehicles/diesel_loop2.wav,84996,84996
sound/vehicles/tractor/tractor_start_loop.wav,282818,282818
sound/vehicles/tractor/tractor_stop.wav,177606,177606
sound/weapons/grenade_launcher/grenadefire/grenade_launcher_explode_2.wav,618770,618770
sound/weapons/grenade_launcher/grenadefire/grenade_launcher_fire_1.wav,273524,273524
sound/weapons/molotov/molotov_detonate_3.wav,534170,534170
sp_0.vhv,3116,1375
sp_1.vhv,3116,1337
sp_10.vhv,8848,2751
sp_1000.vhv,3140,626
sp_1001.vhv,1736,600
sp_1002.vhv,1736,602
sp_1003.vhv,1736,566
sp_1004.vhv,2624,825
sp_1005.vhv,2624,876
sp_1006.vhv,2516,1004
sp_1011.vhv,2732,369
sp_1012.vhv,2732,406
sp_1013.vhv,2732,401
sp_1014.vhv,2732,370
sp_1015.vhv,2732,339
sp_1016.vhv,2732,234
sp_1017.vhv,2668,236
sp_1018.vhv,2668,136
sp_1019.vhv,1120,340
sp_1020.vhv,1120,345
sp_1021.vhv,1120,297
sp_1022.vhv,760,166
sp_1023.vhv,760,196
sp_1024.vhv,2624,633
sp_1025.vhv,2336,774
sp_1026.vhv,3156,936
sp_1027.vhv,3156,1178
sp_1028.vhv,2624,754
sp_1029.vhv,2624,791
sp_1030.vhv,2624,764
sp_1031.vhv,944,127
sp_1035.vhv,1884,614
sp_1036.vhv,1884,621
sp_1037.vhv,1984,671
sp_1038.vhv,1984,672
sp_1039.vhv,1984,551
sp_1040.vhv,1984,472
sp_1041.vhv,1480,488
sp_1042.vhv,2016,601
sp_1043.vhv,24488,8526
sp_1044.vhv,3996,1372
sp_1045.vhv,2624,891
sp_1046.vhv,2624,837
sp_1047.vhv,7184,2725
sp_1050.vhv,7184,2444
sp_1051.vhv,7184,2668
sp_1052.vhv,2016,682
sp_1055.vhv,2016,709
sp_1056.vhv,2016,642
sp_1057.vhv,2624,689
sp_1058.vhv,2688,844
sp_1059.vhv,2712,915
sp_1060.vhv,2712,954
sp_1061.vhv,3484,1032
sp_1062.vhv,3484,1098
sp_1064.vhv,3256,936
sp_1065.vhv,1900,746
sp_1066.vhv,1192,415
sp_1067.vhv,2624,714
sp_1068.vhv,2912,902
sp_1069.vhv,2524,900
sp_1071.vhv,2632,923
sp_1072.vhv,2632,884
sp_1073.vhv,944,297
sp_1074.vhv,944,323
sp_1075.vhv,944,303
sp_1076.vhv,944,271
sp_1077.vhv,6356,1989
sp_1083.vhv,1624,569
sp_1084.vhv,7028,2631
sp_1085.vhv,1192,435
sp_1086.vhv,1624,532
sp_1087.vhv,1624,543
sp_1088.vhv,1624,533
sp_1089.vhv,1836,363
sp_1090.vhv,1836,301
sp_1092.vhv,3232,1031
sp_1093.vhv,1760,139
sp_1094.vhv,3244,236
sp_1095.vhv,3244,403
sp_1096.vhv,2624,74
sp_1097.vhv,2900,55
sp_1098.vhv,2160,613
sp_1099.vhv,2160,662
sp_11.vhv,7360,2382
sp_1100.vhv,2160,650
sp_1101.vhv,944,307
sp_1102.vhv,944,286
sp_1103.vhv,944,272
sp_1104.vhv,944,272
sp_1105.vhv,944,282
sp_1106.vhv,944,310
sp_1107.vhv,944,297
sp_1108.vhv,944,276
sp_1109.vhv,944,293
sp_1110.vhv,944,293
sp_1111.vhv,944,285
sp_1112.vhv,944,294
sp_1113.vhv,944,285
sp_1114.vhv,944,295
sp_1115.vhv,1376,492
sp_1116.vhv,944,304
sp_1117.vhv,944,294
sp_1118.vhv,944,289
sp_1119.vhv,752,196
sp_1120.vhv,2556,973
sp_1121.vhv,944,278
sp_1122.vhv,944,273
sp_1123.vhv,944,277
sp_1124.vhv,944,290
sp_1125.vhv,944,322
sp_1126.vhv,944,315
sp_1127.vhv,944,308
sp_1128.vhv,944,329
sp_1129.vhv,944,327
sp_1130.vhv,944,320
sp_1133.vhv,944,309
sp_1134.vhv,944,307
sp_1135.vhv,944,298
sp_1136.vhv,944,313
sp_1137.vhv,944,288
sp_1138.vhv,944,271
sp_1139.vhv,944,280
sp_1140.vhv,944,288
sp_1141.vhv,944,306
sp_1142.vhv,944,297
sp_1143.vhv,2556,922
sp_1144.vhv,944,301
sp_1145.vhv,944,303
sp_1146.vhv,944,295
sp_1147.vhv,944,287
sp_1148.vhv,944,295
sp_1149.vhv,944,307
sp_1150.vhv,2556,975
sp_1151.vhv,944,302
sp_1152.vhv,944,288
sp_1153.vhv,944,298
sp_1154.vhv,944,298
sp_1155.vhv,944,305
sp_1156.vhv,944,313
sp_1157.vhv,944,323
sp_1158.vhv,944,323
sp_1159.vhv,944,314
sp_1160.vhv,944,311
sp_1171.vhv,2336,874
sp_1172.vhv,2900,1070
sp_1177.vhv,1120,369
sp_1178.vhv,1120,359
sp_1179.vhv,1120,371
sp_1180.vhv,1120,383
sp_1181.vhv,1120,394
sp_1182.vhv,1552,512
sp_1183.vhv,1552,636
sp_1184.vhv,1760,555
sp_1194.vhv,2360,796
sp_1195.vhv,2360,884
sp_12.vhv,10540,311
sp_1200.vhv,1560,564
sp_1201.vhv,1560,542
sp_1202.vhv,1560,539
sp_1203.vhv,1560,541
sp_1204.vhv,1560,548
sp_1205.vhv,2900,1125
sp_1206.vhv,960,271
sp_1207.vhv,1024,309
sp_1212.vhv,1480,600
sp_1213.vhv,1480,620
sp_1214.vhv,1480,599
sp_1215.vhv,1480,579
sp_1216.vhv,1480,626
sp_1217.vhv,1024,312
sp_1218.vhv,1280,426
sp_1219.vhv,1024,335
sp_1220.vhv,1280,416
sp_1221.vhv,2016,769
sp_1222.vhv,2336,811
sp_1223.vhv,2336,889
sp_1225.vhv,2188,680
sp_1226.vhv,1776,596
sp_1227.vhv,1892,665
sp_1228.vhv,1884,624
sp_1229.vhv,3996,1384
sp_1230.vhv,1836,505
sp_1237.vhv,1884,576
sp_1238.vhv,1024,289
sp_1239.vhv,1024,271
sp_1241.vhv,1404,519
sp_1242.vhv,1404,528
sp_1243.vhv,1404,513
sp_1244.vhv,1404,519
sp_1245.vhv,1404,511
sp_1246.vhv,1404,519
sp_1247.vhv,2624,798
sp_1248.vhv,2624,825
sp_1249.vhv,2624,877
sp_1250.vhv,2208,846
sp_1251.vhv,2208,829
sp_1252.vhv,2624,836
sp_1253.vhv,2016,640
sp_1254.vhv,1836,650
sp_1255.vhv,1456,506
sp_1256.vhv,2632,851
sp_1257.vhv,1192,438
sp_1258.vhv,1192,418
sp_1259.vhv,1536,469
sp_1260.vhv,1536,482
sp_1261.vhv,1312,456
sp_1262.vhv,1312,468
sp_1263.vhv,2888,995
sp_1264.vhv,1760,596
sp_1265.vhv,1760,575
sp_1266.vhv,1760,576
sp_1267.vhv,2960,895
sp_1268.vhv,2208,732
sp_1269.vhv,760,187
sp_1270.vhv,760,193
sp_1271.vhv,760,174
sp_1272.vhv,1536,563
sp_1273.vhv,1192,424
sp_1274.vhv,1456,482
sp_1275.vhv,3120,1145
sp_1276.vhv,2964,997
sp_1277.vhv,2964,932
sp_1279.vhv,1760,542
sp_1285.vhv,2016,689
sp_1286.vhv,2340,813
sp_1287.vhv,1128,359
sp_1288.vhv,1312,435
sp_1289.vhv,1312,411
sp_1290.vhv,1456,549
sp_1291.vhv,1192,420
sp_1292.vhv,1760,389
sp_1293.vhv,1884,597
sp_1294.vhv,8364,3582
sp_1295.vhv,2336,697
sp_1296.vhv,1192,423
sp_1297.vhv,2808,1044
sp_1298.vhv,2688,966
sp_1299.vhv,2912,1087
sp_13.vhv,10540,217
sp_1300.vhv,2912,1095
sp_1303.vhv,8364,3547
sp_1304.vhv,2960,872
sp_1305.vhv,3140,382
sp_1306.vhv,1620,585
sp_1307.vhv,1428,449
sp_1308.vhv,1620,598
sp_1309.vhv,1428,413
sp_1310.vhv,1428,449
sp_1311.vhv,1620,569
sp_1312.vhv,1428,467
sp_1313.vhv,1620,614
sp_1314.vhv,1480,623
sp_1315.vhv,1428,540
sp_1316.vhv,1428,422
sp_1318.vhv,2668,365
sp_1319.vhv,2668,199
sp_1320.vhv,3244,418
sp_1321.vhv,3244,562
sp_1322.vhv,3244,506
sp_1323.vhv,2976,286
sp_1324.vhv,2976,412
sp_1325.vhv,2976,350
sp_1326.vhv,2976,410
sp_1327.vhv,2976,249
sp_1328.vhv,2976,248
sp_1331.vhv,2336,678
sp_1332.vhv,2336,673
sp_1333.vhv,2976,354
sp_1334.vhv,2976,364
sp_1336.vhv,3316,478
sp_1337.vhv,3316,453
sp_1340.vhv,3140,349
sp_1341.vhv,3140,318
sp_1342.vhv,2900,382
sp_1343.vhv,2900,440
sp_1344.vhv,2900,211
sp_1345.vhv,2900,285
sp_1346.vhv,2900,393
sp_1347.vhv,2900,347
sp_1348.vhv,1760,224
sp_1349.vhv,2624,176
sp_1350.vhv,2624,193
sp_1351.vhv,2624,204
sp_1352.vhv,3244,323
sp_1354.vhv,3244,279
sp_1356.vhv,3140,631
sp_1357.vhv,2128,270
sp_1358.vhv,2128,52
sp_1359.vhv,2128,52
sp_1360.vhv,2128,306
sp_1361.vhv,2128,177
sp_1362.vhv,9168,1098
sp_1363.vhv,9168,577
sp_1364.vhv,2624,215
sp_1365.vhv,2624,238
sp_1366.vhv,2128,239
sp_1367.vhv,1736,573
sp_1368.vhv,1656,178
sp_1369.vhv,1656,151
sp_1370.vhv,2876,406
sp_1372.vhv,2676,239
sp_1373.vhv,3244,285
sp_1374.vhv,1480,596
sp_1375.vhv,1480,545
sp_1376.vhv,2208,705
sp_1377.vhv,2208,724
sp_1378.vhv,2208,771
sp_1379.vhv,1836,527
sp_1380.vhv,1836,516
sp_1381.vhv,1656,553
sp_1382.vhv,1656,565
sp_1383.vhv,2336,860
sp_1384.vhv,2336,822
sp_1385.vhv,2712,960
sp_1386.vhv,2712,928
sp_1387.vhv,2336,850
sp_1388.vhv,2712,936
sp_1389.vhv,1760,599
sp_1390.vhv,1656,554
sp_1391.vhv,1472,509
sp_1392.vhv,3120,1189
sp_1393.vhv,1480,605
sp_1394.vhv,1480,606
sp_1395.vhv,1480,614
sp_1396.vhv,1480,533
sp_1397.vhv,1480,625
sp_1398.vhv,1480,606
sp_1399.vhv,1480,536
sp_14.vhv,2876,305
sp_1400.vhv,2876,497
sp_1404.vhv,1480,564
sp_1405.vhv,1480,558
sp_1406.vhv,1480,566
sp_1407.vhv,2876,549
sp_1408.vhv,2876,253
sp_1409.vhv,9804,3516
sp_1410.vhv,9804,3447
sp_1412.vhv,12596,3206
sp_1413.vhv,13288,3821
sp_1414.vhv,12384,3759
sp_1415.vhv,4224,1350
sp_1416.vhv,4660,1495
sp_1417.vhv,2016,685
sp_1418.vhv,4660,1610
sp_1421.vhv,2016,665
sp_1422.vhv,1192,342
sp_1423.vhv,1536,599
sp_1424.vhv,1192,425
sp_1425.vhv,1536,559
sp_1426.vhv,1192,431
sp_1427.vhv,2632,905
sp_1428.vhv,4992,1539
sp_1429.vhv,2624,734
sp_1430.vhv,2624,752
sp_1431.vhv,2624,704
sp_1432.vhv,2624,753
sp_1433.vhv,2624,713
sp_1434.vhv,2128,314
sp_1435.vhv,2128,443
sp_1436.vhv,1480,555
sp_1437.vhv,1480,506
sp_1438.vhv,5352,1901
sp_1439.vhv,2516,1041
sp_1440.vhv,2876,392
sp_1441.vhv,2572,412
sp_1442.vhv,2876,621
sp_1443.vhv,2572,391
sp_1444.vhv,2876,289
sp_1445.vhv,2876,239
sp_1446.vhv,2572,270
sp_1447.vhv,2624,53
sp_1448.vhv,2876,358
sp_1449.vhv,2572,342
sp_1450.vhv,3244,55
sp_1451.vhv,3768,1417
sp_1453.vhv,4992,1796
sp_1458.vhv,8980,1994
sp_1459.vhv,8980,2078
sp_1463.vhv,2572,368
sp_1464.vhv,3100,524
sp_1465.vhv,3100,590
sp_1466.vhv,3100,629
sp_1467.vhv,7724,2392
sp_1468.vhv,6252,2110
sp_1469.vhv,6252,2077
sp_1470.vhv,6252,1477
sp_1471.vhv,2604,809
sp_1472.vhv,2604,982
sp_1473.vhv,3956,1547
sp_1474.vhv,3956,1476
sp_1475.vhv,2604,965
sp_1476.vhv,3956,1429
sp_1477.vhv,4460,1937
sp_1478.vhv,8980,1996
sp_1479.vhv,4144,1197
sp_1480.vhv,1480,580
sp_1481.vhv,1480,609
sp_1482.vhv,4460,1611
sp_1483.vhv,4460,1586
sp_1484.vhv,3532,1388
sp_1486.vhv,1760,560
sp_1487.vhv,1760,586
sp_1488.vhv,2888,951
sp_1489.vhv,3288,1357
sp_1490.vhv,3288,1372
sp_1491.vhv,3288,1196
sp_1492.vhv,3120,1083
sp_1493.vhv,1984,760
sp_1494.vhv,1984,604
sp_1495.vhv,2208,711
sp_1496.vhv,1760,554
sp_1497.vhv,3120,938
sp_1498.vhv,1760,560
sp_1499.vhv,3120,915
sp_15.vhv,8848,2672
sp_1500.vhv,1760,509
sp_1501.vhv,3288,1040
sp_1502.vhv,2016,717
sp_1503.vhv,3288,1012
sp_1504.vhv,1760,538
sp_1505.vhv,1760,498
sp_1506.vhv,3288,1209
sp_1507.vhv,1760,459
sp_1508.vhv,3120,1107
sp_1509.vhv,1760,501
sp_1510.vhv,3120,895
sp_1511.vhv,1760,499
sp_1512.vhv,3288,1036
sp_1513.vhv,1760,538
sp_1514.vhv,3288,1091
sp_1515.vhv,2016,682
sp_1516.vhv,1884,580
sp_1517.vhv,2016,653
sp_1518.vhv,1884,527
sp_1519.vhv,2016,644
sp_1520.vhv,2016,604
sp_1522.vhv,1836,613
sp_1523.vhv,3996,998
sp_1524.vhv,3996,1270
sp_1530.vhv,1480,506
sp_1531.vhv,1480,466
sp_1532.vhv,1480,457
sp_1533.vhv,1480,482
sp_1534.vhv,1480,467
sp_1535.vhv,1480,457
sp_1541.vhv,760,171
sp_1542.vhv,2016,671
sp_1543.vhv,1656,507
sp_1544.vhv,3288,1006
sp_1545.vhv,1656,517
sp_1546.vhv,3288,1009
sp_1547.vhv,1656,474
sp_1548.vhv,3288,915
sp_1549.vhv,1868,614
sp_1550.vhv,2292,705
sp_1551.vhv,1868,621
sp_1552.vhv,2712,845
sp_1553.vhv,3156,1005
sp_1554.vhv,3156,1001
sp_1555.vhv,3288,897
sp_1556.vhv,1656,456
sp_1557.vhv,2340,846
sp_1558.vhv,1128,338
sp_1559.vhv,1312,397
sp_1560.vhv,1312,361
sp_1563.vhv,1836,428
sp_1564.vhv,1120,324
sp_1565.vhv,1120,332
sp_1566.vhv,1624,442
sp_1567.vhv,1624,483
sp_1568.vhv,1624,440
sp_1569.vhv,1624,527
sp_1570.vhv,1624,483
sp_1571.vhv,1344,506
sp_1572.vhv,1344,464
sp_1573.vhv,1624,530
sp_1574.vhv,2208,851
sp_1576.vhv,3996,1569
sp_1577.vhv,1456,547
sp_1578.vhv,1456,537
sp_1579.vhv,1536,584
sp_1580.vhv,1192,442
sp_1581.vhv,1192,405
sp_1582.vhv,1536,578
sp_1583.vhv,1192,428
sp_1584.vhv,1192,396
sp_1591.vhv,1536,565
sp_1592.vhv,1536,608
sp_1597.vhv,1688,513
sp_1598.vhv,2008,553
sp_1599.vhv,1848,578
sp_16.vhv,8848,2673
sp_1600.vhv,1688,491
sp_1601.vhv,2008,552
sp_1602.vhv,1688,545
sp_1603.vhv,1688,531
sp_1604.vhv,2008,676
sp_1605.vhv,1688,479
sp_1609.vhv,1480,473
sp_1610.vhv,1480,514
sp_1611.vhv,5284,1787
sp_1612.vhv,3100,981
sp_1613.vhv,3480,738
sp_1614.vhv,3532,1166
sp_1617.vhv,3956,1455
sp_1618.vhv,2604,883
sp_1619.vhv,2604,824
sp_1620.vhv,4460,2217
sp_1621.vhv,4460,1698
sp_1622.vhv,3532,1306
sp_1623.vhv,3532,1277
sp_1624.vhv,1620,518
sp_1625.vhv,1620,567
sp_1626.vhv,1900,665
sp_1627.vhv,2016,600
sp_1628.vhv,3736,1363
sp_1631.vhv,3256,1016
sp_1632.vhv,3484,1119
sp_1633.vhv,3996,1840
sp_1634.vhv,3996,1409
sp_1635.vhv,5632,1759
sp_1636.vhv,4992,1915
sp_1639.vhv,3996,1292
sp_1640.vhv,5632,1615
sp_1641.vhv,5632,1787
sp_1642.vhv,2608,900
sp_1643.vhv,1024,299
sp_1644.vhv,1280,409
sp_1645.vhv,1024,312
sp_1646.vhv,1024,297
sp_1647.vhv,760,180
sp_1648.vhv,760,184
sp_1649.vhv,760,188
sp_1650.vhv,760,181
sp_1651.vhv,760,174
sp_1667.vhv,1320,162
sp_1668.vhv,1320,146
sp_1669.vhv,1320,179
sp_1670.vhv,1320,107
sp_1671.vhv,1320,122
sp_1672.vhv,1320,153
sp_1673.vhv,1320,146
sp_1674.vhv,1320,101
sp_1675.vhv,1320,125
sp_1676.vhv,1320,127
sp_1677.vhv,1320,123
sp_1678.vhv,1320,161
sp_1679.vhv,1320,162
sp_1680.vhv,1320,130
sp_1681.vhv,1320,144
sp_1682.vhv,1320,121
sp_1683.vhv,1320,153
sp_1684.vhv,1320,166
sp_1685.vhv,1320,135
sp_1686.vhv,1320,122
sp_1695.vhv,944,164
sp_1696.vhv,944,125
sp_1698.vhv,2324,623
sp_1699.vhv,2324,596
sp_17.vhv,7360,2087
sp_171.vhv,24000,7505
sp_1711.vhv,944,334
sp_1712.vhv,944,327
sp_1713.vhv,944,321
sp_1714.vhv,944,321
sp_1715.vhv,944,331
sp_1716.vhv,944,311
sp_1717.vhv,944,315
sp_1718.vhv,944,306
sp_1719.vhv,944,286
sp_172.vhv,10592,3176
sp_1720.vhv,944,288
sp_1721.vhv,944,280
sp_1722.vhv,2556,917
sp_1723.vhv,944,302
sp_1724.vhv,944,285
sp_1725.vhv,944,293
sp_1726.vhv,944,291
sp_1727.vhv,944,268
sp_1728.vhv,944,266
sp_1729.vhv,944,286
sp_173.vhv,10592,3462
sp_1730.vhv,944,281
sp_1731.vhv,944,296
sp_1732.vhv,944,278
sp_1733.vhv,944,264
sp_1734.vhv,944,255
sp_1735.vhv,944,251
sp_1736.vhv,944,254
sp_1737.vhv,944,235
sp_1738.vhv,944,251
sp_1739.vhv,944,261
sp_174.vhv,10592,3942
sp_1740.vhv,944,295
sp_1743.vhv,944,298
sp_1744.vhv,944,303
sp_1745.vhv,944,323
sp_1746.vhv,944,314
sp_1747.vhv,944,320
sp_1748.vhv,944,332
sp_1749.vhv,944,322
sp_175.vhv,5240,1696
sp_1750.vhv,944,321
sp_1751.vhv,944,295
sp_1752.vhv,944,288
sp_1753.vhv,944,297
sp_1754.vhv,944,266
sp_1755.vhv,752,169
sp_1756.vhv,2556,921
sp_1757.vhv,752,208
sp_1758.vhv,944,289
sp_1759.vhv,944,270
sp_176.vhv,5240,1676
sp_1760.vhv,944,272
sp_1761.vhv,944,278
sp_1762.vhv,944,287
sp_1763.vhv,944,301
sp_1764.vhv,944,301
sp_1765.vhv,944,276
sp_1766.vhv,944,277
sp_1767.vhv,944,283
sp_1768.vhv,944,275
sp_1769.vhv,944,257
sp_177.vhv,5240,1675
sp_1770.vhv,944,277
sp_1771.vhv,944,249
sp_1772.vhv,944,255
sp_1779.vhv,3156,1021
sp_1780.vhv,3120,1068
sp_1781.vhv,1656,556
sp_1782.vhv,1656,564
sp_1783.vhv,3288,1169
sp_1784.vhv,2964,999
sp_1785.vhv,1868,617
sp_1786.vhv,2712,925
sp_1787.vhv,1868,593
sp_1788.vhv,2712,732
sp_179.vhv,5240,1727
sp_18.vhv,6072,1954
sp_180.vhv,5240,1689
sp_1800.vhv,2016,651
sp_1801.vhv,1836,578
sp_1802.vhv,1620,494
sp_1803.vhv,1620,595
sp_1804.vhv,2340,878
sp_1805.vhv,1128,350
sp_1806.vhv,1312,428
sp_1807.vhv,1312,433
sp_1808.vhv,1312,438
sp_1809.vhv,908,263
sp_1810.vhv,4036,1315
sp_1811.vhv,4036,1314
sp_1812.vhv,4036,1348
sp_1813.vhv,4036,1322
sp_1814.vhv,1768,684
sp_1815.vhv,2888,1083
sp_1816.vhv,2888,1040
sp_1817.vhv,2888,1041
sp_1818.vhv,1312,436
sp_1819.vhv,1128,341
sp_182.vhv,10592,3278
sp_1820.vhv,3448,594
sp_1821.vhv,1312,386
sp_1822.vhv,2336,654
sp_1823.vhv,1868,668
sp_1824.vhv,1868,685
sp_1825.vhv,1868,705
sp_1826.vhv,1868,696
sp_1827.vhv,2912,1016
sp_1828.vhv,2912,1019
sp_1829.vhv,2912,1058
sp_183.vhv,5240,1679
sp_1830.vhv,2912,1079
sp_1831.vhv,2688,972
sp_1832.vhv,2912,1082
sp_1833.vhv,2964,977
sp_1834.vhv,3120,1144
sp_1835.vhv,3288,1224
sp_1836.vhv,3288,1288
sp_1837.vhv,3120,1351
sp_1838.vhv,2964,1136
sp_1839.vhv,3140,1044
sp_184.vhv,5240,1707
sp_1840.vhv,1320,201
sp_1841.vhv,1320,209
sp_1842.vhv,1320,222
sp_1843.vhv,1320,203
sp_1844.vhv,1320,210
sp_1845.vhv,1320,222
sp_1846.vhv,1320,232
sp_1847.vhv,1320,251
sp_1848.vhv,1320,243
sp_1849.vhv,1320,262
sp_1850.vhv,1320,263
sp_1851.vhv,1320,258
sp_1852.vhv,1320,272
sp_1853.vhv,1320,297
sp_1854.vhv,1320,297
sp_1855.vhv,1320,295
sp_1856.vhv,1320,333
sp_1857.vhv,1320,336
sp_1858.vhv,1320,295
sp_186.vhv,2324,712
sp_1866.vhv,1320,128
sp_1867.vhv,1320,122
sp_1868.vhv,1320,118
sp_1869.vhv,1320,123
sp_187.vhv,2324,719
sp_1870.vhv,1320,97
sp_1871.vhv,1320,84
sp_1872.vhv,1320,85
sp_1873.vhv,1320,96
sp_1874.vhv,1320,62
sp_1875.vhv,1320,84
sp_1876.vhv,1320,97
sp_1877.vhv,1320,97
sp_1878.vhv,1320,58
sp_1879.vhv,1320,65
sp_188.vhv,2504,590
sp_1880.vhv,1320,55
sp_1881.vhv,1320,72
sp_1882.vhv,1320,86
sp_1883.vhv,1320,59
sp_1884.vhv,1320,58
sp_189.vhv,12432,4394
sp_1892.vhv,2572,279
sp_1893.vhv,2572,248
sp_1894.vhv,2572,282
sp_1895.vhv,2572,124
sp_1896.vhv,3244,386
sp_1898.vhv,2296,808
sp_1899.vhv,2296,836
sp_19.vhv,6072,2070
sp_1900.vhv,1760,554
sp_1901.vhv,3288,1133
sp_1902.vhv,3288,1133
sp_1903.vhv,1760,592
sp_1904.vhv,2016,706
sp_1905.vhv,2016,558
sp_1906.vhv,2016,630
sp_1907.vhv,2016,658
sp_1908.vhv,2016,632
sp_1909.vhv,1344,413
sp_191.vhv,6484,1859
sp_1910.vhv,1344,196
sp_1911.vhv,2964,901
sp_1912.vhv,2964,805
sp_1913.vhv,2964,813
sp_1914.vhv,2964,888
sp_1915.vhv,1656,488
sp_1916.vhv,3120,892
sp_1917.vhv,1656,559
sp_1918.vhv,3288,1037
sp_1919.vhv,2016,729
sp_192.vhv,5284,1912
sp_1920.vhv,8980,2199
sp_1921.vhv,4144,1101
sp_1922.vhv,5788,1552
sp_193.vhv,5284,2047
sp_1931.vhv,3956,1444
sp_1932.vhv,2604,875
sp_1933.vhv,2808,1203
sp_1934.vhv,2808,979
sp_1935.vhv,2808,915
sp_1936.vhv,3996,1451
sp_1937.vhv,1536,515
sp_1938.vhv,1536,483
sp_1939.vhv,1192,427
sp_194.vhv,3156,928
sp_1940.vhv,1192,353
sp_1941.vhv,5632,1582
sp_1942.vhv,1120,348
sp_1943.vhv,1120,332
sp_1944.vhv,3956,1453
sp_1946.vhv,3480,705
sp_1947.vhv,1624,466
sp_1948.vhv,1624,490
sp_195.vhv,3156,890
sp_1950.vhv,2336,793
sp_1951.vhv,2336,743
sp_1952.vhv,2336,710
sp_1953.vhv,1868,162
sp_1954.vhv,1868,147
sp_1955.vhv,1868,72
sp_1958.vhv,1120,368
sp_196.vhv,3156,1009
sp_1965.vhv,2116,742
sp_1966.vhv,1620,535
sp_1967.vhv,1620,549
sp_1968.vhv,1620,455
sp_1969.vhv,1620,459
sp_197.vhv,1836,455
sp_1970.vhv,3996,1311
sp_1971.vhv,3996,1376
sp_1972.vhv,2572,1093
sp_1976.vhv,1160,383
sp_1977.vhv,1024,306
sp_1978.vhv,1024,288
sp_1979.vhv,2524,913
sp_198.vhv,1836,424
sp_1984.vhv,1480,502
sp_1985.vhv,1480,496
sp_1986.vhv,1480,518
sp_1987.vhv,1480,544
sp_199.vhv,1312,420
sp_1993.vhv,2340,697
sp_1996.vhv,2964,864
sp_1997.vhv,2964,874
sp_1998.vhv,1760,545
sp_1999.vhv,1760,510
sp_2.vhv,3116,1384
sp_200.vhv,1312,402
sp_2000.vhv,2964,876
sp_2001.vhv,2964,843
sp_2002.vhv,1836,621
sp_2003.vhv,1836,610
sp_2004.vhv,2016,601
sp_2005.vhv,2016,590
sp_2006.vhv,1712,596
sp_2007.vhv,6204,1957
sp_2008.vhv,6204,1985
sp_2009.vhv,5284,1537
sp_201.vhv,1312,422
sp_2010.vhv,5284,1532
sp_2011.vhv,1456,535
sp_2016.vhv,3156,1074
sp_2018.vhv,1836,520
sp_2019.vhv,1836,531
sp_202.vhv,1312,396
sp_2020.vhv,1836,524
sp_2021.vhv,1836,535
sp_2022.vhv,8980,2120
sp_2023.vhv,4144,1006
sp_2024.vhv,5284,2165
sp_2025.vhv,2964,972
sp_2026.vhv,3120,1117
sp_2027.vhv,1656,592
sp_2028.vhv,3288,1211
sp_2029.vhv,1656,541
sp_203.vhv,2208,933
sp_2030.vhv,3288,1098
sp_2031.vhv,1656,527
sp_2032.vhv,3288,1076
sp_2033.vhv,1656,555
sp_2034.vhv,3288,1111
sp_2035.vhv,2964,995
sp_2036.vhv,2964,860
sp_2037.vhv,2964,802
sp_2038.vhv,2876,884
sp_2039.vhv,1656,518
sp_204.vhv,1836,699
sp_2041.vhv,1656,494
sp_2043.vhv,1868,567
sp_2044.vhv,2912,889
sp_2045.vhv,2808,827
sp_2047.vhv,1656,503
sp_2048.vhv,2808,800
sp_2049.vhv,2808,819
sp_205.vhv,2208,793
sp_2050.vhv,2808,853
sp_2051.vhv,3996,1101
sp_2052.vhv,3996,1091
sp_2053.vhv,6832,1596
sp_2054.vhv,6832,1721
sp_2055.vhv,6832,1952
sp_2056.vhv,6832,2231
sp_2057.vhv,4772,1732
sp_2058.vhv,1656,507
sp_2059.vhv,1656,527
sp_206.vhv,2888,901
sp_2060.vhv,1656,495
sp_2061.vhv,1868,579
sp_2062.vhv,2912,886
sp_2063.vhv,2808,833
sp_2064.vhv,1480,562
sp_2065.vhv,1480,483
sp_2066.vhv,1712,554
sp_2067.vhv,2296,817
sp_2068.vhv,3760,1332
sp_2069.vhv,3752,1245
sp_207.vhv,2888,902
sp_2070.vhv,1480,478
sp_2073.vhv,2016,664
sp_2074.vhv,2016,708
sp_2075.vhv,1480,506
sp_2076.vhv,1480,549
sp_2077.vhv,1480,628
sp_2078.vhv,1480,603
sp_208.vhv,2888,913
sp_2085.vhv,8364,2795
sp_2086.vhv,8364,3695
sp_2087.vhv,752,190
sp_2088.vhv,656,133
sp_2089.vhv,2372,821
sp_209.vhv,1432,455
sp_2090.vhv,2372,791
sp_2091.vhv,656,142
sp_2092.vhv,752,182
sp_2093.vhv,2372,746
sp_2094.vhv,656,143
sp_2095.vhv,752,184
sp_2096.vhv,3032,1070
sp_2097.vhv,2288,719
sp_2098.vhv,2188,713
sp_2099.vhv,2188,691
sp_210.vhv,2116,764
sp_2100.vhv,1776,601
sp_2101.vhv,1776,537
sp_2102.vhv,1892,674
sp_2105.vhv,1164,337
sp_2106.vhv,3100,699
sp_2107.vhv,3100,603
sp_2108.vhv,3480,487
sp_2109.vhv,3532,1315
sp_211.vhv,2116,783
sp_2110.vhv,3532,1356
sp_2111.vhv,3480,673
sp_2112.vhv,3480,642
sp_2115.vhv,6484,1949
sp_2116.vhv,6484,1694
sp_2117.vhv,1480,617
sp_2118.vhv,1480,589
sp_2119.vhv,1480,562
sp_212.vhv,2116,737
sp_2120.vhv,1480,535
sp_2121.vhv,1480,542
sp_2122.vhv,1480,566
sp_2123.vhv,1480,552
sp_2124.vhv,1480,562
sp_213.vhv,2116,731
sp_2134.vhv,1432,481
sp_2135.vhv,1432,509
sp_2136.vhv,960,293
sp_2137.vhv,1656,569
sp_2138.vhv,2964,1070
sp_2139.vhv,2964,1065
sp_214.vhv,4992,1267
sp_2140.vhv,2964,1020
sp_2141.vhv,2964,1020
sp_2142.vhv,2016,681
sp_2143.vhv,2016,633
sp_2144.vhv,1836,623
sp_2145.vhv,1776,549
sp_2146.vhv,1456,543
sp_2147.vhv,2124,788
sp_2148.vhv,3100,559
sp_2149.vhv,3100,627
sp_215.vhv,3156,1028
sp_2150.vhv,3156,1127
sp_2152.vhv,2952,1158
sp_2153.vhv,2952,1015
sp_2154.vhv,2952,1029
sp_2155.vhv,2952,1148
sp_2156.vhv,2900,1062
sp_2157.vhv,1432,509
sp_2158.vhv,960,307
sp_2159.vhv,960,290
sp_2160.vhv,2964,1147
sp_2161.vhv,2964,1133
sp_2162.vhv,2964,1168
sp_2163.vhv,1656,527
sp_2164.vhv,1656,517
sp_2165.vhv,2964,819
sp_2166.vhv,2016,701
sp_2167.vhv,1884,624
sp_2168.vhv,2016,760
sp_2169.vhv,1884,653
sp_217.vhv,2624,619
sp_2170.vhv,1192,423
sp_2171.vhv,2116,678
sp_2172.vhv,2116,692
sp_2173.vhv,2116,785
sp_2174.vhv,3996,1748
sp_2175.vhv,1656,498
sp_2176.vhv,1656,527
sp_2177.vhv,2964,880
sp_2178.vhv,2964,853
sp_2179.vhv,1984,633
sp_218.vhv,2208,739
sp_2180.vhv,1984,609
sp_2181.vhv,1456,524
sp_2182.vhv,2964,872
sp_2183.vhv,4460,1694
sp_2184.vhv,3532,1364
sp_2185.vhv,4460,1643
sp_219.vhv,1280,416
sp_2192.vhv,2524,908
sp_2193.vhv,2572,597
sp_2194.vhv,2572,563
sp_2196.vhv,1868,141
sp_220.vhv,2608,972
sp_2204.vhv,5920,1235
sp_2205.vhv,4416,1051
sp_2206.vhv,5920,68
sp_2207.vhv,4416,73
sp_2208.vhv,1976,287
sp_2209.vhv,2624,252
sp_221.vhv,1024,307
sp_2210.vhv,2572,560
sp_2211.vhv,2572,266
sp_2216.vhv,4660,1645
sp_2217.vhv,944,310
sp_2218.vhv,944,293
sp_2219.vhv,944,306
sp_222.vhv,3032,1145
sp_2220.vhv,944,301
sp_2221.vhv,2556,960
sp_2222.vhv,944,283
sp_2223.vhv,944,285
sp_2224.vhv,944,277
sp_2225.vhv,944,252
sp_2226.vhv,944,258
sp_2227.vhv,944,277
sp_2228.vhv,13288,3569
sp_2229.vhv,12384,3516
sp_2230.vhv,4224,1295
sp_2231.vhv,6900,1999
sp_2232.vhv,6496,1951
sp_2233.vhv,4224,1367
sp_2234.vhv,6600,1977
sp_2235.vhv,3552,1182
sp_2236.vhv,5304,1451
sp_2237.vhv,2908,866
sp_2238.vhv,2316,729
sp_2239.vhv,2868,787
sp_224.vhv,1124,374
sp_2240.vhv,2316,703
sp_2241.vhv,7956,2935
sp_2242.vhv,7548,2468
sp_2243.vhv,4432,1436
sp_2244.vhv,4432,1605
sp_2245.vhv,2624,768
sp_2246.vhv,2624,764
sp_2247.vhv,2624,610
sp_2248.vhv,2624,656
sp_2249.vhv,1984,711
sp_2250.vhv,1984,650
sp_2251.vhv,5352,2020
sp_2252.vhv,2016,661
sp_2253.vhv,1428,411
sp_2254.vhv,1428,386
sp_2255.vhv,2016,650
sp_2256.vhv,1884,523
sp_2257.vhv,1884,598
sp_2258.vhv,2016,683
sp_2259.vhv,1984,553
sp_226.vhv,3032,1143
sp_2260.vhv,1120,327
sp_2261.vhv,1120,337
sp_2262.vhv,1120,327
sp_2263.vhv,1120,330
sp_2264.vhv,1120,335
sp_2265.vhv,1984,661
sp_2266.vhv,4992,1468
sp_2268.vhv,4992,1570
sp_2269.vhv,12228,3348
sp_227.vhv,2208,875
sp_2275.vhv,1120,324
sp_2276.vhv,1120,325
sp_2277.vhv,1120,344
sp_2278.vhv,1120,341
sp_2279.vhv,3484,1083
sp_228.vhv,1984,659
sp_2280.vhv,3484,1243
sp_2281.vhv,12596,3772
sp_2282.vhv,3736,1288
sp_2283.vhv,2632,870
sp_2284.vhv,2632,829
sp_2285.vhv,1536,618
sp_2286.vhv,12228,3216
sp_2287.vhv,1120,292
sp_2288.vhv,1120,301
sp_2289.vhv,2016,616
sp_229.vhv,1984,675
sp_2296.vhv,5632,1402
sp_2297.vhv,6240,1764
sp_2298.vhv,5632,1544
sp_2299.vhv,5632,1683
sp_23.vhv,7360,2023
sp_230.vhv,2624,744
sp_2300.vhv,5632,1656
sp_2302.vhv,1192,432
sp_2305.vhv,2336,732
sp_2308.vhv,5632,1805
sp_2309.vhv,5632,1762
sp_231.vhv,1836,537
sp_2310.vhv,3996,1290
sp_2311.vhv,1760,416
sp_2312.vhv,3288,1143
sp_2314.vhv,8104,2405
sp_2315.vhv,7724,2560
sp_2316.vhv,7184,2688
sp_2317.vhv,1312,443
sp_2318.vhv,1480,548
sp_2319.vhv,2016,744
sp_232.vhv,12228,3814
sp_2320.vhv,1884,590
sp_2321.vhv,7724,2592
sp_2323.vhv,24856,7732
sp_2324.vhv,8104,2184
sp_2326.vhv,6032,1983
sp_2327.vhv,6356,2041
sp_2328.vhv,3956,1184
sp_2329.vhv,3100,565
sp_2330.vhv,4460,1443
sp_2331.vhv,3532,1338
sp_2332.vhv,5632,1756
sp_2333.vhv,1456,564
sp_2334.vhv,5632,1770
sp_2335.vhv,1192,423
sp_2336.vhv,1536,592
sp_2337.vhv,27148,7471
sp_2338.vhv,1120,302
sp_2339.vhv,2336,696
sp_234.vhv,2324,586
sp_2340.vhv,2336,654
sp_2341.vhv,2336,681
sp_2342.vhv,1120,307
sp_2344.vhv,752,184
sp_2346.vhv,944,305
sp_2347.vhv,944,297
sp_2348.vhv,752,191
sp_2349.vhv,1808,693
sp_235.vhv,3032,1227
sp_2350.vhv,656,140
sp_2351.vhv,2240,979
sp_2352.vhv,944,290
sp_2353.vhv,944,286
sp_2354.vhv,944,304
sp_2355.vhv,944,318
sp_2356.vhv,944,305
sp_2357.vhv,944,331
sp_2358.vhv,944,301
sp_2359.vhv,944,337
sp_236.vhv,1868,651
sp_2360.vhv,944,322
sp_2361.vhv,944,313
sp_2367.vhv,960,314
sp_2368.vhv,1432,482
sp_2369.vhv,1432,486
sp_237.vhv,1984,701
sp_2370.vhv,960,314
sp_2371.vhv,960,320
sp_2372.vhv,1656,511
sp_2373.vhv,2964,976
sp_2374.vhv,2964,912
sp_2375.vhv,2208,710
sp_2376.vhv,2208,718
sp_2379.vhv,1480,627
sp_238.vhv,1984,758
sp_2380.vhv,1480,620
sp_2381.vhv,1480,551
sp_2382.vhv,3996,1790
sp_2383.vhv,3996,1905
sp_239.vhv,1836,625
sp_2394.vhv,2240,792
sp_2395.vhv,2240,742
sp_2396.vhv,944,223
sp_2398.vhv,2240,905
sp_24.vhv,7360,1885
sp_240.vhv,2888,1224
sp_2403.vhv,5464,1746
sp_2406.vhv,1160,334
sp_2407.vhv,1776,636
sp_241.vhv,12432,4326
sp_2410.vhv,24488,6754
sp_2411.vhv,24856,6367
sp_2412.vhv,4572,1899
sp_2413.vhv,4572,2003
sp_2414.vhv,4572,1998
sp_2415.vhv,1892,578
sp_2416.vhv,1192,331
sp_2424.vhv,6496,2078
sp_2428.vhv,12384,3985
sp_2429.vhv,6496,2397
sp_243.vhv,5284,1656
sp_2430.vhv,12384,4350
sp_2431.vhv,12384,3900
sp_2432.vhv,6496,2107
sp_2433.vhv,4224,1207
sp_2438.vhv,4224,1376
sp_244.vhv,5284,1752
sp_2441.vhv,2240,932
sp_2442.vhv,1376,508
sp_2443.vhv,8364,3807
sp_2444.vhv,8364,3543
sp_2445.vhv,2316,650
sp_2446.vhv,5304,1687
sp_2447.vhv,5304,1780
sp_2448.vhv,4224,1024
sp_245.vhv,31624,8845
sp_2451.vhv,1456,590
sp_2453.vhv,1160,348
sp_2455.vhv,2188,688
sp_2456.vhv,2188,688
sp_2458.vhv,2964,995
sp_2459.vhv,2964,952
sp_2461.vhv,2952,1052
sp_2462.vhv,2952,1027
sp_2463.vhv,2952,1042
sp_2464.vhv,2952,1081
sp_2465.vhv,960,294
sp_2466.vhv,1432,448
sp_2467.vhv,2900,1038
sp_2468.vhv,960,295
sp_2469.vhv,2964,664
sp_247.vhv,2960,943
sp_2470.vhv,2964,683
sp_2471.vhv,2964,814
sp_2472.vhv,1624,466
sp_2473.vhv,1624,453
sp_2474.vhv,2876,1012
sp_2476.vhv,1760,336
sp_2477.vhv,1760,308
sp_2478.vhv,1836,655
sp_248.vhv,2208,889
sp_2481.vhv,12432,4767
sp_2482.vhv,8364,3817
sp_2483.vhv,1192,423
sp_2484.vhv,1456,545
sp_2485.vhv,2624,682
sp_2486.vhv,2624,653
sp_2487.vhv,2624,734
sp_2488.vhv,1536,580
sp_2489.vhv,1192,440
sp_249.vhv,2124,845
sp_2490.vhv,2624,739
sp_2494.vhv,1120,235
sp_2495.vhv,1120,242
sp_2496.vhv,1120,229
sp_2497.vhv,2524,877
sp_2498.vhv,1536,558
sp_2499.vhv,1192,423
sp_250.vhv,12228,3549
sp_2500.vhv,1192,419
sp_2502.vhv,2624,799
sp_2503.vhv,2624,732
sp_2504.vhv,6240,2086
sp_2505.vhv,2624,719
sp_2506.vhv,2624,678
sp_2507.vhv,1120,321
sp_2508.vhv,5352,1824
sp_2509.vhv,2624,771
sp_251.vhv,6008,1984
sp_2510.vhv,2624,816
sp_2511.vhv,1776,618
sp_2515.vhv,1024,305
sp_2516.vhv,5464,1479
sp_2517.vhv,24488,7650
sp_252.vhv,6008,1994
sp_2524.vhv,4772,1838
sp_2525.vhv,4772,1887
sp_2526.vhv,1884,560
sp_2527.vhv,2016,621
sp_2528.vhv,2016,712
sp_2529.vhv,1984,590
sp_2530.vhv,2624,778
sp_2531.vhv,2624,744
sp_2532.vhv,6240,2011
sp_2533.vhv,6240,1970
sp_2534.vhv,2272,644
sp_2535.vhv,2272,671
sp_2536.vhv,2272,686
sp_2537.vhv,2272,625
sp_2538.vhv,1620,357
sp_2539.vhv,1620,492
sp_254.vhv,1280,413
sp_2540.vhv,1120,264
sp_2541.vhv,1120,220
sp_2542.vhv,1120,226
sp_2543.vhv,1120,238
sp_2544.vhv,1120,337
sp_2545.vhv,1120,337
sp_2546.vhv,1120,300
sp_2548.vhv,1120,307
sp_2549.vhv,1120,60
sp_255.vhv,1024,309
sp_2550.vhv,2876,78
sp_2551.vhv,2900,434
sp_2552.vhv,1984,718
sp_2553.vhv,1344,373
sp_2554.vhv,1344,365
sp_2555.vhv,1984,710
sp_2556.vhv,3736,1285
sp_2557.vhv,2188,695
sp_2559.vhv,1160,355
sp_256.vhv,1280,402
sp_2560.vhv,1024,331
sp_2564.vhv,2188,662
sp_2565.vhv,2016,649
sp_2567.vhv,5632,1784
sp_2568.vhv,5632,1578
sp_2569.vhv,1924,603
sp_257.vhv,1024,303
sp_2570.vhv,1924,637
sp_2572.vhv,1456,540
sp_2573.vhv,4992,1971
sp_2574.vhv,5632,1802
sp_2575.vhv,1120,311
sp_2576.vhv,1120,327
sp_2577.vhv,1624,538
sp_2578.vhv,1624,515
sp_2579.vhv,1624,526
sp_258.vhv,4772,1578
sp_2580.vhv,656,149
sp_2581.vhv,656,137
sp_2582.vhv,752,201
sp_2583.vhv,2372,828
sp_2584.vhv,752,189
sp_2585.vhv,656,131
sp_2586.vhv,2372,777
sp_2587.vhv,656,157
sp_2588.vhv,752,189
sp_2589.vhv,2372,780
sp_259.vhv,6832,2052
sp_2590.vhv,752,196
sp_2591.vhv,656,134
sp_2592.vhv,24488,8307
sp_2593.vhv,1192,409
sp_2595.vhv,5632,1746
sp_2596.vhv,1192,419
sp_2597.vhv,2624,824
sp_2598.vhv,5632,1778
sp_260.vhv,6832,2051
sp_2602.vhv,1984,606
sp_2603.vhv,5632,1724
sp_2604.vhv,2016,693
sp_2605.vhv,1192,430
sp_2606.vhv,1192,434
sp_2607.vhv,5632,1726
sp_2608.vhv,5632,1707
sp_2609.vhv,2876,55
sp_261.vhv,6832,2103
sp_2610.vhv,2876,270
sp_262.vhv,6832,2217
sp_2623.vhv,1192,444
sp_2624.vhv,1480,600
sp_2625.vhv,1480,626
sp_2626.vhv,1480,564
sp_2627.vhv,1480,546
sp_2629.vhv,5632,1766
sp_263.vhv,4772,1696
sp_2630.vhv,5632,1750
sp_2631.vhv,2336,734
sp_2634.vhv,34908,10678
sp_2635.vhv,6240,1946
sp_2636.vhv,6240,1962
sp_2637.vhv,6240,2048
sp_2638.vhv,1984,567
sp_2639.vhv,5632,1700
sp_264.vhv,2952,1040
sp_2640.vhv,2016,587
sp_2641.vhv,5632,1584
sp_2642.vhv,12596,3621
sp_2643.vhv,1192,435
sp_2644.vhv,1192,434
sp_2645.vhv,5632,1782
sp_2646.vhv,2624,722
sp_2647.vhv,2624,271
sp_2648.vhv,2336,707
sp_2649.vhv,2712,895
sp_265.vhv,2952,908
sp_2650.vhv,2336,699
sp_2651.vhv,4144,954
sp_2652.vhv,1120,311
sp_2653.vhv,12228,3137
sp_2654.vhv,2624,749
sp_2655.vhv,2624,789
sp_2657.vhv,2240,962
sp_2658.vhv,2240,899
sp_2659.vhv,2240,873
sp_266.vhv,2952,922
sp_2660.vhv,2240,931
sp_2661.vhv,1376,483
sp_2662.vhv,1624,498
sp_2663.vhv,2016,642
sp_267.vhv,2952,1099
sp_2671.vhv,2524,887
sp_2672.vhv,24488,8695
sp_2673.vhv,25396,8407
sp_2675.vhv,2016,636
sp_2676.vhv,2016,656
sp_2677.vhv,2272,653
sp_2678.vhv,5632,1708
sp_2679.vhv,5632,1738
sp_268.vhv,4032,635
sp_2681.vhv,1456,548
sp_2682.vhv,4992,1513
sp_2683.vhv,2964,964
sp_2684.vhv,2964,910
sp_2689.vhv,2808,1067
sp_2690.vhv,2624,824
sp_2691.vhv,2624,850
sp_2692.vhv,1192,452
sp_2693.vhv,24488,8095
sp_2695.vhv,1248,356
sp_2697.vhv,4280,1293
sp_2698.vhv,1456,547
sp_2699.vhv,2016,578
sp_27.vhv,7360,1299
sp_2703.vhv,3156,1142
sp_2705.vhv,6484,1549
sp_2706.vhv,24488,7823
sp_2707.vhv,12228,3899
sp_2710.vhv,1344,454
sp_2711.vhv,4992,1227
sp_2712.vhv,1088,396
sp_2714.vhv,2876,301
sp_2715.vhv,4660,1690
sp_2716.vhv,1344,425
sp_2717.vhv,1344,457
sp_2723.vhv,2876,658
sp_2729.vhv,10924,4239
sp_2730.vhv,1480,538
sp_2731.vhv,1192,451
sp_2733.vhv,2148,664
sp_2734.vhv,2148,684
sp_2735.vhv,2148,671
sp_2736.vhv,2148,698
sp_2737.vhv,2148,785
sp_2738.vhv,2148,756
sp_2739.vhv,2148,779
sp_2740.vhv,2148,776
sp_2752.vhv,24488,7245
sp_2753.vhv,24488,7239
sp_2755.vhv,1120,334
sp_2756.vhv,6868,2414
sp_2757.vhv,6868,2607
sp_2758.vhv,6868,2544
sp_2759.vhv,10008,3547
sp_2760.vhv,10008,3388
sp_2763.vhv,6868,2511
sp_2764.vhv,6868,2455
sp_2765.vhv,1168,408
sp_2766.vhv,1168,345
sp_2767.vhv,1072,365
sp_2768.vhv,1072,314
sp_2769.vhv,1168,396
sp_2778.vhv,1168,304
sp_2779.vhv,1168,322
sp_2780.vhv,1168,331
sp_2781.vhv,1168,266
sp_2782.vhv,1072,267
sp_2783.vhv,1168,293
sp_2784.vhv,1168,294
sp_2785.vhv,1072,257
sp_2786.vhv,1168,299
sp_2787.vhv,1168,314
sp_2788.vhv,1072,264
sp_2789.vhv,1168,288
sp_2790.vhv,1184,320
sp_2791.vhv,1184,314
sp_2792.vhv,1184,403
sp_2793.vhv,1168,350
sp_2794.vhv,1168,312
sp_2795.vhv,1168,325
sp_2796.vhv,1168,369
sp_2797.vhv,1168,336
sp_2798.vhv,1168,338
sp_2799.vhv,1168,222
sp_28.vhv,7360,1583
sp_2800.vhv,1168,218
sp_2801.vhv,2964,947
sp_2802.vhv,2964,1002
sp_2803.vhv,1168,331
sp_2812.vhv,7724,2826
sp_2813.vhv,3956,1478
sp_2814.vhv,3956,1543
sp_2815.vhv,1124,346
sp_2816.vhv,34908,12773
sp_2819.vhv,2876,55
sp_2820.vhv,16388,6118
sp_2821.vhv,6868,2787
sp_2822.vhv,1480,501
sp_2823.vhv,1552,488
sp_2824.vhv,1552,487
sp_2825.vhv,1552,540
sp_2826.vhv,1552,505
sp_2827.vhv,2808,1044
sp_2828.vhv,3140,1020
sp_2829.vhv,1312,456
sp_2830.vhv,1152,375
sp_2831.vhv,3996,1305
sp_2832.vhv,3140,961
sp_2840.vhv,2288,243
sp_285.vhv,6832,2070
sp_286.vhv,4772,1703
sp_287.vhv,6832,2154
sp_288.vhv,6832,2252
sp_289.vhv,6832,2070
sp_2892.vhv,3140,932
sp_2893.vhv,2128,362
sp_2894.vhv,2128,288
sp_2895.vhv,2128,242
sp_2896.vhv,2128,259
sp_2897.vhv,2128,364
sp_2898.vhv,2128,323
sp_2899.vhv,2128,295
sp_29.vhv,7360,1860
sp_290.vhv,6832,1759
sp_2900.vhv,2128,329
sp_2901.vhv,11016,961
sp_2902.vhv,6168,596
sp_2906.vhv,2876,55
sp_2907.vhv,14564,4568
sp_2909.vhv,1960,835
sp_291.vhv,6832,1898
sp_2911.vhv,2876,784
sp_2912.vhv,2876,1043
sp_2913.vhv,2876,492
sp_2914.vhv,2876,733
sp_2915.vhv,1684,92
sp_2916.vhv,1960,695
sp_292.vhv,5464,1668
sp_294.vhv,6832,2013
sp_295.vhv,6832,2123
sp_296.vhv,6832,2189
sp_297.vhv,6832,1922
sp_298.vhv,6832,2039
sp_299.vhv,6832,1782
sp_3.vhv,14564,3287
sp_30.vhv,6072,2189
sp_300.vhv,4772,1747
sp_31.vhv,6072,2242
sp_34.vhv,6072,2037
sp_347.vhv,2560,241
sp_349.vhv,6028,79
sp_353.vhv,6008,1895
sp_355.vhv,5072,465
sp_356.vhv,6028,534
sp_357.vhv,2876,264
sp_358.vhv,1056,102
sp_359.vhv,1280,408
sp_360.vhv,1184,347
sp_361.vhv,1184,345
sp_362.vhv,1280,430
sp_363.vhv,2116,637
sp_364.vhv,2116,674
sp_365.vhv,2116,552
sp_366.vhv,2112,391
sp_367.vhv,1684,287
sp_368.vhv,2240,219
sp_369.vhv,22336,2841
sp_37.vhv,6072,2312
sp_371.vhv,6028,101
sp_372.vhv,2876,182
sp_373.vhv,1056,88
sp_374.vhv,5072,160
sp_377.vhv,1056,43
sp_378.vhv,2876,118
sp_379.vhv,5072,387
sp_380.vhv,11916,1554
sp_383.vhv,2200,86
sp_384.vhv,12896,1595
sp_385.vhv,2652,381
sp_386.vhv,12896,2582
sp_387.vhv,2200,455
sp_388.vhv,12896,1955
sp_389.vhv,2200,346
sp_39.vhv,7360,1806
sp_391.vhv,11916,1925
sp_393.vhv,2888,784
sp_394.vhv,4836,1004
sp_395.vhv,5512,1073
sp_396.vhv,2976,533
sp_397.vhv,11916,1772
sp_4.vhv,14564,3997
sp_40.vhv,7360,1620
sp_400.vhv,11916,695
sp_402.vhv,5072,610
sp_403.vhv,6028,748
sp_404.vhv,2876,119
sp_405.vhv,1056,43
sp_406.vhv,5072,75
sp_407.vhv,6028,101
sp_408.vhv,2876,55
sp_409.vhv,1056,51
sp_41.vhv,6072,2380
sp_411.vhv,4836,909
sp_412.vhv,2976,349
sp_413.vhv,5512,587
sp_42.vhv,6072,2356
sp_428.vhv,4672,571
sp_429.vhv,1684,57
sp_438.vhv,12504,1251
sp_439.vhv,12504,1977
sp_44.vhv,6072,1883
sp_440.vhv,12504,1587
sp_442.vhv,3288,1140
sp_443.vhv,3120,1091
sp_444.vhv,1836,484
sp_445.vhv,1836,442
sp_446.vhv,1248,371
sp_448.vhv,2900,954
sp_449.vhv,1432,462
sp_450.vhv,992,293
sp_451.vhv,992,288
sp_452.vhv,1472,460
sp_453.vhv,1432,455
sp_454.vhv,992,300
sp_455.vhv,1432,463
sp_456.vhv,2900,1027
sp_457.vhv,1432,507
sp_458.vhv,992,281
sp_459.vhv,2900,1008
sp_460.vhv,1432,525
sp_462.vhv,1552,551
sp_463.vhv,1552,512
sp_464.vhv,960,272
sp_465.vhv,960,289
sp_466.vhv,760,173
sp_467.vhv,760,188
sp_468.vhv,760,180
sp_469.vhv,960,280
sp_47.vhv,2208,824
sp_470.vhv,960,281
sp_471.vhv,1120,387
sp_472.vhv,1552,625
sp_473.vhv,1248,434
sp_474.vhv,1552,625
sp_475.vhv,1480,532
sp_476.vhv,1480,536
sp_477.vhv,1480,524
sp_478.vhv,1480,513
sp_479.vhv,1480,544
sp_48.vhv,23200,6753
sp_480.vhv,1480,525
sp_481.vhv,1480,539
sp_482.vhv,1480,545
sp_483.vhv,1480,609
sp_484.vhv,1480,515
sp_485.vhv,1480,515
sp_486.vhv,1480,494
sp_487.vhv,1480,529
sp_488.vhv,1480,508
sp_489.vhv,1480,515
sp_49.vhv,23980,7955
sp_490.vhv,1480,520
sp_491.vhv,1480,543
sp_5.vhv,3116,1407
sp_50.vhv,29664,7948
sp_506.vhv,2900,1120
sp_507.vhv,12504,1384
sp_508.vhv,12504,1596
sp_509.vhv,12504,1577
sp_51.vhv,23200,8042
sp_510.vhv,1248,393
sp_511.vhv,2708,716
sp_512.vhv,2708,748
sp_513.vhv,2708,870
sp_514.vhv,12596,3415
sp_515.vhv,1684,82
sp_516.vhv,1280,430
sp_517.vhv,1280,429
sp_518.vhv,1280,400
sp_519.vhv,1024,324
sp_52.vhv,29664,9690
sp_520.vhv,1184,400
sp_521.vhv,1184,372
sp_522.vhv,3484,1130
sp_523.vhv,1024,327
sp_524.vhv,7368,2388
sp_525.vhv,1184,388
sp_526.vhv,1184,384
sp_527.vhv,2608,841
sp_528.vhv,1312,425
sp_529.vhv,1312,450
sp_53.vhv,23980,7708
sp_530.vhv,2900,1077
sp_531.vhv,34908,9274
sp_532.vhv,1124,335
sp_54.vhv,28960,6748
sp_55.vhv,1056,43
sp_56.vhv,1280,440
sp_564.vhv,5284,1706
sp_565.vhv,34892,11086
sp_567.vhv,3120,1230
sp_568.vhv,2888,1061
sp_57.vhv,1024,315
sp_571.vhv,2900,1191
sp_572.vhv,960,268
sp_573.vhv,960,293
sp_574.vhv,760,178
sp_575.vhv,760,208
sp_576.vhv,760,200
sp_58.vhv,1024,331
sp_580.vhv,1836,645
sp_582.vhv,4220,267
sp_585.vhv,5352,2136
sp_589.vhv,1836,607
sp_59.vhv,760,197
sp_594.vhv,5284,1879
sp_595.vhv,5284,1658
sp_598.vhv,12228,3640
sp_599.vhv,12228,3160
sp_6.vhv,7360,2260
sp_60.vhv,760,187
sp_600.vhv,12228,3659
sp_601.vhv,12228,3624
sp_602.vhv,12228,3177
sp_603.vhv,14708,5398
sp_605.vhv,4672,185
sp_606.vhv,5584,108
sp_607.vhv,2048,83
sp_608.vhv,2048,143
sp_609.vhv,2048,123
sp_61.vhv,760,188
sp_610.vhv,5352,1732
sp_611.vhv,5352,2345
sp_612.vhv,12596,3268
sp_613.vhv,2516,983
sp_614.vhv,3176,1097
sp_615.vhv,2608,1022
sp_616.vhv,1184,377
sp_617.vhv,1024,312
sp_618.vhv,1024,322
sp_619.vhv,1024,316
sp_62.vhv,760,196
sp_620.vhv,1184,376
sp_621.vhv,1280,440
sp_622.vhv,1024,312
sp_623.vhv,760,184
sp_624.vhv,760,177
sp_625.vhv,760,173
sp_626.vhv,760,199
sp_627.vhv,760,183
sp_628.vhv,760,195
sp_629.vhv,5284,1947
sp_63.vhv,760,196
sp_637.vhv,1480,517
sp_638.vhv,1480,513
sp_639.vhv,1480,537
sp_64.vhv,760,207
sp_640.vhv,1480,526
sp_641.vhv,1480,529
sp_642.vhv,1480,550
sp_643.vhv,1480,528
sp_644.vhv,1480,513
sp_645.vhv,1480,503
sp_646.vhv,1480,510
sp_647.vhv,1480,506
sp_648.vhv,1480,515
sp_649.vhv,1608,550
sp_65.vhv,1120,380
sp_650.vhv,1608,548
sp_651.vhv,1608,542
sp_652.vhv,1608,551
sp_653.vhv,1608,543
sp_654.vhv,2888,1148
sp_655.vhv,3120,1351
sp_656.vhv,2336,824
sp_657.vhv,2900,1148
sp_658.vhv,1120,319
sp_659.vhv,1432,530
sp_66.vhv,992,307
sp_660.vhv,1120,334
sp_661.vhv,1120,324
sp_662.vhv,1120,324
sp_663.vhv,1120,336
sp_664.vhv,6832,2056
sp_665.vhv,6832,2046
sp_666.vhv,6832,2373
sp_667.vhv,6832,2199
sp_668.vhv,2116,661
sp_669.vhv,2116,526
sp_67.vhv,3976,1033
sp_670.vhv,2116,680
sp_671.vhv,2504,242
sp_672.vhv,12504,1186
sp_673.vhv,2504,157
sp_68.vhv,3004,762
sp_687.vhv,1480,552
sp_688.vhv,1480,513
sp_689.vhv,1480,526
sp_69.vhv,3976,896
sp_690.vhv,1480,477
sp_691.vhv,1480,481
sp_692.vhv,1480,402
sp_693.vhv,1312,415
sp_694.vhv,2360,745
sp_695.vhv,1480,465
sp_696.vhv,1480,469
sp_697.vhv,1480,501
sp_698.vhv,1480,444
sp_699.vhv,1480,493
sp_7.vhv,8848,2745
sp_70.vhv,3004,722
sp_700.vhv,1480,477
sp_701.vhv,1480,542
sp_702.vhv,1480,501
sp_703.vhv,1480,559
sp_704.vhv,1480,487
sp_705.vhv,1480,512
sp_706.vhv,1480,516
sp_707.vhv,2360,814
sp_708.vhv,1312,353
sp_709.vhv,2360,885
sp_710.vhv,2360,794
sp_711.vhv,1472,494
sp_712.vhv,2360,853
sp_713.vhv,1312,451
sp_714.vhv,1312,362
sp_715.vhv,2360,729
sp_716.vhv,2360,855
sp_717.vhv,1312,451
sp_718.vhv,2608,885
sp_721.vhv,12596,2756
sp_722.vhv,3176,914
sp_731.vhv,4672,373
sp_732.vhv,1684,232
sp_733.vhv,944,81
sp_742.vhv,34908,10437
sp_743.vhv,1124,373
sp_746.vhv,4496,1114
sp_753.vhv,2112,313
sp_754.vhv,2876,55
sp_755.vhv,1056,43
sp_756.vhv,6028,79
sp_757.vhv,5072,75
sp_759.vhv,2200,274
sp_760.vhv,12896,1791
sp_761.vhv,2652,433
sp_764.vhv,1480,426
sp_765.vhv,1480,540
sp_766.vhv,1312,387
sp_767.vhv,1480,534
sp_768.vhv,1480,482
sp_769.vhv,1480,483
sp_770.vhv,1480,539
sp_771.vhv,1480,551
sp_772.vhv,1480,554
sp_773.vhv,1480,569
sp_774.vhv,2160,560
sp_775.vhv,2160,557
sp_776.vhv,2160,603
sp_777.vhv,3140,906
sp_778.vhv,3140,938
sp_779.vhv,3140,852
sp_780.vhv,2360,799
sp_781.vhv,1312,416
sp_782.vhv,2360,868
sp_783.vhv,1312,387
sp_784.vhv,1312,347
sp_785.vhv,1312,410
sp_786.vhv,1312,481
sp_787.vhv,2360,915
sp_788.vhv,1312,491
sp_789.vhv,1312,482
sp_790.vhv,1312,429
sp_791.vhv,1868,667
sp_792.vhv,1868,611
sp_793.vhv,1868,697
sp_794.vhv,1868,694
sp_795.vhv,1868,637
sp_796.vhv,1868,707
sp_799.vhv,1952,359
sp_8.vhv,8848,2667
sp_800.vhv,3140,878
sp_801.vhv,3140,879
sp_802.vhv,3140,1040
sp_803.vhv,1952,238
sp_804.vhv,1952,147
sp_805.vhv,1952,399
sp_806.vhv,2160,683
sp_807.vhv,1952,323
sp_808.vhv,1952,71
sp_809.vhv,3140,474
sp_810.vhv,3140,1000
sp_811.vhv,3140,911
sp_812.vhv,3140,1090
sp_813.vhv,3140,888
sp_814.vhv,3140,790
sp_815.vhv,3140,833
sp_816.vhv,1952,344
sp_817.vhv,1952,523
sp_818.vhv,1952,328
sp_819.vhv,1952,243
sp_820.vhv,1952,295
sp_821.vhv,1952,288
sp_822.vhv,3140,1027
sp_823.vhv,3140,969
sp_824.vhv,1952,304
sp_825.vhv,1952,52
sp_826.vhv,3140,1161
sp_827.vhv,3140,981
sp_828.vhv,3140,1079
sp_829.vhv,3140,924
sp_830.vhv,3140,965
sp_831.vhv,3140,1157
sp_832.vhv,3140,845
sp_833.vhv,3140,1011
sp_834.vhv,1984,600
sp_835.vhv,1984,372
sp_836.vhv,1984,497
sp_837.vhv,1984,325
sp_838.vhv,1984,367
sp_839.vhv,1984,346
sp_840.vhv,1984,280
sp_841.vhv,1984,289
sp_842.vhv,1952,613
sp_843.vhv,2160,614
sp_844.vhv,2160,605
sp_845.vhv,1952,186
sp_846.vhv,1952,301
sp_855.vhv,4772,1596
sp_856.vhv,6832,1882
sp_857.vhv,6832,1686
sp_858.vhv,6832,1650
sp_859.vhv,6832,1581
sp_86.vhv,24000,4388
sp_860.vhv,1480,500
sp_861.vhv,1480,507
sp_862.vhv,1480,478
sp_863.vhv,1480,485
sp_864.vhv,1480,505
sp_865.vhv,3140,880
sp_866.vhv,1656,507
sp_867.vhv,22336,2696
sp_868.vhv,2240,373
sp_869.vhv,2160,793
sp_871.vhv,3156,726
sp_872.vhv,3156,777
sp_873.vhv,3156,802
sp_874.vhv,3156,874
sp_876.vhv,3140,1144
sp_877.vhv,3140,1151
sp_880.vhv,2624,560
sp_881.vhv,2624,547
sp_882.vhv,2624,608
sp_883.vhv,2624,616
sp_885.vhv,5284,1559
sp_886.vhv,5284,1484
sp_897.vhv,12596,2902
sp_898.vhv,12596,2843
sp_9.vhv,8848,2770
sp_901.vhv,2624,890
sp_902.vhv,2624,880
sp_903.vhv,2624,853
sp_904.vhv,2624,847
sp_905.vhv,2624,846
sp_906.vhv,2624,934
sp_907.vhv,2624,877
sp_908.vhv,2624,890
sp_909.vhv,2624,870
sp_910.vhv,2624,906
sp_917.vhv,2160,592
sp_918.vhv,944,152
sp_921.vhv,1952,266
sp_922.vhv,9808,840
sp_923.vhv,1480,542
sp_924.vhv,2888,935
sp_931.vhv,14708,2649
sp_932.vhv,28576,3361
sp_933.vhv,28576,118
sp_934.vhv,28576,1467
sp_935.vhv,28576,609
sp_936.vhv,1952,147
sp_937.vhv,2876,55
sp_938.vhv,1056,43
sp_939.vhv,6028,79
sp_940.vhv,5072,141
sp_942.vhv,2112,353
sp_943.vhv,2652,382
sp_944.vhv,2200,259
sp_956.vhv,1912,52
sp_957.vhv,1328,45
sp_958.vhv,5984,2059
sp_959.vhv,5984,2329
sp_960.vhv,5984,2676
sp_961.vhv,5984,2317
sp_962.vhv,32464,9771
sp_963.vhv,5240,1841
sp_964.vhv,5240,1798
sp_965.vhv,5240,1804
sp_966.vhv,5240,1826
sp_976.vhv,9808,954
sp_977.vhv,3760,1314
sp_979.vhv,1152,336
sp_980.vhv,2360,923
sp_981.vhv,1152,349
sp_982.vhv,3140,1279
sp_985.vhv,1684,402
sp_986.vhv,12504,131
sp_987.vhv,12504,131
sp_991.vhv,2876,376
sp_994.vhv,2624,843
sp_995.vhv,2624,634
sp_996.vhv,2624,565
sp_997.vhv,2624,585
sp_998.vhv,2624,544
sp_999.vhv,2624,543
