filename,size,compressed
materials/maps/de_arizona_csbeta/arizona/!at_oil01_-1216_-1248_-652.vmt,162,162
materials/maps/de_arizona_csbeta/arizona/!at_oil01_-2024_-1040_-120.vmt,162,162
materials/maps/de_arizona_csbeta/arizona/!at_oil01_-488_-984_-652.vmt,160,160
materials/maps/de_arizona_csbeta/arizona/!at_oil01_-880_-1088_-652.vmt,161,161
materials/maps/de_arizona_csbeta/arizona/!at_oil01_1120_-1312_-652.vmt,161,161
materials/maps/de_arizona_csbeta/arizona/!at_oil01_630_-1014_-652.vmt,160,160
materials/maps/de_arizona_csbeta/arizona/!at_oil01_84_-768_-652.vmt,158,158
materials/maps/de_arizona_csbeta/arizona/at_ammobox01_-1448_-1184_-152.vmt,142,142
materials/maps/de_arizona_csbeta/arizona/at_ammobox01_-416_-2208_-152.vmt,141,141
materials/maps/de_arizona_csbeta/arizona/at_ammobox01_640_-3312_-272.vmt,140,140
materials/maps/de_arizona_csbeta/arizona/at_ammobox01_752_-3360_-272.vmt,140,140
materials/maps/de_arizona_csbeta/arizona/at_auswurf_-1264_-184_-184.vmt,139,139
materials/maps/de_arizona_csbeta/arizona/at_car2back_1896_-2328_-184.vmt,140,140
materials/maps/de_arizona_csbeta/arizona/at_car2front1_1648_-2328_-120.vmt,142,142
materials/maps/de_arizona_csbeta/arizona/at_car2front1_1896_-2328_-184.vmt,142,142
materials/maps/de_arizona_csbeta/arizona/at_car2front2_1512_-2336_-176.vmt,142,142
materials/maps/de_arizona_csbeta/arizona/at_car2side_1512_-2336_-176.vmt,140,140
materials/maps/de_arizona_csbeta/arizona/at_car2side_1648_-2328_-120.vmt,140,140
materials/maps/de_arizona_csbeta/arizona/at_car2side_1664_-2432_-184.vmt,140,140
materials/maps/de_arizona_csbeta/arizona/at_car2side_1680_-2200_-184.vmt,140,140
materials/maps/de_arizona_csbeta/arizona/at_car2side_1896_-2328_-184.vmt,140,140
materials/maps/de_arizona_csbeta/arizona/at_car2top2_1744_-2328_-96.vmt,139,139
materials/maps/de_arizona_csbeta/arizona/at_car2top_1648_-2328_-120.vmt,139,139
materials/maps/de_arizona_csbeta/arizona/at_carback_512_-3632_-376.vmt,138,138
materials/maps/de_arizona_csbeta/arizona/at_carfront1_768_-3624_-312.vmt,140,140
materials/maps/de_arizona_csbeta/arizona/at_carfront2_864_-3632_-376.vmt,140,140
materials/maps/de_arizona_csbeta/arizona/at_carfront3_1512_-2336_-176.vmt,141,141
materials/maps/de_arizona_csbeta/arizona/at_carfront3_512_-3632_-376.vmt,140,140
materials/maps/de_arizona_csbeta/arizona/at_carfront3_864_-3632_-376.vmt,140,140
materials/maps/de_arizona_csbeta/arizona/at_carside_512_-3632_-376.vmt,138,138
materials/maps/de_arizona_csbeta/arizona/at_carside_544_-3472_-272.vmt,138,138
materials/maps/de_arizona_csbeta/arizona/at_carside_616_-3760_-376.vmt,138,138
materials/maps/de_arizona_csbeta/arizona/at_carside_656_-3448_-272.vmt,138,138
materials/maps/de_arizona_csbeta/arizona/at_carside_816_-3768_-376.vmt,138,138
materials/maps/de_arizona_csbeta/arizona/at_carside_864_-3632_-376.vmt,138,138
materials/maps/de_arizona_csbeta/arizona/at_cartop2_512_-3632_-376.vmt,138,138
materials/maps/de_arizona_csbeta/arizona/at_cartop2_592_-3632_-304.vmt,138,138
materials/maps/de_arizona_csbeta/arizona/at_cartop2_616_-3760_-376.vmt,138,138
materials/maps/de_arizona_csbeta/arizona/at_cartop2_688_-3632_-288.vmt,138,138
materials/maps/de_arizona_csbeta/arizona/at_cartop_768_-3624_-312.vmt,137,137
materials/maps/de_arizona_csbeta/arizona/at_dings_1280_-1508_-208.vmt,137,137
materials/maps/de_arizona_csbeta/arizona/at_door01_-1072_-1184_-184.vmt,139,139
materials/maps/de_arizona_csbeta/arizona/at_door01_-1216_-1184_-184.vmt,139,139
materials/maps/de_arizona_csbeta/arizona/at_door01_-416_-1984_-184.vmt,138,138
materials/maps/de_arizona_csbeta/arizona/at_door01_1216_-1456_-200.vmt,138,138
materials/maps/de_arizona_csbeta/arizona/at_door01_1296_-1456_-200.vmt,138,138
materials/maps/de_arizona_csbeta/arizona/at_door01_1328_-1312_-200.vmt,138,138
materials/maps/de_arizona_csbeta/arizona/at_door01_1328_-1376_-200.vmt,138,138
materials/maps/de_arizona_csbeta/arizona/at_door02_window_-1688_96_-182.vmt,143,143
materials/maps/de_arizona_csbeta/arizona/at_gar01_-1600_8_-184.vmt,134,134
materials/maps/de_arizona_csbeta/arizona/at_lgt01_-1548_16_-136.vmt,135,135
materials/maps/de_arizona_csbeta/arizona/at_oilpipe01_-1036_-1184_-432.vmt,142,142
materials/maps/de_arizona_csbeta/arizona/at_oilpipe01_-1036_-1184_-560.vmt,142,142
materials/maps/de_arizona_csbeta/arizona/at_oilpipe01_-1096_-1088_-652.vmt,142,142
materials/maps/de_arizona_csbeta/arizona/at_oilpipe01_-1216_-1248_-652.vmt,142,142
materials/maps/de_arizona_csbeta/arizona/at_oilpipe01_-2024_-1040_-120.vmt,142,142
materials/maps/de_arizona_csbeta/arizona/at_oilpipe01_-288_-992_-968.vmt,140,140
materials/maps/de_arizona_csbeta/arizona/at_oilpipe01_-416_-912_-540.vmt,140,140
materials/maps/de_arizona_csbeta/arizona/at_oilpipe01_-448_-944_-968.vmt,140,140
materials/maps/de_arizona_csbeta/arizona/at_oilpipe01_-464_-768_-968.vmt,140,140
materials/maps/de_arizona_csbeta/arizona/at_oilpipe01_-488_-984_-652.vmt,140,140
materials/maps/de_arizona_csbeta/arizona/at_oilpipe01_-528_-792_-968.vmt,140,140
materials/maps/de_arizona_csbeta/arizona/at_oilpipe01_-664_-1088_-652.vmt,141,141
materials/maps/de_arizona_csbeta/arizona/at_oilpipe01_-800_-1216_-648.vmt,141,141
materials/maps/de_arizona_csbeta/arizona/at_oilpipe01_-880_-1088_-652.vmt,141,141
materials/maps/de_arizona_csbeta/arizona/at_oilpipe01_-880_-1152_-632.vmt,141,141
materials/maps/de_arizona_csbeta/arizona/at_oilpipe01_-888_-1216_-648.vmt,141,141
materials/maps/de_arizona_csbeta/arizona/at_oilpipe01_-976_-1216_-648.vmt,141,141
materials/maps/de_arizona_csbeta/arizona/at_oilpipe01_1120_-1312_-652.vmt,141,141
materials/maps/de_arizona_csbeta/arizona/at_oilpipe01_1216_-992_-200.vmt,140,140
materials/maps/de_arizona_csbeta/arizona/at_oilpipe01_1280_-1248_-48.vmt,140,140
materials/maps/de_arizona_csbeta/arizona/at_oilpipe01_1320_-1376_-48.vmt,140,140
materials/maps/de_arizona_csbeta/arizona/at_oilpipe01_1328_-1312_-200.vmt,141,141
materials/maps/de_arizona_csbeta/arizona/at_oilpipe01_1328_-1312_-520.vmt,141,141
materials/maps/de_arizona_csbeta/arizona/at_oilpipe01_1328_-1376_-200.vmt,141,141
materials/maps/de_arizona_csbeta/arizona/at_oilpipe01_1344_-1248_-200.vmt,141,141
materials/maps/de_arizona_csbeta/arizona/at_oilpipe01_1344_-2496_40.vmt,139,139
materials/maps/de_arizona_csbeta/arizona/at_oilpipe01_1408_-1312_-144.vmt,141,141
materials/maps/de_arizona_csbeta/arizona/at_oilpipe01_1408_-1312_-264.vmt,141,141
materials/maps/de_arizona_csbeta/arizona/at_oilpipe01_1408_-1312_-352.vmt,141,141
materials/maps/de_arizona_csbeta/arizona/at_oilpipe01_1408_-1312_-60.vmt,140,140
materials/maps/de_arizona_csbeta/arizona/at_oilpipe01_1408_-1360_-192.vmt,141,141
materials/maps/de_arizona_csbeta/arizona/at_oilpipe01_1416_-1424_-200.vmt,141,141
materials/maps/de_arizona_csbeta/arizona/at_oilpipe01_1424_-1416_-48.vmt,140,140
materials/maps/de_arizona_csbeta/arizona/at_oilpipe01_1436_-1404_-212.vmt,141,141
materials/maps/de_arizona_csbeta/arizona/at_oilpipe01_1440_-1536_-168.vmt,141,141
materials/maps/de_arizona_csbeta/arizona/at_oilpipe01_1456_-1488_-200.vmt,141,141
materials/maps/de_arizona_csbeta/arizona/at_oilpipe01_1472_-1256_-200.vmt,141,141
materials/maps/de_arizona_csbeta/arizona/at_oilpipe01_1488_-1368_-200.vmt,141,141
materials/maps/de_arizona_csbeta/arizona/at_oilpipe01_630_-1014_-652.vmt,140,140
materials/maps/de_arizona_csbeta/arizona/at_oilpipe01_84_-768_-652.vmt,138,138
materials/maps/de_arizona_csbeta/arizona/at_oilpipe01_992_-1312_-652.vmt,140,140
materials/maps/de_arizona_csbeta/arizona/at_oilpipe02_-1216_-1248_-652.vmt,142,142
materials/maps/de_arizona_csbeta/arizona/at_oilpipe02_-2024_-1040_-120.vmt,142,142
materials/maps/de_arizona_csbeta/arizona/at_oilpipe02_-488_-984_-652.vmt,140,140
materials/maps/de_arizona_csbeta/arizona/at_oilpipe02_-880_-1088_-652.vmt,141,141
materials/maps/de_arizona_csbeta/arizona/at_oilpipe02_1120_-1312_-652.vmt,141,141
materials/maps/de_arizona_csbeta/arizona/at_oilpipe02_630_-1014_-652.vmt,140,140
materials/maps/de_arizona_csbeta/arizona/at_oilpipe02_84_-768_-652.vmt,138,138
materials/maps/de_arizona_csbeta/arizona/at_oilpipe02_992_-1312_-652.vmt,140,140
materials/maps/de_arizona_csbeta/arizona/at_roof01_1280_-1248_-48.vmt,137,137
materials/maps/de_arizona_csbeta/arizona/at_roof01_1280_-1504_-48.vmt,137,137
materials/maps/de_arizona_csbeta/arizona/at_roof01_1320_-1376_-48.vmt,137,137
materials/maps/de_arizona_csbeta/arizona/at_sh05_-1472_-496_-64.vmt,135,135
materials/maps/de_arizona_csbeta/arizona/at_sh05_-1488_-424_-184.vmt,136,136
materials/maps/de_arizona_csbeta/arizona/at_sh06_-1472_-496_-64.vmt,135,135
materials/maps/de_arizona_csbeta/arizona/at_sh06_-1488_-424_-184.vmt,136,136
materials/maps/de_arizona_csbeta/arizona/at_sign04_848_-1584_-184.vmt,137,137
materials/maps/de_arizona_csbeta/arizona/at_sign04_888_-1696_-184.vmt,137,137
materials/maps/de_arizona_csbeta/arizona/at_stone01_-1036_-1184_-560.vmt,140,140
materials/maps/de_arizona_csbeta/arizona/at_stone01_-1048_-576_-184.vmt,139,139
materials/maps/de_arizona_csbeta/arizona/at_stone01_-1072_-1120_-184.vmt,140,140
materials/maps/de_arizona_csbeta/arizona/at_stone01_-1216_-1184_-184.vmt,140,140
materials/maps/de_arizona_csbeta/arizona/at_stone01_-128_-1488_-264.vmt,139,139
materials/maps/de_arizona_csbeta/arizona/at_stone01_-1312_-656_-184.vmt,139,139
materials/maps/de_arizona_csbeta/arizona/at_stone01_-1320_-1184_-184.vmt,140,140
materials/maps/de_arizona_csbeta/arizona/at_stone01_-1448_-1184_-152.vmt,140,140
materials/maps/de_arizona_csbeta/arizona/at_stone01_-1472_-496_-64.vmt,138,138
materials/maps/de_arizona_csbeta/arizona/at_stone01_-1592_-632_-168.vmt,139,139
materials/maps/de_arizona_csbeta/arizona/at_stone01_-160_-2088_-184.vmt,139,139
materials/maps/de_arizona_csbeta/arizona/at_stone01_-2024_-1040_-120.vmt,140,140
materials/maps/de_arizona_csbeta/arizona/at_stone01_-416_-1984_-184.vmt,139,139
materials/maps/de_arizona_csbeta/arizona/at_stone01_-416_-2088_-184.vmt,139,139
materials/maps/de_arizona_csbeta/arizona/at_stone01_-416_-2208_-152.vmt,139,139
materials/maps/de_arizona_csbeta/arizona/at_stone01_-800_-1216_-648.vmt,139,139
materials/maps/de_arizona_csbeta/arizona/at_stone01_-880_-1088_-652.vmt,139,139
materials/maps/de_arizona_csbeta/arizona/at_stone01_-880_-1152_-632.vmt,139,139
materials/maps/de_arizona_csbeta/arizona/at_stone01_-888_-1216_-648.vmt,139,139
materials/maps/de_arizona_csbeta/arizona/at_stone01_-976_-1216_-648.vmt,139,139
materials/maps/de_arizona_csbeta/arizona/at_stone01_0_-1800_-320.vmt,136,136
materials/maps/de_arizona_csbeta/arizona/at_stone01_1168_-1216_-184.vmt,139,139
materials/maps/de_arizona_csbeta/arizona/at_stone01_1216_-1288_-200.vmt,139,139
materials/maps/de_arizona_csbeta/arizona/at_stone01_1216_-1456_-200.vmt,139,139
materials/maps/de_arizona_csbeta/arizona/at_stone01_1224_-1400_-200.vmt,139,139
materials/maps/de_arizona_csbeta/arizona/at_stone01_1224_-2520_-72.vmt,138,138
materials/maps/de_arizona_csbeta/arizona/at_stone01_1280_-1504_-48.vmt,138,138
materials/maps/de_arizona_csbeta/arizona/at_stone01_28_-2000_-160.vmt,137,137
materials/maps/de_arizona_csbeta/arizona/at_stone01_28_-2088_-184.vmt,137,137
materials/maps/de_arizona_csbeta/arizona/at_stone01_28_-2172_-160.vmt,137,137
materials/maps/de_arizona_csbeta/arizona/at_stone01_688_-3008_-272.vmt,138,138
materials/maps/de_arizona_csbeta/arizona/at_stone02a_-1148_-1721_-184.vmt,141,141
materials/maps/de_arizona_csbeta/arizona/at_stone02a_-1247_-1483_-184.vmt,141,141
materials/maps/de_arizona_csbeta/arizona/at_stone02a_-1320_-1184_-184.vmt,141,141
materials/maps/de_arizona_csbeta/arizona/at_stone02a_-1320_-928_-184.vmt,140,140
materials/maps/de_arizona_csbeta/arizona/at_stone02a_-160_-2088_-184.vmt,140,140
materials/maps/de_arizona_csbeta/arizona/at_stone02a_-2024_-1040_-120.vmt,141,141
materials/maps/de_arizona_csbeta/arizona/at_stone02a_-416_-2088_-184.vmt,140,140
materials/maps/de_arizona_csbeta/arizona/at_stone02a_-716_-2014_-184.vmt,140,140
materials/maps/de_arizona_csbeta/arizona/at_stone02a_-953_-1916_-184.vmt,140,140
materials/maps/de_arizona_csbeta/arizona/at_stone02b_-1148_-1721_-184.vmt,141,141
materials/maps/de_arizona_csbeta/arizona/at_stone02b_-1216_-1184_-184.vmt,141,141
materials/maps/de_arizona_csbeta/arizona/at_stone02b_-1247_-1483_-184.vmt,141,141
materials/maps/de_arizona_csbeta/arizona/at_stone02b_-1320_-1184_-184.vmt,141,141
materials/maps/de_arizona_csbeta/arizona/at_stone02b_-1320_-928_-184.vmt,140,140
materials/maps/de_arizona_csbeta/arizona/at_stone02b_-160_-2088_-184.vmt,140,140
materials/maps/de_arizona_csbeta/arizona/at_stone02b_-416_-1984_-184.vmt,140,140
materials/maps/de_arizona_csbeta/arizona/at_stone02b_-416_-2088_-184.vmt,140,140
materials/maps/de_arizona_csbeta/arizona/at_stone02b_-716_-2014_-184.vmt,140,140
materials/maps/de_arizona_csbeta/arizona/at_stone02b_-953_-1916_-184.vmt,140,140
materials/maps/de_arizona_csbeta/arizona/at_tank02_-1548_16_-136.vmt,136,136
materials/maps/de_arizona_csbeta/arizona/at_tank02_-1548_16_-8.vmt,134,134
materials/maps/de_arizona_csbeta/arizona/at_tank02_-1688_96_-182.vmt,136,136
materials/maps/de_arizona_csbeta/arizona/at_tank02_-1792_16_-40.vmt,135,135
materials/maps/de_arizona_csbeta/arizona/at_tank02_-2024_-1040_-120.vmt,139,139
materials/maps/de_arizona_csbeta/arizona/at_tank02_1280_-1248_-48.vmt,137,137
materials/maps/de_arizona_csbeta/arizona/at_tank02_1320_-1376_-48.vmt,137,137
materials/maps/de_arizona_csbeta/arizona/at_tank02_1408_-1312_-60.vmt,137,137
materials/maps/de_arizona_csbeta/arizona/at_tank02_1424_-1416_-48.vmt,137,137
materials/maps/de_arizona_csbeta/arizona/at_tank03_-1548_16_-136.vmt,136,136
materials/maps/de_arizona_csbeta/arizona/at_tank03_-1552_-224_-184.vmt,138,138
materials/maps/de_arizona_csbeta/arizona/at_tank03_-1688_96_-182.vmt,136,136
materials/maps/de_arizona_csbeta/arizona/at_tank04_-1200_-16_-184.vmt,137,137
materials/maps/de_arizona_csbeta/arizona/at_tank04_-1264_-184_-184.vmt,138,138
materials/maps/de_arizona_csbeta/arizona/at_tank04_-1552_-224_-184.vmt,138,138
materials/maps/de_arizona_csbeta/arizona/at_tank04_-1568_240_-184.vmt,137,137
materials/maps/de_arizona_csbeta/arizona/at_tank04_-1600_8_-184.vmt,135,135
materials/maps/de_arizona_csbeta/arizona/at_tank04_-1688_96_-182.vmt,136,136
materials/maps/de_arizona_csbeta/arizona/at_tank04_-1696_-160_-40.vmt,137,137
materials/maps/de_arizona_csbeta/arizona/at_tank04_-1764_236_-96.vmt,136,136
materials/maps/de_arizona_csbeta/arizona/at_tank04_-1792_16_-40.vmt,135,135
materials/maps/de_arizona_csbeta/arizona/at_tank04_-1824_-248_-144.vmt,138,138
materials/maps/de_arizona_csbeta/arizona/at_tank04_-2024_-1040_-120.vmt,139,139
materials/maps/de_arizona_csbeta/arizona/at_tank04_1120_-1312_-652.vmt,138,138
materials/maps/de_arizona_csbeta/arizona/at_tank04_1216_-1312_-632.vmt,138,138
materials/maps/de_arizona_csbeta/arizona/at_tank04_1224_-1400_-200.vmt,138,138
materials/maps/de_arizona_csbeta/arizona/at_tank04_1328_-1192_-184.vmt,138,138
materials/maps/de_arizona_csbeta/arizona/at_tank04_1328_-1312_-200.vmt,138,138
materials/maps/de_arizona_csbeta/arizona/at_tank04_1328_-1312_-520.vmt,138,138
materials/maps/de_arizona_csbeta/arizona/at_tank04_1328_-1376_-200.vmt,138,138
materials/maps/de_arizona_csbeta/arizona/at_tank04_1344_-1248_-200.vmt,138,138
materials/maps/de_arizona_csbeta/arizona/at_tank04_1352_-1504_-200.vmt,138,138
materials/maps/de_arizona_csbeta/arizona/at_tank04_1408_-1312_-264.vmt,138,138
materials/maps/de_arizona_csbeta/arizona/at_tank04_1408_-1312_-440.vmt,138,138
materials/maps/de_arizona_csbeta/arizona/at_tank04_1408_-1360_-192.vmt,138,138
materials/maps/de_arizona_csbeta/arizona/at_tank04_1416_-1424_-200.vmt,138,138
materials/maps/de_arizona_csbeta/arizona/at_tank04_1436_-1404_-212.vmt,138,138
materials/maps/de_arizona_csbeta/arizona/at_tank04_1472_-1256_-200.vmt,138,138
materials/maps/de_arizona_csbeta/arizona/at_tank04_1488_-1368_-200.vmt,138,138
materials/maps/de_arizona_csbeta/arizona/at_tank04_848_-1376_-376.vmt,137,137
materials/maps/de_arizona_csbeta/arizona/at_tank04_884_-1268_-652.vmt,137,137
materials/maps/de_arizona_csbeta/arizona/at_tank05_-1216_-1088_-652.vmt,139,139
materials/maps/de_arizona_csbeta/arizona/at_tank05_-1392_24_-184.vmt,136,136
materials/maps/de_arizona_csbeta/arizona/at_tank05_-1548_16_-136.vmt,136,136
materials/maps/de_arizona_csbeta/arizona/at_tank05_-1552_-224_-184.vmt,138,138
materials/maps/de_arizona_csbeta/arizona/at_tank05_-1568_240_-184.vmt,137,137
materials/maps/de_arizona_csbeta/arizona/at_tank05_-1688_96_-182.vmt,136,136
materials/maps/de_arizona_csbeta/arizona/at_tank05_-1696_-160_-40.vmt,137,137
materials/maps/de_arizona_csbeta/arizona/at_tank05_-1728_-120_-8.vmt,136,136
materials/maps/de_arizona_csbeta/arizona/at_tank05_-1728_152_-8.vmt,135,135
materials/maps/de_arizona_csbeta/arizona/at_tank05_-1728_16_-8.vmt,134,134
materials/maps/de_arizona_csbeta/arizona/at_tank05_-2024_-1040_-120.vmt,139,139
materials/maps/de_arizona_csbeta/arizona/at_tank05_-552_-1048_-652.vmt,138,138
materials/maps/de_arizona_csbeta/arizona/at_tank05_-800_-1216_-648.vmt,138,138
materials/maps/de_arizona_csbeta/arizona/at_tank05_-880_-1152_-632.vmt,138,138
materials/maps/de_arizona_csbeta/arizona/at_tank05_-888_-1216_-648.vmt,138,138
materials/maps/de_arizona_csbeta/arizona/at_tank05_-976_-1216_-648.vmt,138,138
materials/maps/de_arizona_csbeta/arizona/at_tank05_1120_-1312_-652.vmt,138,138
materials/maps/de_arizona_csbeta/arizona/at_tank05_1216_-1312_-632.vmt,138,138
materials/maps/de_arizona_csbeta/arizona/at_tank05_1328_-1312_-200.vmt,138,138
materials/maps/de_arizona_csbeta/arizona/at_tank05_1328_-1312_-520.vmt,138,138
materials/maps/de_arizona_csbeta/arizona/at_tank05_1328_-1376_-200.vmt,138,138
materials/maps/de_arizona_csbeta/arizona/at_tank05_1408_-1312_-264.vmt,138,138
materials/maps/de_arizona_csbeta/arizona/at_tank05_1408_-1312_-440.vmt,138,138
materials/maps/de_arizona_csbeta/arizona/at_tank05_1408_-1360_-192.vmt,138,138
materials/maps/de_arizona_csbeta/arizona/at_tank05_1436_-1404_-212.vmt,138,138
materials/maps/de_arizona_csbeta/arizona/at_tank05_1488_-1368_-200.vmt,138,138
materials/maps/de_arizona_csbeta/arizona/at_tank05_184_-1360_-968.vmt,137,137
materials/maps/de_arizona_csbeta/arizona/at_tank06a_-1600_8_-184.vmt,136,136
materials/maps/de_arizona_csbeta/arizona/at_tank06a_-1688_96_-182.vmt,137,137
materials/maps/de_arizona_csbeta/arizona/at_tank06a_-1696_-160_-40.vmt,138,138
materials/maps/de_arizona_csbeta/arizona/at_tank06a_-1824_-248_-144.vmt,139,139
materials/maps/de_arizona_csbeta/arizona/at_tank06a_-1864_232_-176.vmt,138,138
materials/maps/de_arizona_csbeta/arizona/at_trim01_-1072_-1184_-184.vmt,139,139
materials/maps/de_arizona_csbeta/arizona/at_trim01_-1096_-1088_-652.vmt,139,139
materials/maps/de_arizona_csbeta/arizona/at_trim01_-1592_-340_-40.vmt,137,137
materials/maps/de_arizona_csbeta/arizona/at_trim01_-1736_-340_-40.vmt,137,137
materials/maps/de_arizona_csbeta/arizona/at_trim01_-1984_0_-72.vmt,134,134
materials/maps/de_arizona_csbeta/arizona/at_trim01_-1984_288_-72.vmt,136,136
materials/maps/de_arizona_csbeta/arizona/at_trim01_-2024_-1040_-120.vmt,139,139
materials/maps/de_arizona_csbeta/arizona/at_trim01_-976_-1216_-648.vmt,138,138
materials/maps/de_arizona_csbeta/arizona/at_trim01_0_-2224_-328.vmt,135,135
materials/maps/de_arizona_csbeta/arizona/at_trim01_128_-2128_-968.vmt,137,137
materials/maps/de_arizona_csbeta/arizona/at_trim01_1328_-1312_-520.vmt,138,138
materials/maps/de_arizona_csbeta/arizona/at_trim01_1408_-1312_-144.vmt,138,138
materials/maps/de_arizona_csbeta/arizona/at_trim01_1472_-1256_-200.vmt,138,138
materials/maps/de_arizona_csbeta/arizona/at_trim01_1488_-1368_-200.vmt,138,138
materials/maps/de_arizona_csbeta/arizona/at_trim01_192_-2088_-324.vmt,137,137
materials/maps/de_arizona_csbeta/arizona/at_trim01_248_-2032_-968.vmt,137,137
materials/maps/de_arizona_csbeta/arizona/at_trim01_248_-2208_-968.vmt,137,137
materials/maps/de_arizona_csbeta/arizona/at_trim01_336_-2000_-160.vmt,137,137
materials/maps/de_arizona_csbeta/arizona/at_trim01_336_-2088_-324.vmt,137,137
materials/maps/de_arizona_csbeta/arizona/at_trim01_336_-2172_-160.vmt,137,137
materials/maps/de_arizona_csbeta/arizona/at_trim01_noclip_-8_-1936_-328.vmt,143,143
materials/maps/de_arizona_csbeta/arizona/at_trim01_noclip_0_-2224_-328.vmt,142,142
materials/maps/de_arizona_csbeta/arizona/at_trim01_noclip_28_-2088_-324.vmt,143,143
materials/maps/de_arizona_csbeta/arizona/at_wall01_-1036_-1184_-304.vmt,139,139
materials/maps/de_arizona_csbeta/arizona/at_wall01_-1036_-1184_-432.vmt,139,139
materials/maps/de_arizona_csbeta/arizona/at_wall01_-1036_-1184_-560.vmt,139,139
materials/maps/de_arizona_csbeta/arizona/at_wall01_-1072_-1120_-184.vmt,139,139
materials/maps/de_arizona_csbeta/arizona/at_wall01_-1072_-1184_-184.vmt,139,139
materials/maps/de_arizona_csbeta/arizona/at_wall01_-1072_-1248_-184.vmt,139,139
materials/maps/de_arizona_csbeta/arizona/at_wall01_-1096_-1088_-652.vmt,139,139
materials/maps/de_arizona_csbeta/arizona/at_wall01_-1216_-1184_-184.vmt,139,139
materials/maps/de_arizona_csbeta/arizona/at_wall01_-1320_-1184_-184.vmt,139,139
materials/maps/de_arizona_csbeta/arizona/at_wall01_-132_-768_-652.vmt,137,137
materials/maps/de_arizona_csbeta/arizona/at_wall01_-1392_24_-184.vmt,136,136
materials/maps/de_arizona_csbeta/arizona/at_wall01_-1448_-1184_-152.vmt,139,139
materials/maps/de_arizona_csbeta/arizona/at_wall01_-1552_-224_-184.vmt,138,138
materials/maps/de_arizona_csbeta/arizona/at_wall01_-1568_240_-184.vmt,137,137
materials/maps/de_arizona_csbeta/arizona/at_wall01_-1600_8_-184.vmt,135,135
materials/maps/de_arizona_csbeta/arizona/at_wall01_-2024_-1040_-120.vmt,139,139
materials/maps/de_arizona_csbeta/arizona/at_wall01_-288_-992_-968.vmt,137,137
materials/maps/de_arizona_csbeta/arizona/at_wall01_-336_-832_-540.vmt,137,137
materials/maps/de_arizona_csbeta/arizona/at_wall01_-376_-864_-968.vmt,137,137
materials/maps/de_arizona_csbeta/arizona/at_wall01_-416_-1984_-184.vmt,138,138
materials/maps/de_arizona_csbeta/arizona/at_wall01_-416_-2088_-184.vmt,138,138
materials/maps/de_arizona_csbeta/arizona/at_wall01_-416_-2208_-152.vmt,138,138
materials/maps/de_arizona_csbeta/arizona/at_wall01_-448_-944_-968.vmt,137,137
materials/maps/de_arizona_csbeta/arizona/at_wall01_-464_-768_-968.vmt,137,137
materials/maps/de_arizona_csbeta/arizona/at_wall01_-480_-984_-540.vmt,137,137
materials/maps/de_arizona_csbeta/arizona/at_wall01_-488_-984_-652.vmt,137,137
materials/maps/de_arizona_csbeta/arizona/at_wall01_-664_-1088_-652.vmt,138,138
materials/maps/de_arizona_csbeta/arizona/at_wall01_-800_-1216_-648.vmt,138,138
materials/maps/de_arizona_csbeta/arizona/at_wall01_-880_-1088_-652.vmt,138,138
materials/maps/de_arizona_csbeta/arizona/at_wall01_-888_-1216_-648.vmt,138,138
materials/maps/de_arizona_csbeta/arizona/at_wall01_-976_-1216_-648.vmt,138,138
materials/maps/de_arizona_csbeta/arizona/at_wall01_1216_-1288_-200.vmt,138,138
materials/maps/de_arizona_csbeta/arizona/at_wall01_1216_-1456_-200.vmt,138,138
materials/maps/de_arizona_csbeta/arizona/at_wall01_1224_-1400_-200.vmt,138,138
materials/maps/de_arizona_csbeta/arizona/at_wall01_1280_-1508_-208.vmt,138,138
materials/maps/de_arizona_csbeta/arizona/at_wall01_1296_-1456_-200.vmt,138,138
materials/maps/de_arizona_csbeta/arizona/at_wall01_1328_-1192_-184.vmt,138,138
materials/maps/de_arizona_csbeta/arizona/at_wall01_1328_-1312_-200.vmt,138,138
materials/maps/de_arizona_csbeta/arizona/at_wall01_1328_-1376_-200.vmt,138,138
materials/maps/de_arizona_csbeta/arizona/at_wall01_1344_-1248_-200.vmt,138,138
materials/maps/de_arizona_csbeta/arizona/at_wall01_1344_-2496_40.vmt,136,136
materials/maps/de_arizona_csbeta/arizona/at_wall01_1352_-1504_-200.vmt,138,138
materials/maps/de_arizona_csbeta/arizona/at_wall01_1408_-1312_-144.vmt,138,138
materials/maps/de_arizona_csbeta/arizona/at_wall01_1416_-1424_-200.vmt,138,138
materials/maps/de_arizona_csbeta/arizona/at_wall01_1424_-1416_-48.vmt,137,137
materials/maps/de_arizona_csbeta/arizona/at_wall01_1440_-1536_-168.vmt,138,138
materials/maps/de_arizona_csbeta/arizona/at_wall01_1472_-1256_-200.vmt,138,138
materials/maps/de_arizona_csbeta/arizona/at_wall01_1488_-1368_-200.vmt,138,138
materials/maps/de_arizona_csbeta/arizona/at_wall01a_-40_-3704_-368.vmt,138,138
materials/maps/de_arizona_csbeta/arizona/at_wall01a_1056_-3664_-376.vmt,139,139
materials/maps/de_arizona_csbeta/arizona/at_wall01a_1064_-3784_-368.vmt,139,139
materials/maps/de_arizona_csbeta/arizona/at_wall01a_1080_-2352_-184.vmt,139,139
materials/maps/de_arizona_csbeta/arizona/at_wall01a_1184_-2416_-144.vmt,139,139
materials/maps/de_arizona_csbeta/arizona/at_wall01a_1264_-2592_-264.vmt,139,139
materials/maps/de_arizona_csbeta/arizona/at_wall01a_1312_-2336_-176.vmt,139,139
materials/maps/de_arizona_csbeta/arizona/at_wall01a_1552_-3672_-376.vmt,139,139
materials/maps/de_arizona_csbeta/arizona/at_wall01a_1640_-3680_-376.vmt,139,139
materials/maps/de_arizona_csbeta/arizona/at_wall01a_1664_-2432_-184.vmt,139,139
materials/maps/de_arizona_csbeta/arizona/at_wall01a_1744_-2328_-96.vmt,138,138
materials/maps/de_arizona_csbeta/arizona/at_wall01a_1896_-2328_-184.vmt,139,139
materials/maps/de_arizona_csbeta/arizona/at_wall01a_464_-2072_-336.vmt,138,138
materials/maps/de_arizona_csbeta/arizona/at_wall01a_480_-2096_-184.vmt,138,138
materials/maps/de_arizona_csbeta/arizona/at_wall01a_512_-3632_-376.vmt,138,138
materials/maps/de_arizona_csbeta/arizona/at_wall01a_56_-3584_-376.vmt,137,137
materials/maps/de_arizona_csbeta/arizona/at_wall01a_616_-3760_-376.vmt,138,138
materials/maps/de_arizona_csbeta/arizona/at_wall01a_656_-1944_-344.vmt,138,138
materials/maps/de_arizona_csbeta/arizona/at_wall01a_720_-2080_-184.vmt,138,138
materials/maps/de_arizona_csbeta/arizona/at_wall01a_864_-3632_-376.vmt,138,138
materials/maps/de_arizona_csbeta/arizona/at_wall01a_912_-2248_-184.vmt,138,138
materials/maps/de_arizona_csbeta/arizona/at_wall01b_-40_-3704_-368.vmt,138,138
materials/maps/de_arizona_csbeta/arizona/at_wall01b_1064_-3784_-368.vmt,139,139
materials/maps/de_arizona_csbeta/arizona/at_wall01b_1184_-2416_-144.vmt,139,139
materials/maps/de_arizona_csbeta/arizona/at_wall01b_1552_-3672_-376.vmt,139,139
materials/maps/de_arizona_csbeta/arizona/at_wall01b_1664_-2432_-184.vmt,139,139
materials/maps/de_arizona_csbeta/arizona/at_wall01b_480_-2096_-184.vmt,138,138
materials/maps/de_arizona_csbeta/arizona/at_wall01b_616_-3760_-376.vmt,138,138
materials/maps/de_arizona_csbeta/arizona/at_wall01b_912_-2248_-184.vmt,138,138
materials/maps/de_arizona_csbeta/arizona/at_wall01c_-318_-814_-652.vmt,138,138
materials/maps/de_arizona_csbeta/arizona/at_wall01c_-488_-984_-652.vmt,138,138
materials/maps/de_arizona_csbeta/arizona/at_wall01c_1408_-1312_-60.vmt,138,138
materials/maps/de_arizona_csbeta/arizona/at_wall01c_28_-2000_-160.vmt,137,137
materials/maps/de_arizona_csbeta/arizona/at_zapf01_-1392_24_-184.vmt,136,136
materials/maps/de_arizona_csbeta/arizona/at_zapf01_-1548_16_-136.vmt,136,136
materials/maps/de_arizona_csbeta/arizona/scroll_at_water_-176_-1000_-968.vmt,167,167
materials/maps/de_arizona_csbeta/arizona/scroll_at_water_-2024_-1040_-120.vmt,168,168
materials/maps/de_arizona_csbeta/arizona/scroll_at_water_-240_-2704_-968.vmt,167,167
materials/maps/de_arizona_csbeta/arizona/scroll_at_water_-288_-992_-968.vmt,166,166
materials/maps/de_arizona_csbeta/arizona/scroll_at_water_-352_352_-968.vmt,165,165
materials/maps/de_arizona_csbeta/arizona/scroll_at_water_-464_-768_-968.vmt,166,166
materials/maps/de_arizona_csbeta/arizona/scroll_at_water_-528_256_-968.vmt,165,165
materials/maps/de_arizona_csbeta/arizona/scroll_at_water_-592_184_-968.vmt,165,165
materials/maps/de_arizona_csbeta/arizona/scroll_at_water_-624_-192_-968.vmt,166,166
materials/maps/de_arizona_csbeta/arizona/scroll_at_water_120_-1072_-968.vmt,166,166
materials/maps/de_arizona_csbeta/arizona/scroll_at_water_128_-2128_-968.vmt,166,166
materials/maps/de_arizona_csbeta/arizona/scroll_at_water_160_-1584_-968.vmt,166,166
materials/maps/de_arizona_csbeta/arizona/scroll_at_water_176_-1152_-968.vmt,166,166
materials/maps/de_arizona_csbeta/arizona/scroll_at_water_248_-2528_-968.vmt,166,166
materials/maps/de_arizona_csbeta/arizona/scroll_at_water_72_-2704_-968.vmt,165,165
materials/maps/de_arizona_csbeta/arizona/{at_bars01_-160_-2088_-184.vmt,139,139
materials/maps/de_arizona_csbeta/arizona/{at_bars01_0_-2224_-328.vmt,136,136
materials/maps/de_arizona_csbeta/arizona/{at_bars01_192_-2000_-160.vmt,138,138
materials/maps/de_arizona_csbeta/arizona/{at_bars01_192_-2088_-184.vmt,138,138
materials/maps/de_arizona_csbeta/arizona/{at_bars01_192_-2172_-160.vmt,138,138
materials/maps/de_arizona_csbeta/arizona/{at_bars01_464_-2072_-336.vmt,138,138
materials/maps/de_arizona_csbeta/arizona/{at_bars01_480_-2096_-184.vmt,138,138
materials/maps/de_arizona_csbeta/arizona/{at_bars02_128_-2128_-968.vmt,138,138
materials/maps/de_arizona_csbeta/arizona/{at_bars02_192_-2088_-324.vmt,138,138
materials/maps/de_arizona_csbeta/arizona/{at_bars02_464_-2072_-336.vmt,138,138
materials/maps/de_arizona_csbeta/arizona/{at_cargrill_1512_-2336_-176.vmt,141,141
materials/maps/de_arizona_csbeta/arizona/{at_cargrill_1648_-2328_-120.vmt,141,141
materials/maps/de_arizona_csbeta/arizona/{at_cargrill_1664_-2432_-184.vmt,141,141
materials/maps/de_arizona_csbeta/arizona/{at_cargrill_768_-3624_-312.vmt,140,140
materials/maps/de_arizona_csbeta/arizona/{at_cargrill_864_-3632_-376.vmt,140,140
materials/maps/de_arizona_csbeta/arizona/{at_fence02_-1096_-1088_-652.vmt,141,141
materials/maps/de_arizona_csbeta/arizona/{at_fence02_-1216_-1088_-652.vmt,141,141
materials/maps/de_arizona_csbeta/arizona/{at_fence02_-1600_8_-184.vmt,137,137
materials/maps/de_arizona_csbeta/arizona/{at_fence02_-2024_-1040_-120.vmt,141,141
materials/maps/de_arizona_csbeta/arizona/{at_fence02_1280_-1504_-48.vmt,139,139
materials/maps/de_arizona_csbeta/arizona/{at_fence02_1408_-1312_-144.vmt,140,140
materials/maps/de_arizona_csbeta/arizona/{at_fence02_1408_-1312_-60.vmt,139,139
materials/maps/de_arizona_csbeta/arizona/{at_fence02_848_-1584_-184.vmt,139,139
materials/maps/de_arizona_csbeta/arizona/{at_fence02_888_-1696_-184.vmt,139,139
materials/maps/de_arizona_csbeta/arizona/{at_fence02_944_-1552_-184.vmt,139,139
materials/maps/de_arizona_csbeta/arizona/{at_ladder01_-1036_-1184_-432.vmt,142,142
materials/maps/de_arizona_csbeta/arizona/{at_ladder01_0_-2224_-328.vmt,138,138
materials/maps/de_arizona_csbeta/arizona/{at_ladder01_1408_-1312_-352.vmt,141,141
materials/maps/de_arizona_csbeta/arizona/{at_ladder01_28_-2088_-324.vmt,139,139
materials/maps/de_arizona_csbeta/arizona/{at_lp01_-1168_768_-184.vmt,136,136
materials/maps/de_arizona_csbeta/arizona/{at_lp01_-1424_784_-184.vmt,136,136
materials/maps/de_arizona_csbeta/arizona/{at_lp01_-16_-3392_-376.vmt,136,136
materials/maps/de_arizona_csbeta/arizona/{at_lp01_-1920_-336_-40.vmt,136,136
materials/maps/de_arizona_csbeta/arizona/{at_lp01_-1984_0_-72.vmt,133,133
materials/maps/de_arizona_csbeta/arizona/{at_lp01_-2000_-432_-88.vmt,136,136
materials/maps/de_arizona_csbeta/arizona/{at_lp01_-2024_-1040_-120.vmt,138,138
materials/maps/de_arizona_csbeta/arizona/{at_lp01_-2072_-544_-120.vmt,137,137
materials/maps/de_arizona_csbeta/arizona/{at_lp01_-240_-2704_-968.vmt,137,137
materials/maps/de_arizona_csbeta/arizona/{at_lp01_-40_-3704_-368.vmt,136,136
materials/maps/de_arizona_csbeta/arizona/{at_lp01_-768_744_-184.vmt,135,135
materials/maps/de_arizona_csbeta/arizona/{at_lp01_-953_-1916_-184.vmt,137,137
materials/maps/de_arizona_csbeta/arizona/{at_lp01_1064_-3784_-368.vmt,137,137
materials/maps/de_arizona_csbeta/arizona/{at_lp01_1312_-3664_-360.vmt,137,137
materials/maps/de_arizona_csbeta/arizona/{at_lp01_1456_-1488_-200.vmt,137,137
materials/maps/de_arizona_csbeta/arizona/{at_lp01_1504_-1952_-184.vmt,137,137
materials/maps/de_arizona_csbeta/arizona/{at_lp01_1552_-2080_-184.vmt,137,137
materials/maps/de_arizona_csbeta/arizona/{at_lp01_1896_-2328_-184.vmt,137,137
materials/maps/de_arizona_csbeta/arizona/{at_lp01_2120_-2592_-184.vmt,137,137
materials/maps/de_arizona_csbeta/arizona/{at_lp01_2168_-2312_-176.vmt,137,137
materials/maps/de_arizona_csbeta/arizona/{at_lp01_616_-3760_-376.vmt,136,136
materials/maps/de_arizona_csbeta/arizona/{at_sh01_-1488_-424_-184.vmt,137,137
materials/maps/de_arizona_csbeta/arizona/{at_sh01_-2000_-432_-88.vmt,136,136
materials/maps/de_arizona_csbeta/arizona/{at_sh01_-2016_-728_-120.vmt,137,137
materials/maps/de_arizona_csbeta/arizona/{at_sh01_-2024_-1040_-120.vmt,138,138
materials/maps/de_arizona_csbeta/arizona/{at_sh01_-2064_-560_-56.vmt,136,136
materials/maps/de_arizona_csbeta/arizona/{at_sh01_-2072_-544_-120.vmt,137,137
materials/maps/de_arizona_csbeta/arizona/{at_sh02_-1168_768_-184.vmt,136,136
materials/maps/de_arizona_csbeta/arizona/{at_sh02_-1424_784_-184.vmt,136,136
materials/maps/de_arizona_csbeta/arizona/{at_sh02_-2024_-1040_-120.vmt,138,138
materials/maps/de_arizona_csbeta/arizona/{at_sh02_-592_184_-968.vmt,135,135
materials/maps/de_arizona_csbeta/arizona/{at_sh03_-16_-3392_-376.vmt,136,136
materials/maps/de_arizona_csbeta/arizona/{at_sh03_-2024_-1040_-120.vmt,138,138
materials/maps/de_arizona_csbeta/arizona/{at_sh03_-40_-3704_-368.vmt,136,136
materials/maps/de_arizona_csbeta/arizona/{at_sh03_200_-3664_-376.vmt,136,136
materials/maps/de_arizona_csbeta/arizona/{at_sh03_56_-3584_-376.vmt,135,135
materials/maps/de_arizona_csbeta/arizona/{at_sh04_-2024_-1040_-120.vmt,138,138
materials/maps/de_arizona_csbeta/arizona/{at_sh04_1896_-2328_-184.vmt,137,137
materials/maps/de_arizona_csbeta/arizona/{at_sh04_2064_-2400_-184.vmt,137,137
materials/maps/de_arizona_csbeta/arizona/{at_sh04_2120_-2592_-184.vmt,137,137
materials/maps/de_arizona_csbeta/arizona/{at_sh04_2168_-2312_-176.vmt,137,137
materials/maps/de_arizona_csbeta/c-1000_-432_-184.hdr.vtf,76528,76528
materials/maps/de_arizona_csbeta/c-1000_-432_-184.vtf,28753,28753
materials/maps/de_arizona_csbeta/c-1036_-1184_-304.hdr.vtf,76528,76528
materials/maps/de_arizona_csbeta/c-1036_-1184_-304.vtf,28753,28753
materials/maps/de_arizona_csbeta/c-1036_-1184_-432.hdr.vtf,76528,76528
materials/maps/de_arizona_csbeta/c-1036_-1184_-432.vtf,28753,28753
materials/maps/de_arizona_csbeta/c-1036_-1184_-560.hdr.vtf,76528,76528
materials/maps/de_arizona_csbeta/c-1036_-1184_-560.vtf,28753,28753
materials/maps/de_arizona_csbeta/c-1048_-576_-184.hdr.vtf,76528,76528
materials/maps/de_arizona_csbeta/c-1048_-576_-184.vtf,28753,28753
materials/maps/de_arizona_csbeta/c-1072_-1120_-184.hdr.vtf,76528,76528
materials/maps/de_arizona_csbeta/c-1072_-1120_-184.vtf,28753,28753
materials/maps/de_arizona_csbeta/c-1072_-1184_-184.hdr.vtf,76528,76528
materials/maps/de_arizona_csbeta/c-1072_-1184_-184.vtf,28753,28753
materials/maps/de_arizona_csbeta/c-1072_-1248_-184.hdr.vtf,76528,76528
materials/maps/de_arizona_csbeta/c-1072_-1248_-184.vtf,28753,28753
materials/maps/de_arizona_csbeta/c-1096_-1088_-652.hdr.vtf,76528,76528
materials/maps/de_arizona_csbeta/c-1096_-1088_-652.vtf,28753,28753
materials/maps/de_arizona_csbeta/c-1148_-1721_-184.hdr.vtf,76528,76528
materials/maps/de_arizona_csbeta/c-1148_-1721_-184.vtf,28753,28753
materials/maps/de_arizona_csbeta/c-1152_-192_-184.hdr.vtf,76528,76528
materials/maps/de_arizona_csbeta/c-1152_-192_-184.vtf,28753,28753
materials/maps/de_arizona_csbeta/c-1168_-592_-184.hdr.vtf,76528,76528
materials/maps/de_arizona_csbeta/c-1168_-592_-184.vtf,28753,28753
materials/maps/de_arizona_csbeta/c-1168_768_-184.hdr.vtf,76528,76528
materials/maps/de_arizona_csbeta/c-1168_768_-184.vtf,28753,28753
materials/maps/de_arizona_csbeta/c-1184_-384_-184.hdr.vtf,76528,76528
materials/maps/de_arizona_csbeta/c-1184_-384_-184.vtf,28753,28753
materials/maps/de_arizona_csbeta/c-1184_592_-184.hdr.vtf,76528,76528
materials/maps/de_arizona_csbeta/c-1184_592_-184.vtf,28753,28753
materials/maps/de_arizona_csbeta/c-1200_-16_-184.hdr.vtf,76528,76528
materials/maps/de_arizona_csbeta/c-1200_-16_-184.vtf,28753,28753
materials/maps/de_arizona_csbeta/c-1216_-1088_-652.hdr.vtf,76528,76528
materials/maps/de_arizona_csbeta/c-1216_-1088_-652.vtf,28753,28753
materials/maps/de_arizona_csbeta/c-1216_-1184_-184.hdr.vtf,76528,76528
materials/maps/de_arizona_csbeta/c-1216_-1184_-184.vtf,28753,28753
materials/maps/de_arizona_csbeta/c-1216_-1248_-652.hdr.vtf,76528,76528
materials/maps/de_arizona_csbeta/c-1216_-1248_-652.vtf,28753,28753
materials/maps/de_arizona_csbeta/c-1216_296_-184.hdr.vtf,76528,76528
materials/maps/de_arizona_csbeta/c-1216_296_-184.vtf,28753,28753
materials/maps/de_arizona_csbeta/c-1247_-1483_-184.hdr.vtf,76528,76528
materials/maps/de_arizona_csbeta/c-1247_-1483_-184.vtf,28753,28753
materials/maps/de_arizona_csbeta/c-1264_-184_-184.hdr.vtf,76528,76528
materials/maps/de_arizona_csbeta/c-1264_-184_-184.vtf,28753,28753
materials/maps/de_arizona_csbeta/c-128_-1488_-264.hdr.vtf,76528,76528
materials/maps/de_arizona_csbeta/c-128_-1488_-264.vtf,28753,28753
materials/maps/de_arizona_csbeta/c-1312_-656_-184.hdr.vtf,76528,76528
materials/maps/de_arizona_csbeta/c-1312_-656_-184.vtf,28753,28753
materials/maps/de_arizona_csbeta/c-1320_-1184_-184.hdr.vtf,76528,76528
materials/maps/de_arizona_csbeta/c-1320_-1184_-184.vtf,28753,28753
materials/maps/de_arizona_csbeta/c-1320_-928_-184.hdr.vtf,76528,76528
materials/maps/de_arizona_csbeta/c-1320_-928_-184.vtf,28753,28753
materials/maps/de_arizona_csbeta/c-1328_-352_-184.hdr.vtf,76528,76528
materials/maps/de_arizona_csbeta/c-1328_-352_-184.vtf,28753,28753
materials/maps/de_arizona_csbeta/c-1328_-512_-184.hdr.vtf,76528,76528
materials/maps/de_arizona_csbeta/c-1328_-512_-184.vtf,28753,28753
materials/maps/de_arizona_csbeta/c-1328_488_-184.hdr.vtf,76528,76528
materials/maps/de_arizona_csbeta/c-1328_488_-184.vtf,28753,28753
materials/maps/de_arizona_csbeta/c-1328_656_-184.hdr.vtf,76528,76528
materials/maps/de_arizona_csbeta/c-1328_656_-184.vtf,28753,28753
materials/maps/de_arizona_csbeta/c-132_-768_-652.hdr.vtf,76528,76528
materials/maps/de_arizona_csbeta/c-132_-768_-652.vtf,28753,28753
materials/maps/de_arizona_csbeta/c-1368_-120_-8.hdr.vtf,76528,76528
materials/maps/de_arizona_csbeta/c-1368_-120_-8.vtf,28753,28753
materials/maps/de_arizona_csbeta/c-1368_152_-8.hdr.vtf,76528,76528
materials/maps/de_arizona_csbeta/c-1368_152_-8.vtf,28753,28753
materials/maps/de_arizona_csbeta/c-1368_16_-8.hdr.vtf,76528,76528
materials/maps/de_arizona_csbeta/c-1368_16_-8.vtf,28753,28753
materials/maps/de_arizona_csbeta/c-1376_192_-184.hdr.vtf,76528,76528
materials/maps/de_arizona_csbeta/c-1376_192_-184.vtf,28753,28753
materials/maps/de_arizona_csbeta/c-1392_24_-184.hdr.vtf,76528,76528
materials/maps/de_arizona_csbeta/c-1392_24_-184.vtf,28753,28753
materials/maps/de_arizona_csbeta/c-1424_784_-184.hdr.vtf,76528,76528
materials/maps/de_arizona_csbeta/c-1424_784_-184.vtf,28753,28753
materials/maps/de_arizona_csbeta/c-1448_-1184_-152.hdr.vtf,76528,76528
materials/maps/de_arizona_csbeta/c-1448_-1184_-152.vtf,28753,28753
materials/maps/de_arizona_csbeta/c-1472_-496_-64.hdr.vtf,76528,76528
materials/maps/de_arizona_csbeta/c-1472_-496_-64.vtf,28753,28753
materials/maps/de_arizona_csbeta/c-1480_680_-88.hdr.vtf,76528,76528
materials/maps/de_arizona_csbeta/c-1480_680_-88.vtf,28753,28753
materials/maps/de_arizona_csbeta/c-1488_-424_-184.hdr.vtf,76528,76528
materials/maps/de_arizona_csbeta/c-1488_-424_-184.vtf,28753,28753
materials/maps/de_arizona_csbeta/c-1548_-120_-8.hdr.vtf,76528,76528
materials/maps/de_arizona_csbeta/c-1548_-120_-8.vtf,28753,28753
materials/maps/de_arizona_csbeta/c-1548_152_-8.hdr.vtf,76528,76528
materials/maps/de_arizona_csbeta/c-1548_152_-8.vtf,28753,28753
materials/maps/de_arizona_csbeta/c-1548_16_-136.hdr.vtf,76528,76528
materials/maps/de_arizona_csbeta/c-1548_16_-136.vtf,28753,28753
materials/maps/de_arizona_csbeta/c-1548_16_-8.hdr.vtf,76528,76528
materials/maps/de_arizona_csbeta/c-1548_16_-8.vtf,28753,28753
materials/maps/de_arizona_csbeta/c-1552_-224_-184.hdr.vtf,76528,76528
materials/maps/de_arizona_csbeta/c-1552_-224_-184.vtf,28753,28753
materials/maps/de_arizona_csbeta/c-1568_240_-184.hdr.vtf,76528,76528
materials/maps/de_arizona_csbeta/c-1568_240_-184.vtf,28753,28753
materials/maps/de_arizona_csbeta/c-1568_416_-184.hdr.vtf,76528,76528
materials/maps/de_arizona_csbeta/c-1568_416_-184.vtf,28753,28753
materials/maps/de_arizona_csbeta/c-1592_-340_-40.hdr.vtf,76528,76528
materials/maps/de_arizona_csbeta/c-1592_-340_-40.vtf,28753,28753
materials/maps/de_arizona_csbeta/c-1592_-632_-168.hdr.vtf,76528,76528
materials/maps/de_arizona_csbeta/c-1592_-632_-168.vtf,28753,28753
materials/maps/de_arizona_csbeta/c-1600_304_-136.hdr.vtf,76528,76528
materials/maps/de_arizona_csbeta/c-1600_304_-136.vtf,28753,28753
materials/maps/de_arizona_csbeta/c-1600_8_-184.hdr.vtf,76528,76528
materials/maps/de_arizona_csbeta/c-1600_8_-184.vtf,28753,28753
materials/maps/de_arizona_csbeta/c-160_-2088_-184.hdr.vtf,76528,76528
materials/maps/de_arizona_csbeta/c-160_-2088_-184.vtf,28753,28753
materials/maps/de_arizona_csbeta/c-1688_96_-182.hdr.vtf,76528,76528
materials/maps/de_arizona_csbeta/c-1688_96_-182.vtf,28753,28753
materials/maps/de_arizona_csbeta/c-1696_-160_-40.hdr.vtf,76528,76528
materials/maps/de_arizona_csbeta/c-1696_-160_-40.vtf,28753,28753
materials/maps/de_arizona_csbeta/c-1696_192_-40.hdr.vtf,76528,76528
materials/maps/de_arizona_csbeta/c-1696_192_-40.vtf,28753,28753
materials/maps/de_arizona_csbeta/c-16_-3392_-376.hdr.vtf,76528,76528
materials/maps/de_arizona_csbeta/c-16_-3392_-376.vtf,28753,28753
materials/maps/de_arizona_csbeta/c-1728_-120_-8.hdr.vtf,76528,76528
materials/maps/de_arizona_csbeta/c-1728_-120_-8.vtf,28753,28753
materials/maps/de_arizona_csbeta/c-1728_152_-8.hdr.vtf,76528,76528
materials/maps/de_arizona_csbeta/c-1728_152_-8.vtf,28753,28753
materials/maps/de_arizona_csbeta/c-1728_16_-8.hdr.vtf,76528,76528
materials/maps/de_arizona_csbeta/c-1728_16_-8.vtf,28753,28753
materials/maps/de_arizona_csbeta/c-1736_-340_-40.hdr.vtf,76528,76528
materials/maps/de_arizona_csbeta/c-1736_-340_-40.vtf,28753,28753
materials/maps/de_arizona_csbeta/c-1736_-424_-112.hdr.vtf,76528,76528
materials/maps/de_arizona_csbeta/c-1736_-424_-112.vtf,28753,28753
materials/maps/de_arizona_csbeta/c-1764_236_-96.hdr.vtf,76528,76528
materials/maps/de_arizona_csbeta/c-1764_236_-96.vtf,28753,28753
materials/maps/de_arizona_csbeta/c-176_-1000_-968.hdr.vtf,76528,76528
materials/maps/de_arizona_csbeta/c-176_-1000_-968.vtf,28753,28753
materials/maps/de_arizona_csbeta/c-1792_-160_-40.hdr.vtf,76528,76528
materials/maps/de_arizona_csbeta/c-1792_-160_-40.vtf,28753,28753
materials/maps/de_arizona_csbeta/c-1792_16_-40.hdr.vtf,76528,76528
materials/maps/de_arizona_csbeta/c-1792_16_-40.vtf,28753,28753
materials/maps/de_arizona_csbeta/c-1792_192_-40.hdr.vtf,76528,76528
materials/maps/de_arizona_csbeta/c-1792_192_-40.vtf,28753,28753
materials/maps/de_arizona_csbeta/c-1792_312_-184.hdr.vtf,76528,76528
materials/maps/de_arizona_csbeta/c-1792_312_-184.vtf,28753,28753
materials/maps/de_arizona_csbeta/c-1816_-624_-128.hdr.vtf,76528,76528
materials/maps/de_arizona_csbeta/c-1816_-624_-128.vtf,28753,28753
materials/maps/de_arizona_csbeta/c-1824_-248_-144.hdr.vtf,76528,76528
materials/maps/de_arizona_csbeta/c-1824_-248_-144.vtf,28753,28753
materials/maps/de_arizona_csbeta/c-1864_232_-176.hdr.vtf,76528,76528
materials/maps/de_arizona_csbeta/c-1864_232_-176.vtf,28753,28753
materials/maps/de_arizona_csbeta/c-1896_-752_-120.hdr.vtf,76528,76528
materials/maps/de_arizona_csbeta/c-1896_-752_-120.vtf,28753,28753
materials/maps/de_arizona_csbeta/c-1920_-160_-40.hdr.vtf,76528,76528
materials/maps/de_arizona_csbeta/c-1920_-160_-40.vtf,28753,28753
materials/maps/de_arizona_csbeta/c-1920_-336_-40.hdr.vtf,76528,76528
materials/maps/de_arizona_csbeta/c-1920_-336_-40.vtf,28753,28753
materials/maps/de_arizona_csbeta/c-1920_16_-40.hdr.vtf,76528,76528
materials/maps/de_arizona_csbeta/c-1920_16_-40.vtf,28753,28753
materials/maps/de_arizona_csbeta/c-1920_192_-40.hdr.vtf,76528,76528
materials/maps/de_arizona_csbeta/c-1920_192_-40.vtf,28753,28753
materials/maps/de_arizona_csbeta/c-192_-1184_-264.hdr.vtf,76528,76528
materials/maps/de_arizona_csbeta/c-192_-1184_-264.vtf,28753,28753
materials/maps/de_arizona_csbeta/c-1984_-248_-72.hdr.vtf,76528,76528
materials/maps/de_arizona_csbeta/c-1984_-248_-72.vtf,28753,28753
materials/maps/de_arizona_csbeta/c-1984_0_-72.hdr.vtf,76528,76528
materials/maps/de_arizona_csbeta/c-1984_0_-72.vtf,28753,28753
materials/maps/de_arizona_csbeta/c-1984_288_-72.hdr.vtf,76528,76528
materials/maps/de_arizona_csbeta/c-1984_288_-72.vtf,28753,28753
materials/maps/de_arizona_csbeta/c-1984_448_16.hdr.vtf,76528,76528
materials/maps/de_arizona_csbeta/c-1984_448_16.vtf,28753,28753
materials/maps/de_arizona_csbeta/c-2000_-432_-88.hdr.vtf,76528,76528
materials/maps/de_arizona_csbeta/c-2000_-432_-88.vtf,28753,28753
materials/maps/de_arizona_csbeta/c-2016_-728_-120.hdr.vtf,76528,76528
materials/maps/de_arizona_csbeta/c-2016_-728_-120.vtf,28753,28753
materials/maps/de_arizona_csbeta/c-2024_-1040_-120.hdr.vtf,76528,76528
materials/maps/de_arizona_csbeta/c-2024_-1040_-120.vtf,28753,28753
materials/maps/de_arizona_csbeta/c-2064_-560_-56.hdr.vtf,76528,76528
materials/maps/de_arizona_csbeta/c-2064_-560_-56.vtf,28753,28753
materials/maps/de_arizona_csbeta/c-2072_-544_-120.hdr.vtf,76528,76528
materials/maps/de_arizona_csbeta/c-2072_-544_-120.vtf,28753,28753
materials/maps/de_arizona_csbeta/c-208_-1232_-264.hdr.vtf,76528,76528
materials/maps/de_arizona_csbeta/c-208_-1232_-264.vtf,28753,28753
materials/maps/de_arizona_csbeta/c-208_-1408_-264.hdr.vtf,76528,76528
materials/maps/de_arizona_csbeta/c-208_-1408_-264.vtf,28753,28753
materials/maps/de_arizona_csbeta/c-240_-168_-184.hdr.vtf,76528,76528
materials/maps/de_arizona_csbeta/c-240_-168_-184.vtf,28753,28753
materials/maps/de_arizona_csbeta/c-240_-2704_-968.hdr.vtf,76528,76528
materials/maps/de_arizona_csbeta/c-240_-2704_-968.vtf,28753,28753
materials/maps/de_arizona_csbeta/c-240_344_-968.hdr.vtf,76528,76528
materials/maps/de_arizona_csbeta/c-240_344_-968.vtf,28753,28753
materials/maps/de_arizona_csbeta/c-288_-80_-184.hdr.vtf,76528,76528
materials/maps/de_arizona_csbeta/c-288_-80_-184.vtf,28753,28753
materials/maps/de_arizona_csbeta/c-288_-992_-968.hdr.vtf,76528,76528
materials/maps/de_arizona_csbeta/c-288_-992_-968.vtf,28753,28753
materials/maps/de_arizona_csbeta/c-296_-304_-184.hdr.vtf,76528,76528
materials/maps/de_arizona_csbeta/c-296_-304_-184.vtf,28753,28753
materials/maps/de_arizona_csbeta/c-318_-814_-652.hdr.vtf,76528,76528
materials/maps/de_arizona_csbeta/c-318_-814_-652.vtf,28753,28753
materials/maps/de_arizona_csbeta/c-328_-1136_-264.hdr.vtf,76528,76528
materials/maps/de_arizona_csbeta/c-328_-1136_-264.vtf,28753,28753
materials/maps/de_arizona_csbeta/c-336_-832_-540.hdr.vtf,76528,76528
materials/maps/de_arizona_csbeta/c-336_-832_-540.vtf,28753,28753
materials/maps/de_arizona_csbeta/c-352_352_-968.hdr.vtf,76528,76528
materials/maps/de_arizona_csbeta/c-352_352_-968.vtf,28753,28753
materials/maps/de_arizona_csbeta/c-376_-864_-968.hdr.vtf,76528,76528
materials/maps/de_arizona_csbeta/c-376_-864_-968.vtf,28753,28753
materials/maps/de_arizona_csbeta/c-392_-216_-192.hdr.vtf,76528,76528
materials/maps/de_arizona_csbeta/c-392_-216_-192.vtf,28753,28753
materials/maps/de_arizona_csbeta/c-40_-3704_-368.hdr.vtf,76528,76528
materials/maps/de_arizona_csbeta/c-40_-3704_-368.vtf,28753,28753
materials/maps/de_arizona_csbeta/c-416_-1984_-184.hdr.vtf,76528,76528
materials/maps/de_arizona_csbeta/c-416_-1984_-184.vtf,28753,28753
materials/maps/de_arizona_csbeta/c-416_-2088_-184.hdr.vtf,76528,76528
materials/maps/de_arizona_csbeta/c-416_-2088_-184.vtf,28753,28753
materials/maps/de_arizona_csbeta/c-416_-2208_-152.hdr.vtf,76528,76528
materials/maps/de_arizona_csbeta/c-416_-2208_-152.vtf,28753,28753
materials/maps/de_arizona_csbeta/c-416_-912_-540.hdr.vtf,76528,76528
materials/maps/de_arizona_csbeta/c-416_-912_-540.vtf,28753,28753
materials/maps/de_arizona_csbeta/c-448_-1088_-264.hdr.vtf,76528,76528
materials/maps/de_arizona_csbeta/c-448_-1088_-264.vtf,28753,28753
materials/maps/de_arizona_csbeta/c-448_-944_-968.hdr.vtf,76528,76528
materials/maps/de_arizona_csbeta/c-448_-944_-968.vtf,28753,28753
materials/maps/de_arizona_csbeta/c-448_336_-968.hdr.vtf,76528,76528
materials/maps/de_arizona_csbeta/c-448_336_-968.vtf,28753,28753
materials/maps/de_arizona_csbeta/c-464_-768_-968.hdr.vtf,76528,76528
materials/maps/de_arizona_csbeta/c-464_-768_-968.vtf,28753,28753
materials/maps/de_arizona_csbeta/c-480_-984_-540.hdr.vtf,76528,76528
materials/maps/de_arizona_csbeta/c-480_-984_-540.vtf,28753,28753
materials/maps/de_arizona_csbeta/c-488_-984_-652.hdr.vtf,76528,76528
materials/maps/de_arizona_csbeta/c-488_-984_-652.vtf,28753,28753
materials/maps/de_arizona_csbeta/c-48_-992_-968.hdr.vtf,76528,76528
materials/maps/de_arizona_csbeta/c-48_-992_-968.vtf,28753,28753
materials/maps/de_arizona_csbeta/c-512_-624_-968.hdr.vtf,76528,76528
materials/maps/de_arizona_csbeta/c-512_-624_-968.vtf,28753,28753
materials/maps/de_arizona_csbeta/c-528_-792_-968.hdr.vtf,76528,76528
materials/maps/de_arizona_csbeta/c-528_-792_-968.vtf,28753,28753
materials/maps/de_arizona_csbeta/c-528_256_-968.hdr.vtf,76528,76528
materials/maps/de_arizona_csbeta/c-528_256_-968.vtf,28753,28753
materials/maps/de_arizona_csbeta/c-536_-216_-200.hdr.vtf,76528,76528
materials/maps/de_arizona_csbeta/c-536_-216_-200.vtf,28753,28753
materials/maps/de_arizona_csbeta/c-544_-496_-968.hdr.vtf,76528,76528
materials/maps/de_arizona_csbeta/c-544_-496_-968.vtf,28753,28753
materials/maps/de_arizona_csbeta/c-552_-1048_-652.hdr.vtf,76528,76528
materials/maps/de_arizona_csbeta/c-552_-1048_-652.vtf,28753,28753
materials/maps/de_arizona_csbeta/c-552_-360_-968.hdr.vtf,76528,76528
materials/maps/de_arizona_csbeta/c-552_-360_-968.vtf,28753,28753
materials/maps/de_arizona_csbeta/c-560_-208_-968.hdr.vtf,76528,76528
materials/maps/de_arizona_csbeta/c-560_-208_-968.vtf,28753,28753
materials/maps/de_arizona_csbeta/c-560_-976_-264.hdr.vtf,76528,76528
materials/maps/de_arizona_csbeta/c-560_-976_-264.vtf,28753,28753
materials/maps/de_arizona_csbeta/c-56_-176_-184.hdr.vtf,76528,76528
materials/maps/de_arizona_csbeta/c-56_-176_-184.vtf,28753,28753
materials/maps/de_arizona_csbeta/c-576_-648_-968.hdr.vtf,76528,76528
materials/maps/de_arizona_csbeta/c-576_-648_-968.vtf,28753,28753
materials/maps/de_arizona_csbeta/c-592_184_-968.hdr.vtf,76528,76528
materials/maps/de_arizona_csbeta/c-592_184_-968.vtf,28753,28753
materials/maps/de_arizona_csbeta/c-604_-68_-968.hdr.vtf,76528,76528
materials/maps/de_arizona_csbeta/c-604_-68_-968.vtf,28753,28753
materials/maps/de_arizona_csbeta/c-608_32_-968.hdr.vtf,76528,76528
materials/maps/de_arizona_csbeta/c-608_32_-968.vtf,28753,28753
materials/maps/de_arizona_csbeta/c-616_-864_-248.hdr.vtf,76528,76528
materials/maps/de_arizona_csbeta/c-616_-864_-248.vtf,28753,28753
materials/maps/de_arizona_csbeta/c-616_128_-968.hdr.vtf,76528,76528
materials/maps/de_arizona_csbeta/c-616_128_-968.vtf,28753,28753
materials/maps/de_arizona_csbeta/c-624_-192_-968.hdr.vtf,76528,76528
materials/maps/de_arizona_csbeta/c-624_-192_-968.vtf,28753,28753
materials/maps/de_arizona_csbeta/c-624_-336_-968.hdr.vtf,76528,76528
materials/maps/de_arizona_csbeta/c-624_-336_-968.vtf,28753,28753
materials/maps/de_arizona_csbeta/c-624_-480_-968.hdr.vtf,76528,76528
materials/maps/de_arizona_csbeta/c-624_-480_-968.vtf,28753,28753
materials/maps/de_arizona_csbeta/c-64_-2704_-968.hdr.vtf,76528,76528
materials/maps/de_arizona_csbeta/c-64_-2704_-968.vtf,28753,28753
materials/maps/de_arizona_csbeta/c-664_-1088_-652.hdr.vtf,76528,76528
materials/maps/de_arizona_csbeta/c-664_-1088_-652.vtf,28753,28753
materials/maps/de_arizona_csbeta/c-664_-712_-216.hdr.vtf,76528,76528
materials/maps/de_arizona_csbeta/c-664_-712_-216.vtf,28753,28753
materials/maps/de_arizona_csbeta/c-696_-216_-192.hdr.vtf,76528,76528
materials/maps/de_arizona_csbeta/c-696_-216_-192.vtf,28753,28753
materials/maps/de_arizona_csbeta/c-716_-2014_-184.hdr.vtf,76528,76528
materials/maps/de_arizona_csbeta/c-716_-2014_-184.vtf,28753,28753
materials/maps/de_arizona_csbeta/c-720_-544_-184.hdr.vtf,76528,76528
materials/maps/de_arizona_csbeta/c-720_-544_-184.vtf,28753,28753
materials/maps/de_arizona_csbeta/c-768_-64_-184.hdr.vtf,76528,76528
materials/maps/de_arizona_csbeta/c-768_-64_-184.vtf,28753,28753
materials/maps/de_arizona_csbeta/c-768_744_-184.hdr.vtf,76528,76528
materials/maps/de_arizona_csbeta/c-768_744_-184.vtf,28753,28753
materials/maps/de_arizona_csbeta/c-776_-384_-184.hdr.vtf,76528,76528
materials/maps/de_arizona_csbeta/c-776_-384_-184.vtf,28753,28753
materials/maps/de_arizona_csbeta/c-800_-1216_-648.hdr.vtf,76528,76528
materials/maps/de_arizona_csbeta/c-800_-1216_-648.vtf,28753,28753
materials/maps/de_arizona_csbeta/c-816_-216_-184.hdr.vtf,76528,76528
materials/maps/de_arizona_csbeta/c-816_-216_-184.vtf,28753,28753
materials/maps/de_arizona_csbeta/c-880_-1088_-652.hdr.vtf,76528,76528
materials/maps/de_arizona_csbeta/c-880_-1088_-652.vtf,28753,28753
materials/maps/de_arizona_csbeta/c-880_-1152_-632.hdr.vtf,76528,76528
materials/maps/de_arizona_csbeta/c-880_-1152_-632.vtf,28753,28753
materials/maps/de_arizona_csbeta/c-880_-400_-184.hdr.vtf,76528,76528
materials/maps/de_arizona_csbeta/c-880_-400_-184.vtf,28753,28753
materials/maps/de_arizona_csbeta/c-888_-1216_-648.hdr.vtf,76528,76528
materials/maps/de_arizona_csbeta/c-888_-1216_-648.vtf,28753,28753
materials/maps/de_arizona_csbeta/c-8_-1936_-328.hdr.vtf,76528,76528
materials/maps/de_arizona_csbeta/c-8_-1936_-328.vtf,28753,28753
materials/maps/de_arizona_csbeta/c-953_-1916_-184.hdr.vtf,76528,76528
materials/maps/de_arizona_csbeta/c-953_-1916_-184.vtf,28753,28753
materials/maps/de_arizona_csbeta/c-976_-1216_-648.hdr.vtf,76528,76528
materials/maps/de_arizona_csbeta/c-976_-1216_-648.vtf,28753,28753
materials/maps/de_arizona_csbeta/c0_-1800_-320.hdr.vtf,76528,76528
materials/maps/de_arizona_csbeta/c0_-1800_-320.vtf,28753,28753
materials/maps/de_arizona_csbeta/c0_-2224_-328.hdr.vtf,76528,76528
materials/maps/de_arizona_csbeta/c0_-2224_-328.vtf,28753,28753
materials/maps/de_arizona_csbeta/c1024_-2536_-344.hdr.vtf,76528,76528
materials/maps/de_arizona_csbeta/c1024_-2536_-344.vtf,28753,28753
materials/maps/de_arizona_csbeta/c1024_-2704_-376.hdr.vtf,76528,76528
materials/maps/de_arizona_csbeta/c1024_-2704_-376.vtf,28753,28753
materials/maps/de_arizona_csbeta/c1024_-3072_-408.hdr.vtf,76528,76528
materials/maps/de_arizona_csbeta/c1024_-3072_-408.vtf,28753,28753
materials/maps/de_arizona_csbeta/c1032_-2888_-400.hdr.vtf,76528,76528
materials/maps/de_arizona_csbeta/c1032_-2888_-400.vtf,28753,28753
materials/maps/de_arizona_csbeta/c1032_-3000_-408.hdr.vtf,76528,76528
materials/maps/de_arizona_csbeta/c1032_-3000_-408.vtf,28753,28753
materials/maps/de_arizona_csbeta/c1040_-352_-184.hdr.vtf,76528,76528
materials/maps/de_arizona_csbeta/c1040_-352_-184.vtf,28753,28753
materials/maps/de_arizona_csbeta/c1048_-3232_-400.hdr.vtf,76528,76528
materials/maps/de_arizona_csbeta/c1048_-3232_-400.vtf,28753,28753
materials/maps/de_arizona_csbeta/c104_-168_-184.hdr.vtf,76528,76528
materials/maps/de_arizona_csbeta/c104_-168_-184.vtf,28753,28753
materials/maps/de_arizona_csbeta/c1056_-3664_-376.hdr.vtf,76528,76528
materials/maps/de_arizona_csbeta/c1056_-3664_-376.vtf,28753,28753
materials/maps/de_arizona_csbeta/c1064_-3784_-368.hdr.vtf,76528,76528
materials/maps/de_arizona_csbeta/c1064_-3784_-368.vtf,28753,28753
materials/maps/de_arizona_csbeta/c1072_-2960_-272.hdr.vtf,76528,76528
materials/maps/de_arizona_csbeta/c1072_-2960_-272.vtf,28753,28753
materials/maps/de_arizona_csbeta/c1080_-2352_-184.hdr.vtf,76528,76528
materials/maps/de_arizona_csbeta/c1080_-2352_-184.vtf,28753,28753
materials/maps/de_arizona_csbeta/c1088_-1304_-184.hdr.vtf,76528,76528
materials/maps/de_arizona_csbeta/c1088_-1304_-184.vtf,28753,28753
materials/maps/de_arizona_csbeta/c1088_-1472_-176.hdr.vtf,76528,76528
materials/maps/de_arizona_csbeta/c1088_-1472_-176.vtf,28753,28753
materials/maps/de_arizona_csbeta/c1120_-1312_-652.hdr.vtf,76528,76528
materials/maps/de_arizona_csbeta/c1120_-1312_-652.vtf,28753,28753
materials/maps/de_arizona_csbeta/c1120_-1872_-184.hdr.vtf,76528,76528
materials/maps/de_arizona_csbeta/c1120_-1872_-184.vtf,28753,28753
materials/maps/de_arizona_csbeta/c1144_-480_-184.hdr.vtf,76528,76528
materials/maps/de_arizona_csbeta/c1144_-480_-184.vtf,28753,28753
materials/maps/de_arizona_csbeta/c1152_-3536_-376.hdr.vtf,76528,76528
materials/maps/de_arizona_csbeta/c1152_-3536_-376.vtf,28753,28753
materials/maps/de_arizona_csbeta/c1168_-1216_-184.hdr.vtf,76528,76528
materials/maps/de_arizona_csbeta/c1168_-1216_-184.vtf,28753,28753
materials/maps/de_arizona_csbeta/c1184_-2416_-144.hdr.vtf,76528,76528
materials/maps/de_arizona_csbeta/c1184_-2416_-144.vtf,28753,28753
materials/maps/de_arizona_csbeta/c1184_-2992_-296.hdr.vtf,76528,76528
materials/maps/de_arizona_csbeta/c1184_-2992_-296.vtf,28753,28753
materials/maps/de_arizona_csbeta/c1192_-624_-184.hdr.vtf,76528,76528
materials/maps/de_arizona_csbeta/c1192_-624_-184.vtf,28753,28753
materials/maps/de_arizona_csbeta/c1200_-1832_-176.hdr.vtf,76528,76528
materials/maps/de_arizona_csbeta/c1200_-1832_-176.vtf,28753,28753
materials/maps/de_arizona_csbeta/c1200_-3152_-408.hdr.vtf,76528,76528
materials/maps/de_arizona_csbeta/c1200_-3152_-408.vtf,28753,28753
materials/maps/de_arizona_csbeta/c120_-1072_-968.hdr.vtf,76528,76528
materials/maps/de_arizona_csbeta/c120_-1072_-968.vtf,28753,28753
materials/maps/de_arizona_csbeta/c1216_-1288_-200.hdr.vtf,76528,76528
materials/maps/de_arizona_csbeta/c1216_-1288_-200.vtf,28753,28753
materials/maps/de_arizona_csbeta/c1216_-1312_-632.hdr.vtf,76528,76528
materials/maps/de_arizona_csbeta/c1216_-1312_-632.vtf,28753,28753
materials/maps/de_arizona_csbeta/c1216_-1456_-200.hdr.vtf,76528,76528
materials/maps/de_arizona_csbeta/c1216_-1456_-200.vtf,28753,28753
materials/maps/de_arizona_csbeta/c1216_-992_-200.hdr.vtf,76528,76528
materials/maps/de_arizona_csbeta/c1216_-992_-200.vtf,28753,28753
materials/maps/de_arizona_csbeta/c1224_-1112_-200.hdr.vtf,76528,76528
materials/maps/de_arizona_csbeta/c1224_-1112_-200.vtf,28753,28753
materials/maps/de_arizona_csbeta/c1224_-1400_-200.hdr.vtf,76528,76528
materials/maps/de_arizona_csbeta/c1224_-1400_-200.vtf,28753,28753
materials/maps/de_arizona_csbeta/c1224_-2520_-72.hdr.vtf,76528,76528
materials/maps/de_arizona_csbeta/c1224_-2520_-72.vtf,28753,28753
materials/maps/de_arizona_csbeta/c1224_-816_-184.hdr.vtf,76528,76528
materials/maps/de_arizona_csbeta/c1224_-816_-184.vtf,28753,28753
materials/maps/de_arizona_csbeta/c1232_-3424_-392.hdr.vtf,76528,76528
materials/maps/de_arizona_csbeta/c1232_-3424_-392.vtf,28753,28753
materials/maps/de_arizona_csbeta/c1264_-2592_-264.hdr.vtf,76528,76528
materials/maps/de_arizona_csbeta/c1264_-2592_-264.vtf,28753,28753
materials/maps/de_arizona_csbeta/c1280_-1248_-48.hdr.vtf,76528,76528
materials/maps/de_arizona_csbeta/c1280_-1248_-48.vtf,28753,28753
materials/maps/de_arizona_csbeta/c1280_-1504_-48.hdr.vtf,76528,76528
materials/maps/de_arizona_csbeta/c1280_-1504_-48.vtf,28753,28753
materials/maps/de_arizona_csbeta/c1280_-1508_-208.hdr.vtf,76528,76528
materials/maps/de_arizona_csbeta/c1280_-1508_-208.vtf,28753,28753
materials/maps/de_arizona_csbeta/c128_-1768_-968.hdr.vtf,76528,76528
materials/maps/de_arizona_csbeta/c128_-1768_-968.vtf,28753,28753
materials/maps/de_arizona_csbeta/c128_-1944_-968.hdr.vtf,76528,76528
materials/maps/de_arizona_csbeta/c128_-1944_-968.vtf,28753,28753
materials/maps/de_arizona_csbeta/c128_-2128_-968.hdr.vtf,76528,76528
materials/maps/de_arizona_csbeta/c128_-2128_-968.vtf,28753,28753
materials/maps/de_arizona_csbeta/c1296_-1456_-200.hdr.vtf,76528,76528
materials/maps/de_arizona_csbeta/c1296_-1456_-200.vtf,28753,28753
materials/maps/de_arizona_csbeta/c1296_-2208_-184.hdr.vtf,76528,76528
materials/maps/de_arizona_csbeta/c1296_-2208_-184.vtf,28753,28753
materials/maps/de_arizona_csbeta/c1296_-2800_-312.hdr.vtf,76528,76528
materials/maps/de_arizona_csbeta/c1296_-2800_-312.vtf,28753,28753
materials/maps/de_arizona_csbeta/c1312_-2336_-176.hdr.vtf,76528,76528
materials/maps/de_arizona_csbeta/c1312_-2336_-176.vtf,28753,28753
materials/maps/de_arizona_csbeta/c1312_-2896_-304.hdr.vtf,76528,76528
materials/maps/de_arizona_csbeta/c1312_-2896_-304.vtf,28753,28753
materials/maps/de_arizona_csbeta/c1312_-3664_-360.hdr.vtf,76528,76528
materials/maps/de_arizona_csbeta/c1312_-3664_-360.vtf,28753,28753
materials/maps/de_arizona_csbeta/c1320_-1376_-48.hdr.vtf,76528,76528
materials/maps/de_arizona_csbeta/c1320_-1376_-48.vtf,28753,28753
materials/maps/de_arizona_csbeta/c1320_-3040_-312.hdr.vtf,76528,76528
materials/maps/de_arizona_csbeta/c1320_-3040_-312.vtf,28753,28753
materials/maps/de_arizona_csbeta/c1328_-1192_-184.hdr.vtf,76528,76528
materials/maps/de_arizona_csbeta/c1328_-1192_-184.vtf,28753,28753
materials/maps/de_arizona_csbeta/c1328_-1312_-200.hdr.vtf,76528,76528
materials/maps/de_arizona_csbeta/c1328_-1312_-200.vtf,28753,28753
materials/maps/de_arizona_csbeta/c1328_-1312_-520.hdr.vtf,76528,76528
materials/maps/de_arizona_csbeta/c1328_-1312_-520.vtf,28753,28753
materials/maps/de_arizona_csbeta/c1328_-1376_-200.hdr.vtf,76528,76528
materials/maps/de_arizona_csbeta/c1328_-1376_-200.vtf,28753,28753
materials/maps/de_arizona_csbeta/c1328_-1888_-184.hdr.vtf,76528,76528
materials/maps/de_arizona_csbeta/c1328_-1888_-184.vtf,28753,28753
materials/maps/de_arizona_csbeta/c1328_-3008_-208.hdr.vtf,76528,76528
materials/maps/de_arizona_csbeta/c1328_-3008_-208.vtf,28753,28753
materials/maps/de_arizona_csbeta/c1344_-1248_-200.hdr.vtf,76528,76528
materials/maps/de_arizona_csbeta/c1344_-1248_-200.vtf,28753,28753
materials/maps/de_arizona_csbeta/c1344_-2496_40.hdr.vtf,76528,76528
materials/maps/de_arizona_csbeta/c1344_-2496_40.vtf,28753,28753
materials/maps/de_arizona_csbeta/c1344_-2712_-312.hdr.vtf,76528,76528
materials/maps/de_arizona_csbeta/c1344_-2712_-312.vtf,28753,28753
materials/maps/de_arizona_csbeta/c1344_-888_-184.hdr.vtf,76528,76528
materials/maps/de_arizona_csbeta/c1344_-888_-184.vtf,28753,28753
materials/maps/de_arizona_csbeta/c1352_-1504_-200.hdr.vtf,76528,76528
materials/maps/de_arizona_csbeta/c1352_-1504_-200.vtf,28753,28753
materials/maps/de_arizona_csbeta/c1360_-720_-176.hdr.vtf,76528,76528
materials/maps/de_arizona_csbeta/c1360_-720_-176.vtf,28753,28753
materials/maps/de_arizona_csbeta/c136_-2272_-968.hdr.vtf,76528,76528
materials/maps/de_arizona_csbeta/c136_-2272_-968.vtf,28753,28753
materials/maps/de_arizona_csbeta/c1392_-3208_-320.hdr.vtf,76528,76528
materials/maps/de_arizona_csbeta/c1392_-3208_-320.vtf,28753,28753
materials/maps/de_arizona_csbeta/c1392_-3360_-352.hdr.vtf,76528,76528
materials/maps/de_arizona_csbeta/c1392_-3360_-352.vtf,28753,28753
materials/maps/de_arizona_csbeta/c1408_-1312_-144.hdr.vtf,76528,76528
materials/maps/de_arizona_csbeta/c1408_-1312_-144.vtf,28753,28753
materials/maps/de_arizona_csbeta/c1408_-1312_-264.hdr.vtf,76528,76528
materials/maps/de_arizona_csbeta/c1408_-1312_-264.vtf,28753,28753
materials/maps/de_arizona_csbeta/c1408_-1312_-352.hdr.vtf,76528,76528
materials/maps/de_arizona_csbeta/c1408_-1312_-352.vtf,28753,28753
materials/maps/de_arizona_csbeta/c1408_-1312_-440.hdr.vtf,76528,76528
materials/maps/de_arizona_csbeta/c1408_-1312_-440.vtf,28753,28753
materials/maps/de_arizona_csbeta/c1408_-1312_-60.hdr.vtf,76528,76528
materials/maps/de_arizona_csbeta/c1408_-1312_-60.vtf,28753,28753
materials/maps/de_arizona_csbeta/c1408_-1360_-192.hdr.vtf,76528,76528
materials/maps/de_arizona_csbeta/c1408_-1360_-192.vtf,28753,28753
materials/maps/de_arizona_csbeta/c1408_-3480_-376.hdr.vtf,76528,76528
materials/maps/de_arizona_csbeta/c1408_-3480_-376.vtf,28753,28753
materials/maps/de_arizona_csbeta/c1416_-1424_-200.hdr.vtf,76528,76528
materials/maps/de_arizona_csbeta/c1416_-1424_-200.vtf,28753,28753
materials/maps/de_arizona_csbeta/c1424_-1416_-48.hdr.vtf,76528,76528
materials/maps/de_arizona_csbeta/c1424_-1416_-48.vtf,28753,28753
materials/maps/de_arizona_csbeta/c1424_-3040_-312.hdr.vtf,76528,76528
materials/maps/de_arizona_csbeta/c1424_-3040_-312.vtf,28753,28753
materials/maps/de_arizona_csbeta/c1436_-1404_-212.hdr.vtf,76528,76528
materials/maps/de_arizona_csbeta/c1436_-1404_-212.vtf,28753,28753
materials/maps/de_arizona_csbeta/c1440_-1536_-168.hdr.vtf,76528,76528
materials/maps/de_arizona_csbeta/c1440_-1536_-168.vtf,28753,28753
materials/maps/de_arizona_csbeta/c1440_-2592_-224.hdr.vtf,76528,76528
materials/maps/de_arizona_csbeta/c1440_-2592_-224.vtf,28753,28753
materials/maps/de_arizona_csbeta/c1456_-1488_-200.hdr.vtf,76528,76528
materials/maps/de_arizona_csbeta/c1456_-1488_-200.vtf,28753,28753
materials/maps/de_arizona_csbeta/c1472_-1256_-200.hdr.vtf,76528,76528
materials/maps/de_arizona_csbeta/c1472_-1256_-200.vtf,28753,28753
materials/maps/de_arizona_csbeta/c1488_-1368_-200.hdr.vtf,76528,76528
materials/maps/de_arizona_csbeta/c1488_-1368_-200.vtf,28753,28753
materials/maps/de_arizona_csbeta/c1488_-2528_-184.hdr.vtf,76528,76528
materials/maps/de_arizona_csbeta/c1488_-2528_-184.vtf,28753,28753
materials/maps/de_arizona_csbeta/c1504_-1952_-184.hdr.vtf,76528,76528
materials/maps/de_arizona_csbeta/c1504_-1952_-184.vtf,28753,28753
materials/maps/de_arizona_csbeta/c1504_-2744_-184.hdr.vtf,76528,76528
materials/maps/de_arizona_csbeta/c1504_-2744_-184.vtf,28753,28753
materials/maps/de_arizona_csbeta/c1512_-2336_-176.hdr.vtf,76528,76528
materials/maps/de_arizona_csbeta/c1512_-2336_-176.vtf,28753,28753
materials/maps/de_arizona_csbeta/c1552_-2080_-184.hdr.vtf,76528,76528
materials/maps/de_arizona_csbeta/c1552_-2080_-184.vtf,28753,28753
materials/maps/de_arizona_csbeta/c1552_-3672_-376.hdr.vtf,76528,76528
materials/maps/de_arizona_csbeta/c1552_-3672_-376.vtf,28753,28753
materials/maps/de_arizona_csbeta/c160_-1584_-968.hdr.vtf,76528,76528
materials/maps/de_arizona_csbeta/c160_-1584_-968.vtf,28753,28753
materials/maps/de_arizona_csbeta/c160_-2624_-968.hdr.vtf,76528,76528
materials/maps/de_arizona_csbeta/c160_-2624_-968.vtf,28753,28753
materials/maps/de_arizona_csbeta/c1640_-3680_-376.hdr.vtf,76528,76528
materials/maps/de_arizona_csbeta/c1640_-3680_-376.vtf,28753,28753
materials/maps/de_arizona_csbeta/c1648_-2328_-120.hdr.vtf,76528,76528
materials/maps/de_arizona_csbeta/c1648_-2328_-120.vtf,28753,28753
materials/maps/de_arizona_csbeta/c1664_-2432_-184.hdr.vtf,76528,76528
materials/maps/de_arizona_csbeta/c1664_-2432_-184.vtf,28753,28753
materials/maps/de_arizona_csbeta/c1680_-2200_-184.hdr.vtf,76528,76528
materials/maps/de_arizona_csbeta/c1680_-2200_-184.vtf,28753,28753
materials/maps/de_arizona_csbeta/c1744_-2328_-96.hdr.vtf,76528,76528
materials/maps/de_arizona_csbeta/c1744_-2328_-96.vtf,28753,28753
materials/maps/de_arizona_csbeta/c176_-1152_-968.hdr.vtf,76528,76528
materials/maps/de_arizona_csbeta/c176_-1152_-968.vtf,28753,28753
materials/maps/de_arizona_csbeta/c176_-1456_-968.hdr.vtf,76528,76528
materials/maps/de_arizona_csbeta/c176_-1456_-968.vtf,28753,28753
materials/maps/de_arizona_csbeta/c184_-1248_-968.hdr.vtf,76528,76528
materials/maps/de_arizona_csbeta/c184_-1248_-968.vtf,28753,28753
materials/maps/de_arizona_csbeta/c184_-1360_-968.hdr.vtf,76528,76528
materials/maps/de_arizona_csbeta/c184_-1360_-968.vtf,28753,28753
materials/maps/de_arizona_csbeta/c1896_-2328_-184.hdr.vtf,76528,76528
materials/maps/de_arizona_csbeta/c1896_-2328_-184.vtf,28753,28753
materials/maps/de_arizona_csbeta/c1904_-3672_-376.hdr.vtf,76528,76528
materials/maps/de_arizona_csbeta/c1904_-3672_-376.vtf,28753,28753
materials/maps/de_arizona_csbeta/c192_-2000_-160.hdr.vtf,76528,76528
materials/maps/de_arizona_csbeta/c192_-2000_-160.vtf,28753,28753
materials/maps/de_arizona_csbeta/c192_-2088_-184.hdr.vtf,76528,76528
materials/maps/de_arizona_csbeta/c192_-2088_-184.vtf,28753,28753
materials/maps/de_arizona_csbeta/c192_-2088_-324.hdr.vtf,76528,76528
materials/maps/de_arizona_csbeta/c192_-2088_-324.vtf,28753,28753
materials/maps/de_arizona_csbeta/c192_-2172_-160.hdr.vtf,76528,76528
materials/maps/de_arizona_csbeta/c192_-2172_-160.vtf,28753,28753
materials/maps/de_arizona_csbeta/c200_-3664_-376.hdr.vtf,76528,76528
materials/maps/de_arizona_csbeta/c200_-3664_-376.vtf,28753,28753
materials/maps/de_arizona_csbeta/c2032_-3592_-376.hdr.vtf,76528,76528
materials/maps/de_arizona_csbeta/c2032_-3592_-376.vtf,28753,28753
materials/maps/de_arizona_csbeta/c2064_-2400_-184.hdr.vtf,76528,76528
materials/maps/de_arizona_csbeta/c2064_-2400_-184.vtf,28753,28753
materials/maps/de_arizona_csbeta/c2080_-3432_-376.hdr.vtf,76528,76528
materials/maps/de_arizona_csbeta/c2080_-3432_-376.vtf,28753,28753
materials/maps/de_arizona_csbeta/c2120_-2592_-184.hdr.vtf,76528,76528
materials/maps/de_arizona_csbeta/c2120_-2592_-184.vtf,28753,28753
materials/maps/de_arizona_csbeta/c2168_-2312_-176.hdr.vtf,76528,76528
materials/maps/de_arizona_csbeta/c2168_-2312_-176.vtf,28753,28753
materials/maps/de_arizona_csbeta/c224_-1672_-968.hdr.vtf,76528,76528
materials/maps/de_arizona_csbeta/c224_-1672_-968.vtf,28753,28753
materials/maps/de_arizona_csbeta/c240_-2336_-968.hdr.vtf,76528,76528
materials/maps/de_arizona_csbeta/c240_-2336_-968.vtf,28753,28753
materials/maps/de_arizona_csbeta/c248_-1848_-968.hdr.vtf,76528,76528
materials/maps/de_arizona_csbeta/c248_-1848_-968.vtf,28753,28753
materials/maps/de_arizona_csbeta/c248_-2032_-968.hdr.vtf,76528,76528
materials/maps/de_arizona_csbeta/c248_-2032_-968.vtf,28753,28753
materials/maps/de_arizona_csbeta/c248_-2208_-968.hdr.vtf,76528,76528
materials/maps/de_arizona_csbeta/c248_-2208_-968.vtf,28753,28753
materials/maps/de_arizona_csbeta/c248_-2528_-968.hdr.vtf,76528,76528
materials/maps/de_arizona_csbeta/c248_-2528_-968.vtf,28753,28753
materials/maps/de_arizona_csbeta/c256_-2440_-968.hdr.vtf,76528,76528
materials/maps/de_arizona_csbeta/c256_-2440_-968.vtf,28753,28753
materials/maps/de_arizona_csbeta/c288_-144_-200.hdr.vtf,76528,76528
materials/maps/de_arizona_csbeta/c288_-144_-200.vtf,28753,28753
materials/maps/de_arizona_csbeta/c28_-2000_-160.hdr.vtf,76528,76528
materials/maps/de_arizona_csbeta/c28_-2000_-160.vtf,28753,28753
materials/maps/de_arizona_csbeta/c28_-2088_-184.hdr.vtf,76528,76528
materials/maps/de_arizona_csbeta/c28_-2088_-184.vtf,28753,28753
materials/maps/de_arizona_csbeta/c28_-2088_-324.hdr.vtf,76528,76528
materials/maps/de_arizona_csbeta/c28_-2088_-324.vtf,28753,28753
materials/maps/de_arizona_csbeta/c28_-2172_-160.hdr.vtf,76528,76528
materials/maps/de_arizona_csbeta/c28_-2172_-160.vtf,28753,28753
materials/maps/de_arizona_csbeta/c300_-768_-652.hdr.vtf,76528,76528
materials/maps/de_arizona_csbeta/c300_-768_-652.vtf,28753,28753
materials/maps/de_arizona_csbeta/c32_-1632_-288.hdr.vtf,76528,76528
materials/maps/de_arizona_csbeta/c32_-1632_-288.vtf,28753,28753
materials/maps/de_arizona_csbeta/c336_-2000_-160.hdr.vtf,76528,76528
materials/maps/de_arizona_csbeta/c336_-2000_-160.vtf,28753,28753
materials/maps/de_arizona_csbeta/c336_-2088_-184.hdr.vtf,76528,76528
materials/maps/de_arizona_csbeta/c336_-2088_-184.vtf,28753,28753
materials/maps/de_arizona_csbeta/c336_-2088_-324.hdr.vtf,76528,76528
materials/maps/de_arizona_csbeta/c336_-2088_-324.vtf,28753,28753
materials/maps/de_arizona_csbeta/c336_-2172_-160.hdr.vtf,76528,76528
materials/maps/de_arizona_csbeta/c336_-2172_-160.vtf,28753,28753
materials/maps/de_arizona_csbeta/c384_-3672_-376.hdr.vtf,76528,76528
materials/maps/de_arizona_csbeta/c384_-3672_-376.vtf,28753,28753
materials/maps/de_arizona_csbeta/c40_-1016_-968.hdr.vtf,76528,76528
materials/maps/de_arizona_csbeta/c40_-1016_-968.vtf,28753,28753
materials/maps/de_arizona_csbeta/c448_-32_-184.hdr.vtf,76528,76528
materials/maps/de_arizona_csbeta/c448_-32_-184.vtf,28753,28753
materials/maps/de_arizona_csbeta/c460_-844_-652.hdr.vtf,76528,76528
materials/maps/de_arizona_csbeta/c460_-844_-652.vtf,28753,28753
materials/maps/de_arizona_csbeta/c464_-2072_-336.hdr.vtf,76528,76528
materials/maps/de_arizona_csbeta/c464_-2072_-336.vtf,28753,28753
materials/maps/de_arizona_csbeta/c480_-2096_-184.hdr.vtf,76528,76528
materials/maps/de_arizona_csbeta/c480_-2096_-184.vtf,28753,28753
materials/maps/de_arizona_csbeta/c48_-1488_-264.hdr.vtf,76528,76528
materials/maps/de_arizona_csbeta/c48_-1488_-264.vtf,28753,28753
materials/maps/de_arizona_csbeta/c512_-3632_-376.hdr.vtf,76528,76528
materials/maps/de_arizona_csbeta/c512_-3632_-376.vtf,28753,28753
materials/maps/de_arizona_csbeta/c544_-3472_-272.hdr.vtf,76528,76528
materials/maps/de_arizona_csbeta/c544_-3472_-272.vtf,28753,28753
materials/maps/de_arizona_csbeta/c544_96_-184.hdr.vtf,76528,76528
materials/maps/de_arizona_csbeta/c544_96_-184.vtf,28753,28753
materials/maps/de_arizona_csbeta/c560_-3424_-224.hdr.vtf,76528,76528
materials/maps/de_arizona_csbeta/c560_-3424_-224.vtf,28753,28753
materials/maps/de_arizona_csbeta/c56_-3584_-376.hdr.vtf,76528,76528
materials/maps/de_arizona_csbeta/c56_-3584_-376.vtf,28753,28753
materials/maps/de_arizona_csbeta/c584_-3184_-272.hdr.vtf,76528,76528
materials/maps/de_arizona_csbeta/c584_-3184_-272.vtf,28753,28753
materials/maps/de_arizona_csbeta/c592_-3632_-304.hdr.vtf,76528,76528
materials/maps/de_arizona_csbeta/c592_-3632_-304.vtf,28753,28753
materials/maps/de_arizona_csbeta/c608_-2080_-344.hdr.vtf,76528,76528
materials/maps/de_arizona_csbeta/c608_-2080_-344.vtf,28753,28753
materials/maps/de_arizona_csbeta/c616_-2272_-344.hdr.vtf,76528,76528
materials/maps/de_arizona_csbeta/c616_-2272_-344.vtf,28753,28753
materials/maps/de_arizona_csbeta/c616_-3760_-376.hdr.vtf,76528,76528
materials/maps/de_arizona_csbeta/c616_-3760_-376.vtf,28753,28753
materials/maps/de_arizona_csbeta/c624_-3120_-208.hdr.vtf,76528,76528
materials/maps/de_arizona_csbeta/c624_-3120_-208.vtf,28753,28753
materials/maps/de_arizona_csbeta/c630_-1014_-652.hdr.vtf,76528,76528
materials/maps/de_arizona_csbeta/c630_-1014_-652.vtf,28753,28753
materials/maps/de_arizona_csbeta/c640_-3312_-168.hdr.vtf,76528,76528
materials/maps/de_arizona_csbeta/c640_-3312_-168.vtf,28753,28753
materials/maps/de_arizona_csbeta/c640_-3312_-272.hdr.vtf,76528,76528
materials/maps/de_arizona_csbeta/c640_-3312_-272.vtf,28753,28753
materials/maps/de_arizona_csbeta/c640_160_-184.hdr.vtf,76528,76528
materials/maps/de_arizona_csbeta/c640_160_-184.vtf,28753,28753
materials/maps/de_arizona_csbeta/c656_-1944_-344.hdr.vtf,76528,76528
materials/maps/de_arizona_csbeta/c656_-1944_-344.vtf,28753,28753
materials/maps/de_arizona_csbeta/c656_-3448_-272.hdr.vtf,76528,76528
materials/maps/de_arizona_csbeta/c656_-3448_-272.vtf,28753,28753
materials/maps/de_arizona_csbeta/c688_-3008_-272.hdr.vtf,76528,76528
materials/maps/de_arizona_csbeta/c688_-3008_-272.vtf,28753,28753
materials/maps/de_arizona_csbeta/c688_-3632_-288.hdr.vtf,76528,76528
materials/maps/de_arizona_csbeta/c688_-3632_-288.vtf,28753,28753
materials/maps/de_arizona_csbeta/c696_-1280_-376.hdr.vtf,76528,76528
materials/maps/de_arizona_csbeta/c696_-1280_-376.vtf,28753,28753
materials/maps/de_arizona_csbeta/c704_-3168_-272.hdr.vtf,76528,76528
materials/maps/de_arizona_csbeta/c704_-3168_-272.vtf,28753,28753
materials/maps/de_arizona_csbeta/c720_-2080_-184.hdr.vtf,76528,76528
materials/maps/de_arizona_csbeta/c720_-2080_-184.vtf,28753,28753
materials/maps/de_arizona_csbeta/c728_-1504_-184.hdr.vtf,76528,76528
materials/maps/de_arizona_csbeta/c728_-1504_-184.vtf,28753,28753
materials/maps/de_arizona_csbeta/c728_-3264_-240.hdr.vtf,76528,76528
materials/maps/de_arizona_csbeta/c728_-3264_-240.vtf,28753,28753
materials/maps/de_arizona_csbeta/c728_-480_-184.hdr.vtf,76528,76528
materials/maps/de_arizona_csbeta/c728_-480_-184.vtf,28753,28753
materials/maps/de_arizona_csbeta/c72_-2704_-968.hdr.vtf,76528,76528
materials/maps/de_arizona_csbeta/c72_-2704_-968.vtf,28753,28753
materials/maps/de_arizona_csbeta/c736_-1376_-376.hdr.vtf,76528,76528
materials/maps/de_arizona_csbeta/c736_-1376_-376.vtf,28753,28753
materials/maps/de_arizona_csbeta/c736_-1384_-200.hdr.vtf,76528,76528
materials/maps/de_arizona_csbeta/c736_-1384_-200.vtf,28753,28753
materials/maps/de_arizona_csbeta/c736_-2400_-336.hdr.vtf,76528,76528
materials/maps/de_arizona_csbeta/c736_-2400_-336.vtf,28753,28753
materials/maps/de_arizona_csbeta/c736_-592_-208.hdr.vtf,76528,76528
materials/maps/de_arizona_csbeta/c736_-592_-208.vtf,28753,28753
materials/maps/de_arizona_csbeta/c736_-960_-328.hdr.vtf,76528,76528
materials/maps/de_arizona_csbeta/c736_-960_-328.vtf,28753,28753
materials/maps/de_arizona_csbeta/c744_-1504_-376.hdr.vtf,76528,76528
materials/maps/de_arizona_csbeta/c744_-1504_-376.vtf,28753,28753
materials/maps/de_arizona_csbeta/c752_-3360_-272.hdr.vtf,76528,76528
materials/maps/de_arizona_csbeta/c752_-3360_-272.vtf,28753,28753
materials/maps/de_arizona_csbeta/c752_-760_-256.hdr.vtf,76528,76528
materials/maps/de_arizona_csbeta/c752_-760_-256.vtf,28753,28753
materials/maps/de_arizona_csbeta/c768_-1160_-368.hdr.vtf,76528,76528
materials/maps/de_arizona_csbeta/c768_-1160_-368.vtf,28753,28753
materials/maps/de_arizona_csbeta/c768_-3624_-312.hdr.vtf,76528,76528
materials/maps/de_arizona_csbeta/c768_-3624_-312.vtf,28753,28753
materials/maps/de_arizona_csbeta/c768_-368_-184.hdr.vtf,76528,76528
materials/maps/de_arizona_csbeta/c768_-368_-184.vtf,28753,28753
materials/maps/de_arizona_csbeta/c800_-1184_-652.hdr.vtf,76528,76528
materials/maps/de_arizona_csbeta/c800_-1184_-652.vtf,28753,28753
materials/maps/de_arizona_csbeta/c800_-1280_-272.hdr.vtf,76528,76528
materials/maps/de_arizona_csbeta/c800_-1280_-272.vtf,28753,28753
materials/maps/de_arizona_csbeta/c800_-1800_-344.hdr.vtf,76528,76528
materials/maps/de_arizona_csbeta/c800_-1800_-344.vtf,28753,28753
materials/maps/de_arizona_csbeta/c816_-3768_-376.hdr.vtf,76528,76528
materials/maps/de_arizona_csbeta/c816_-3768_-376.vtf,28753,28753
materials/maps/de_arizona_csbeta/c816_-424_-104.hdr.vtf,76528,76528
materials/maps/de_arizona_csbeta/c816_-424_-104.vtf,28753,28753
materials/maps/de_arizona_csbeta/c816_152_-184.hdr.vtf,76528,76528
materials/maps/de_arizona_csbeta/c816_152_-184.vtf,28753,28753
materials/maps/de_arizona_csbeta/c824_-1432_-184.hdr.vtf,76528,76528
materials/maps/de_arizona_csbeta/c824_-1432_-184.vtf,28753,28753
materials/maps/de_arizona_csbeta/c824_-1640_-360.hdr.vtf,76528,76528
materials/maps/de_arizona_csbeta/c824_-1640_-360.vtf,28753,28753
materials/maps/de_arizona_csbeta/c832_-1520_-144.hdr.vtf,76528,76528
materials/maps/de_arizona_csbeta/c832_-1520_-144.vtf,28753,28753
materials/maps/de_arizona_csbeta/c840_-3144_-400.hdr.vtf,76528,76528
materials/maps/de_arizona_csbeta/c840_-3144_-400.vtf,28753,28753
materials/maps/de_arizona_csbeta/c840_-3272_-328.hdr.vtf,76528,76528
materials/maps/de_arizona_csbeta/c840_-3272_-328.vtf,28753,28753
materials/maps/de_arizona_csbeta/c848_-1376_-376.hdr.vtf,76528,76528
materials/maps/de_arizona_csbeta/c848_-1376_-376.vtf,28753,28753
materials/maps/de_arizona_csbeta/c848_-1584_-184.hdr.vtf,76528,76528
materials/maps/de_arizona_csbeta/c848_-1584_-184.vtf,28753,28753
materials/maps/de_arizona_csbeta/c84_-768_-652.hdr.vtf,76528,76528
materials/maps/de_arizona_csbeta/c84_-768_-652.vtf,28753,28753
materials/maps/de_arizona_csbeta/c864_-2976_-272.hdr.vtf,76528,76528
materials/maps/de_arizona_csbeta/c864_-2976_-272.vtf,28753,28753
materials/maps/de_arizona_csbeta/c864_-3632_-376.hdr.vtf,76528,76528
materials/maps/de_arizona_csbeta/c864_-3632_-376.vtf,28753,28753
materials/maps/de_arizona_csbeta/c872_-1288_-328.hdr.vtf,76528,76528
materials/maps/de_arizona_csbeta/c872_-1288_-328.vtf,28753,28753
materials/maps/de_arizona_csbeta/c872_-1376_-208.hdr.vtf,76528,76528
materials/maps/de_arizona_csbeta/c872_-1376_-208.vtf,28753,28753
materials/maps/de_arizona_csbeta/c880_-1224_-376.hdr.vtf,76528,76528
materials/maps/de_arizona_csbeta/c880_-1224_-376.vtf,28753,28753
materials/maps/de_arizona_csbeta/c884_-1268_-652.hdr.vtf,76528,76528
materials/maps/de_arizona_csbeta/c884_-1268_-652.vtf,28753,28753
materials/maps/de_arizona_csbeta/c888_-1696_-184.hdr.vtf,76528,76528
materials/maps/de_arizona_csbeta/c888_-1696_-184.vtf,28753,28753
materials/maps/de_arizona_csbeta/c888_-3248_-376.hdr.vtf,76528,76528
materials/maps/de_arizona_csbeta/c888_-3248_-376.vtf,28753,28753
materials/maps/de_arizona_csbeta/c904_72_-184.hdr.vtf,76528,76528
materials/maps/de_arizona_csbeta/c904_72_-184.vtf,28753,28753
materials/maps/de_arizona_csbeta/c912_-2248_-184.hdr.vtf,76528,76528
materials/maps/de_arizona_csbeta/c912_-2248_-184.vtf,28753,28753
materials/maps/de_arizona_csbeta/c912_-256_-184.hdr.vtf,76528,76528
materials/maps/de_arizona_csbeta/c912_-256_-184.vtf,28753,28753
materials/maps/de_arizona_csbeta/c912_-384_-184.hdr.vtf,76528,76528
materials/maps/de_arizona_csbeta/c912_-384_-184.vtf,28753,28753
materials/maps/de_arizona_csbeta/c928_-2416_-336.hdr.vtf,76528,76528
materials/maps/de_arizona_csbeta/c928_-2416_-336.vtf,28753,28753
materials/maps/de_arizona_csbeta/c928_-96_-184.hdr.vtf,76528,76528
materials/maps/de_arizona_csbeta/c928_-96_-184.vtf,28753,28753
materials/maps/de_arizona_csbeta/c936_-1296_-360.hdr.vtf,76528,76528
materials/maps/de_arizona_csbeta/c936_-1296_-360.vtf,28753,28753
materials/maps/de_arizona_csbeta/c944_-1296_-216.hdr.vtf,76528,76528
materials/maps/de_arizona_csbeta/c944_-1296_-216.vtf,28753,28753
materials/maps/de_arizona_csbeta/c944_-1552_-184.hdr.vtf,76528,76528
materials/maps/de_arizona_csbeta/c944_-1552_-184.vtf,28753,28753
materials/maps/de_arizona_csbeta/c944_-1792_-184.hdr.vtf,76528,76528
materials/maps/de_arizona_csbeta/c944_-1792_-184.vtf,28753,28753
materials/maps/de_arizona_csbeta/c960_-1408_-176.hdr.vtf,76528,76528
materials/maps/de_arizona_csbeta/c960_-1408_-176.vtf,28753,28753
materials/maps/de_arizona_csbeta/c976_-3408_-392.hdr.vtf,76528,76528
materials/maps/de_arizona_csbeta/c976_-3408_-392.vtf,28753,28753
materials/maps/de_arizona_csbeta/c992_-1312_-652.hdr.vtf,76528,76528
materials/maps/de_arizona_csbeta/c992_-1312_-652.vtf,28753,28753
materials/maps/de_arizona_csbeta/cstrike/cstrike_me4metl_-40_-3704_-368.vmt,143,143
materials/maps/de_arizona_csbeta/cstrike/cstrike_me4metl_1024_-2536_-344.vmt,144,144
materials/maps/de_arizona_csbeta/cstrike/cstrike_me4metl_1024_-2704_-376.vmt,144,144
materials/maps/de_arizona_csbeta/cstrike/cstrike_me4metl_1032_-2888_-400.vmt,144,144
materials/maps/de_arizona_csbeta/cstrike/cstrike_me4metl_1032_-3000_-408.vmt,144,144
materials/maps/de_arizona_csbeta/cstrike/cstrike_me4metl_1056_-3664_-376.vmt,144,144
materials/maps/de_arizona_csbeta/cstrike/cstrike_me4metl_1064_-3784_-368.vmt,144,144
materials/maps/de_arizona_csbeta/cstrike/cstrike_me4metl_1080_-2352_-184.vmt,144,144
materials/maps/de_arizona_csbeta/cstrike/cstrike_me4metl_1184_-2416_-144.vmt,144,144
materials/maps/de_arizona_csbeta/cstrike/cstrike_me4metl_1224_-2520_-72.vmt,143,143
materials/maps/de_arizona_csbeta/cstrike/cstrike_me4metl_1312_-2336_-176.vmt,144,144
materials/maps/de_arizona_csbeta/cstrike/cstrike_me4metl_1328_-3008_-208.vmt,144,144
materials/maps/de_arizona_csbeta/cstrike/cstrike_me4metl_1552_-3672_-376.vmt,144,144
materials/maps/de_arizona_csbeta/cstrike/cstrike_me4metl_1640_-3680_-376.vmt,144,144
materials/maps/de_arizona_csbeta/cstrike/cstrike_me4metl_1664_-2432_-184.vmt,144,144
materials/maps/de_arizona_csbeta/cstrike/cstrike_me4metl_1744_-2328_-96.vmt,143,143
materials/maps/de_arizona_csbeta/cstrike/cstrike_me4metl_1896_-2328_-184.vmt,144,144
materials/maps/de_arizona_csbeta/cstrike/cstrike_me4metl_336_-2000_-160.vmt,143,143
materials/maps/de_arizona_csbeta/cstrike/cstrike_me4metl_336_-2172_-160.vmt,143,143
materials/maps/de_arizona_csbeta/cstrike/cstrike_me4metl_464_-2072_-336.vmt,143,143
materials/maps/de_arizona_csbeta/cstrike/cstrike_me4metl_480_-2096_-184.vmt,143,143
materials/maps/de_arizona_csbeta/cstrike/cstrike_me4metl_512_-3632_-376.vmt,143,143
materials/maps/de_arizona_csbeta/cstrike/cstrike_me4metl_544_-3472_-272.vmt,143,143
materials/maps/de_arizona_csbeta/cstrike/cstrike_me4metl_56_-3584_-376.vmt,142,142
materials/maps/de_arizona_csbeta/cstrike/cstrike_me4metl_592_-3632_-304.vmt,143,143
materials/maps/de_arizona_csbeta/cstrike/cstrike_me4metl_608_-2080_-344.vmt,143,143
materials/maps/de_arizona_csbeta/cstrike/cstrike_me4metl_616_-2272_-344.vmt,143,143
materials/maps/de_arizona_csbeta/cstrike/cstrike_me4metl_616_-3760_-376.vmt,143,143
materials/maps/de_arizona_csbeta/cstrike/cstrike_me4metl_656_-1944_-344.vmt,143,143
materials/maps/de_arizona_csbeta/cstrike/cstrike_me4metl_688_-3632_-288.vmt,143,143
materials/maps/de_arizona_csbeta/cstrike/cstrike_me4metl_720_-2080_-184.vmt,143,143
materials/maps/de_arizona_csbeta/cstrike/cstrike_me4metl_728_-1504_-184.vmt,143,143
materials/maps/de_arizona_csbeta/cstrike/cstrike_me4metl_736_-1376_-376.vmt,143,143
materials/maps/de_arizona_csbeta/cstrike/cstrike_me4metl_736_-2400_-336.vmt,143,143
materials/maps/de_arizona_csbeta/cstrike/cstrike_me4metl_744_-1504_-376.vmt,143,143
materials/maps/de_arizona_csbeta/cstrike/cstrike_me4metl_768_-3624_-312.vmt,143,143
materials/maps/de_arizona_csbeta/cstrike/cstrike_me4metl_800_-1800_-344.vmt,143,143
materials/maps/de_arizona_csbeta/cstrike/cstrike_me4metl_824_-1640_-360.vmt,143,143
materials/maps/de_arizona_csbeta/cstrike/cstrike_me4metl_864_-2976_-272.vmt,143,143
materials/maps/de_arizona_csbeta/cstrike/cstrike_me4metl_864_-3632_-376.vmt,143,143
materials/maps/de_arizona_csbeta/cstrike/cstrike_me4metl_888_-1696_-184.vmt,143,143
materials/maps/de_arizona_csbeta/cstrike/cstrike_me4metl_912_-2248_-184.vmt,143,143
materials/maps/de_arizona_csbeta/cstrike/cstrike_me4metl_928_-2416_-336.vmt,143,143
materials/maps/de_arizona_csbeta/cstrike/cstrike_oe4pnl_1328_-1312_-200.vmt,143,143
materials/maps/de_arizona_csbeta/cstrike/cstrike_oe4pnl_1328_-1376_-200.vmt,143,143
materials/maps/de_arizona_csbeta/cstrike/cstrike_oe4vent_-1216_-1184_-184.vmt,145,145
materials/maps/de_arizona_csbeta/cstrike/cstrike_oe4vent_-1448_-1184_-152.vmt,145,145
materials/maps/de_arizona_csbeta/cstrike/cstrike_oe4vent_-416_-1984_-184.vmt,144,144
materials/maps/de_arizona_csbeta/cstrike/cstrike_oe4vent_-416_-2208_-152.vmt,144,144
materials/maps/de_arizona_csbeta/cstrike/cstrike_oe4vent_1216_-1288_-200.vmt,144,144
materials/maps/de_arizona_csbeta/cubemapdefault.hdr.vtf,76528,76528
materials/maps/de_arizona_csbeta/cubemapdefault.vtf,28753,28753
materials/maps/de_arizona_csbeta/halflife/+0button4_-1072_-1120_-184.vmt,163,163
materials/maps/de_arizona_csbeta/halflife/+0button4_-976_-1216_-648.vmt,162,162
materials/maps/de_arizona_csbeta/halflife/+0~tnnl_lgt4_-1072_-1120_-184.vmt,166,166
materials/maps/de_arizona_csbeta/halflife/+0~tnnl_lgt4_-1072_-1248_-184.vmt,166,166
materials/maps/de_arizona_csbeta/halflife/+0~tnnl_lgt4_-1148_-1721_-184.vmt,166,166
materials/maps/de_arizona_csbeta/halflife/+0~tnnl_lgt4_-1247_-1483_-184.vmt,166,166
materials/maps/de_arizona_csbeta/halflife/+0~tnnl_lgt4_-1320_-1184_-184.vmt,166,166
materials/maps/de_arizona_csbeta/halflife/+0~tnnl_lgt4_-1320_-928_-184.vmt,165,165
materials/maps/de_arizona_csbeta/halflife/+0~tnnl_lgt4_-160_-2088_-184.vmt,165,165
materials/maps/de_arizona_csbeta/halflife/+0~tnnl_lgt4_-416_-2088_-184.vmt,165,165
materials/maps/de_arizona_csbeta/halflife/+0~tnnl_lgt4_-716_-2014_-184.vmt,165,165
materials/maps/de_arizona_csbeta/halflife/+0~tnnl_lgt4_-800_-1216_-648.vmt,165,165
materials/maps/de_arizona_csbeta/halflife/+0~tnnl_lgt4_-953_-1916_-184.vmt,165,165
materials/maps/de_arizona_csbeta/halflife/+0~tnnl_lgt4_-976_-1216_-648.vmt,165,165
materials/maps/de_arizona_csbeta/halflife/+0~tnnl_lgt4_1352_-1504_-200.vmt,165,165
materials/maps/de_arizona_csbeta/halflife/+0~tnnl_lgt4_1416_-1424_-200.vmt,165,165
materials/maps/de_arizona_csbeta/halflife/ammo01_-1036_-1184_-304.vmt,137,137
materials/maps/de_arizona_csbeta/halflife/ammo01_-1320_-1184_-184.vmt,137,137
materials/maps/de_arizona_csbeta/halflife/ammo01_-1448_-1184_-152.vmt,137,137
materials/maps/de_arizona_csbeta/halflife/ammo01_-160_-2088_-184.vmt,136,136
materials/maps/de_arizona_csbeta/halflife/ammo01_-2024_-1040_-120.vmt,137,137
materials/maps/de_arizona_csbeta/halflife/ammo01_-416_-2088_-184.vmt,136,136
materials/maps/de_arizona_csbeta/halflife/ammo01_-416_-2208_-152.vmt,136,136
materials/maps/de_arizona_csbeta/halflife/ammo01_0_-2224_-328.vmt,133,133
materials/maps/de_arizona_csbeta/halflife/ammo01_1048_-3232_-400.vmt,136,136
materials/maps/de_arizona_csbeta/halflife/ammo01_1456_-1488_-200.vmt,136,136
materials/maps/de_arizona_csbeta/halflife/ammo01_512_-3632_-376.vmt,135,135
materials/maps/de_arizona_csbeta/halflife/ammo01_560_-3424_-224.vmt,135,135
materials/maps/de_arizona_csbeta/halflife/ammo01_592_-3632_-304.vmt,135,135
materials/maps/de_arizona_csbeta/halflife/ammo01_640_-3312_-272.vmt,135,135
materials/maps/de_arizona_csbeta/halflife/ammo01_704_-3168_-272.vmt,135,135
materials/maps/de_arizona_csbeta/halflife/ammo01_752_-3360_-272.vmt,135,135
materials/maps/de_arizona_csbeta/halflife/ammo01_840_-3144_-400.vmt,135,135
materials/maps/de_arizona_csbeta/halflife/ammo01_840_-3272_-328.vmt,135,135
materials/maps/de_arizona_csbeta/halflife/ammo02_-1448_-1184_-152.vmt,137,137
materials/maps/de_arizona_csbeta/halflife/ammo02_-2024_-1040_-120.vmt,137,137
materials/maps/de_arizona_csbeta/halflife/ammo02_-416_-2088_-184.vmt,136,136
materials/maps/de_arizona_csbeta/halflife/ammo02_-416_-2208_-152.vmt,136,136
materials/maps/de_arizona_csbeta/halflife/ammo02_0_-2224_-328.vmt,133,133
materials/maps/de_arizona_csbeta/halflife/ammo02_1456_-1488_-200.vmt,136,136
materials/maps/de_arizona_csbeta/halflife/ammo02_640_-3312_-272.vmt,135,135
materials/maps/de_arizona_csbeta/halflife/ammo02_728_-3264_-240.vmt,135,135
materials/maps/de_arizona_csbeta/halflife/ammo02_888_-3248_-376.vmt,135,135
materials/maps/de_arizona_csbeta/halflife/ammo03_-1247_-1483_-184.vmt,137,137
materials/maps/de_arizona_csbeta/halflife/ammo03_-1320_-928_-184.vmt,136,136
materials/maps/de_arizona_csbeta/halflife/ammo03_-1448_-1184_-152.vmt,137,137
materials/maps/de_arizona_csbeta/halflife/ammo03_-160_-2088_-184.vmt,136,136
materials/maps/de_arizona_csbeta/halflife/ammo03_-2024_-1040_-120.vmt,137,137
materials/maps/de_arizona_csbeta/halflife/ammo03_-416_-2088_-184.vmt,136,136
materials/maps/de_arizona_csbeta/halflife/ammo03_-416_-2208_-152.vmt,136,136
materials/maps/de_arizona_csbeta/halflife/ammo03_-716_-2014_-184.vmt,136,136
materials/maps/de_arizona_csbeta/halflife/ammo03_1352_-1504_-200.vmt,136,136
materials/maps/de_arizona_csbeta/halflife/ammo03_1488_-1368_-200.vmt,136,136
materials/maps/de_arizona_csbeta/halflife/ammo03_640_-3312_-272.vmt,135,135
materials/maps/de_arizona_csbeta/halflife/ammo03_704_-3168_-272.vmt,135,135
materials/maps/de_arizona_csbeta/halflife/ammo03_752_-3360_-272.vmt,135,135
materials/maps/de_arizona_csbeta/halflife/ammo03_840_-3144_-400.vmt,135,135
materials/maps/de_arizona_csbeta/halflife/ammo03_840_-3272_-328.vmt,135,135
materials/maps/de_arizona_csbeta/halflife/ammo04_-1320_-928_-184.vmt,136,136
materials/maps/de_arizona_csbeta/halflife/ammo04_-1448_-1184_-152.vmt,137,137
materials/maps/de_arizona_csbeta/halflife/ammo04_-160_-2088_-184.vmt,136,136
materials/maps/de_arizona_csbeta/halflife/ammo04_-2024_-1040_-120.vmt,137,137
materials/maps/de_arizona_csbeta/halflife/ammo04_-416_-2208_-152.vmt,136,136
materials/maps/de_arizona_csbeta/halflife/ammo04_560_-3424_-224.vmt,135,135
materials/maps/de_arizona_csbeta/halflife/ammo04_640_-3312_-272.vmt,135,135
materials/maps/de_arizona_csbeta/halflife/ammo04_752_-3360_-272.vmt,135,135
materials/maps/de_arizona_csbeta/halflife/basetrim02_128_-2128_-968.vmt,139,139
materials/maps/de_arizona_csbeta/halflife/basetrim02_248_-2032_-968.vmt,139,139
materials/maps/de_arizona_csbeta/halflife/crete2_flr03c_-1036_-1184_-304.vmt,144,144
materials/maps/de_arizona_csbeta/halflife/crete2_flr03c_-1072_-1120_-184.vmt,144,144
materials/maps/de_arizona_csbeta/halflife/crete2_flr03c_-1072_-1184_-184.vmt,144,144
materials/maps/de_arizona_csbeta/halflife/crete2_flr03c_-1072_-1248_-184.vmt,144,144
materials/maps/de_arizona_csbeta/halflife/crete2_flr03c_-1096_-1088_-652.vmt,144,144
materials/maps/de_arizona_csbeta/halflife/crete2_flr03c_-1216_-1184_-184.vmt,144,144
materials/maps/de_arizona_csbeta/halflife/crete2_flr03c_-1247_-1483_-184.vmt,144,144
materials/maps/de_arizona_csbeta/halflife/crete2_flr03c_-1320_-928_-184.vmt,143,143
materials/maps/de_arizona_csbeta/halflife/crete2_flr03c_-1448_-1184_-152.vmt,144,144
materials/maps/de_arizona_csbeta/halflife/crete2_flr03c_-1472_-496_-64.vmt,142,142
materials/maps/de_arizona_csbeta/halflife/crete2_flr03c_-160_-2088_-184.vmt,143,143
materials/maps/de_arizona_csbeta/halflife/crete2_flr03c_-2024_-1040_-120.vmt,144,144
materials/maps/de_arizona_csbeta/halflife/crete2_flr03c_-416_-1984_-184.vmt,143,143
materials/maps/de_arizona_csbeta/halflife/crete2_flr03c_-416_-2208_-152.vmt,143,143
materials/maps/de_arizona_csbeta/halflife/crete2_flr03c_-716_-2014_-184.vmt,143,143
materials/maps/de_arizona_csbeta/halflife/crete2_flr03c_-976_-1216_-648.vmt,143,143
materials/maps/de_arizona_csbeta/halflife/crete2_flr03c_1168_-1216_-184.vmt,143,143
materials/maps/de_arizona_csbeta/halflife/crete2_flr03c_1224_-1400_-200.vmt,143,143
materials/maps/de_arizona_csbeta/halflife/crete2_flr03c_1224_-2520_-72.vmt,142,142
materials/maps/de_arizona_csbeta/halflife/crete2_flr03c_1408_-1312_-264.vmt,143,143
materials/maps/de_arizona_csbeta/halflife/duct_flr01_-1036_-1184_-304.vmt,141,141
materials/maps/de_arizona_csbeta/halflife/duct_flr01_-1072_-1184_-184.vmt,141,141
materials/maps/de_arizona_csbeta/halflife/duct_flr01_-880_-1152_-632.vmt,140,140
materials/maps/de_arizona_csbeta/halflife/duct_flr01_-976_-1216_-648.vmt,140,140
materials/maps/de_arizona_csbeta/halflife/duct_flr02_-1036_-1184_-304.vmt,141,141
materials/maps/de_arizona_csbeta/halflife/duct_flr02_-1072_-1120_-184.vmt,141,141
materials/maps/de_arizona_csbeta/halflife/duct_flr02_-1072_-1184_-184.vmt,141,141
materials/maps/de_arizona_csbeta/halflife/duct_flr02_-1072_-1248_-184.vmt,141,141
materials/maps/de_arizona_csbeta/halflife/duct_flr02_-1216_-1184_-184.vmt,141,141
materials/maps/de_arizona_csbeta/halflife/duct_flr02_-1472_-496_-64.vmt,139,139
materials/maps/de_arizona_csbeta/halflife/duct_flr02_-2024_-1040_-120.vmt,141,141
materials/maps/de_arizona_csbeta/halflife/duct_vnt_-1036_-1184_-304.vmt,139,139
materials/maps/de_arizona_csbeta/halflife/duct_vnt_-1072_-1184_-184.vmt,139,139
materials/maps/de_arizona_csbeta/halflife/duct_wall03_-1036_-1184_-432.vmt,142,142
materials/maps/de_arizona_csbeta/halflife/duct_wall03_-1072_-1120_-184.vmt,142,142
materials/maps/de_arizona_csbeta/halflife/duct_wall03_-2024_-1040_-120.vmt,142,142
materials/maps/de_arizona_csbeta/halflife/duct_wall03_-976_-1216_-648.vmt,141,141
materials/maps/de_arizona_csbeta/halflife/duct_wall03_1328_-1192_-184.vmt,141,141
materials/maps/de_arizona_csbeta/halflife/generic100a_-1320_-1184_-184.vmt,142,142
materials/maps/de_arizona_csbeta/halflife/generic100a_-2024_-1040_-120.vmt,142,142
materials/maps/de_arizona_csbeta/halflife/generic100a_-416_-2208_-152.vmt,141,141
materials/maps/de_arizona_csbeta/halflife/generic100a_640_-3312_-272.vmt,140,140
materials/maps/de_arizona_csbeta/halflife/generic100a_656_-3448_-272.vmt,140,140
materials/maps/de_arizona_csbeta/halflife/generic_111a_1032_-2888_-400.vmt,142,142
materials/maps/de_arizona_csbeta/halflife/generic_111a_1552_-3672_-376.vmt,142,142
materials/maps/de_arizona_csbeta/halflife/generic_111a_1744_-2328_-96.vmt,141,141
materials/maps/de_arizona_csbeta/halflife/generic_111a_28_-2000_-160.vmt,140,140
materials/maps/de_arizona_csbeta/halflife/sign87_-1072_-1184_-184.vmt,137,137
materials/maps/de_arizona_csbeta/halflife/sign87_1436_-1404_-212.vmt,136,136
materials/maps/de_arizona_csbeta/halflife/signc1a3_2a_1224_-1400_-200.vmt,141,141
materials/maps/de_arizona_csbeta/halflife/steel_-1168_768_-184.vmt,134,134
materials/maps/de_arizona_csbeta/halflife/steel_-1216_-1088_-652.vmt,136,136
materials/maps/de_arizona_csbeta/halflife/steel_-1392_24_-184.vmt,133,133
materials/maps/de_arizona_csbeta/halflife/steel_-1424_784_-184.vmt,134,134
materials/maps/de_arizona_csbeta/halflife/steel_-1552_-224_-184.vmt,135,135
materials/maps/de_arizona_csbeta/halflife/steel_-1568_240_-184.vmt,134,134
materials/maps/de_arizona_csbeta/halflife/steel_-1600_8_-184.vmt,132,132
materials/maps/de_arizona_csbeta/halflife/steel_-160_-2088_-184.vmt,135,135
materials/maps/de_arizona_csbeta/halflife/steel_-16_-3392_-376.vmt,134,134
materials/maps/de_arizona_csbeta/halflife/steel_-2000_-432_-88.vmt,134,134
materials/maps/de_arizona_csbeta/halflife/steel_-2024_-1040_-120.vmt,136,136
materials/maps/de_arizona_csbeta/halflife/steel_-2072_-544_-120.vmt,135,135
materials/maps/de_arizona_csbeta/halflife/steel_-40_-3704_-368.vmt,134,134
materials/maps/de_arizona_csbeta/halflife/steel_-616_128_-968.vmt,133,133
materials/maps/de_arizona_csbeta/halflife/steel_-768_744_-184.vmt,133,133
materials/maps/de_arizona_csbeta/halflife/steel_1032_-2888_-400.vmt,135,135
materials/maps/de_arizona_csbeta/halflife/steel_1032_-3000_-408.vmt,135,135
materials/maps/de_arizona_csbeta/halflife/steel_1064_-3784_-368.vmt,135,135
materials/maps/de_arizona_csbeta/halflife/steel_1072_-2960_-272.vmt,135,135
materials/maps/de_arizona_csbeta/halflife/steel_1224_-2520_-72.vmt,134,134
materials/maps/de_arizona_csbeta/halflife/steel_1312_-3664_-360.vmt,135,135
materials/maps/de_arizona_csbeta/halflife/steel_1392_-3208_-320.vmt,135,135
materials/maps/de_arizona_csbeta/halflife/steel_1424_-3040_-312.vmt,135,135
materials/maps/de_arizona_csbeta/halflife/steel_1552_-3672_-376.vmt,135,135
materials/maps/de_arizona_csbeta/halflife/steel_1640_-3680_-376.vmt,135,135
materials/maps/de_arizona_csbeta/halflife/steel_1664_-2432_-184.vmt,135,135
materials/maps/de_arizona_csbeta/halflife/steel_1744_-2328_-96.vmt,134,134
materials/maps/de_arizona_csbeta/halflife/steel_1896_-2328_-184.vmt,135,135
materials/maps/de_arizona_csbeta/halflife/steel_2120_-2592_-184.vmt,135,135
materials/maps/de_arizona_csbeta/halflife/steel_2168_-2312_-176.vmt,135,135
materials/maps/de_arizona_csbeta/halflife/steel_248_-2528_-968.vmt,134,134
materials/maps/de_arizona_csbeta/halflife/steel_28_-2000_-160.vmt,133,133
materials/maps/de_arizona_csbeta/halflife/steel_28_-2088_-184.vmt,133,133
materials/maps/de_arizona_csbeta/halflife/steel_616_-3760_-376.vmt,134,134
materials/maps/de_arizona_csbeta/halflife/trk_bumper_1512_-2336_-176.vmt,140,140
materials/maps/de_arizona_csbeta/halflife/trk_bumper_1896_-2328_-184.vmt,140,140
materials/maps/de_arizona_csbeta/halflife/trk_bumper_512_-3632_-376.vmt,139,139
materials/maps/de_arizona_csbeta/halflife/trk_bumper_864_-3632_-376.vmt,139,139
materials/maps/de_arizona_csbeta/halflife/yellow_1024_-2536_-344.vmt,136,136
materials/maps/de_arizona_csbeta/halflife/yellow_1024_-2704_-376.vmt,136,136
materials/maps/de_arizona_csbeta/halflife/yellow_1032_-2888_-400.vmt,136,136
materials/maps/de_arizona_csbeta/halflife/yellow_1072_-2960_-272.vmt,136,136
materials/maps/de_arizona_csbeta/halflife/yellow_1080_-2352_-184.vmt,136,136
materials/maps/de_arizona_csbeta/halflife/yellow_336_-2172_-160.vmt,135,135
materials/maps/de_arizona_csbeta/halflife/yellow_480_-2096_-184.vmt,135,135
materials/maps/de_arizona_csbeta/halflife/yellow_608_-2080_-344.vmt,135,135
materials/maps/de_arizona_csbeta/halflife/yellow_616_-2272_-344.vmt,135,135
materials/maps/de_arizona_csbeta/halflife/yellow_656_-1944_-344.vmt,135,135
materials/maps/de_arizona_csbeta/halflife/yellow_720_-2080_-184.vmt,135,135
materials/maps/de_arizona_csbeta/halflife/yellow_728_-1504_-184.vmt,135,135
materials/maps/de_arizona_csbeta/halflife/yellow_736_-1376_-376.vmt,135,135
materials/maps/de_arizona_csbeta/halflife/yellow_736_-2400_-336.vmt,135,135
materials/maps/de_arizona_csbeta/halflife/yellow_744_-1504_-376.vmt,135,135
materials/maps/de_arizona_csbeta/halflife/yellow_800_-1800_-344.vmt,135,135
materials/maps/de_arizona_csbeta/halflife/yellow_824_-1640_-360.vmt,135,135
materials/maps/de_arizona_csbeta/halflife/yellow_888_-1696_-184.vmt,135,135
materials/maps/de_arizona_csbeta/halflife/yellow_912_-2248_-184.vmt,135,135
materials/maps/de_arizona_csbeta/halflife/yellow_928_-2416_-336.vmt,135,135
materials/maps/de_arizona_csbeta/halflife/{tension5_-8_-1936_-328.vmt,137,137
materials/maps/de_arizona_csbeta/halflife/{tension5_0_-2224_-328.vmt,136,136
materials/maps/de_arizona_csbeta/halflife/{tension5_192_-2000_-160.vmt,138,138
materials/maps/de_arizona_csbeta/halflife/{tension5_192_-2088_-324.vmt,138,138
materials/maps/de_arizona_csbeta/halflife/{tension5_464_-2072_-336.vmt,138,138
materials/maps/de_arizona_csbeta/halflife/~spotblue_-1096_-1088_-652.vmt,140,140
materials/maps/de_arizona_csbeta/halflife/~spotblue_-132_-768_-652.vmt,138,138
materials/maps/de_arizona_csbeta/halflife/~spotblue_-318_-814_-652.vmt,138,138
materials/maps/de_arizona_csbeta/halflife/~spotblue_-488_-984_-652.vmt,138,138
materials/maps/de_arizona_csbeta/halflife/~spotblue_-664_-1088_-652.vmt,139,139
materials/maps/de_arizona_csbeta/halflife/~spotblue_-880_-1088_-652.vmt,139,139
materials/maps/de_arizona_csbeta/halflife/~spotblue_1216_-1312_-632.vmt,139,139
materials/maps/de_arizona_csbeta/halflife/~spotblue_1328_-1312_-520.vmt,139,139
materials/maps/de_arizona_csbeta/halflife/~spotblue_1408_-1312_-144.vmt,139,139
materials/maps/de_arizona_csbeta/halflife/~spotblue_1408_-1312_-352.vmt,139,139
materials/maps/de_arizona_csbeta/halflife/~spotblue_300_-768_-652.vmt,137,137
materials/maps/de_arizona_csbeta/halflife/~spotblue_460_-844_-652.vmt,137,137
materials/maps/de_arizona_csbeta/halflife/~spotblue_630_-1014_-652.vmt,138,138
materials/maps/de_arizona_csbeta/halflife/~spotblue_800_-1184_-652.vmt,138,138
materials/maps/de_arizona_csbeta/halflife/~spotblue_84_-768_-652.vmt,136,136
materials/maps/de_arizona_csbeta/halflife/~spotblue_992_-1312_-652.vmt,138,138
materials/maps/de_arizona_csbeta/halflife/~spotred_-880_-1152_-632.vmt,138,138
materials/maps/de_arizona_csbeta/halflife/~spotred_1280_-1508_-208.vmt,138,138
materials/maps/de_arizona_csbeta/maps/de_arizona_csbeta/arizona/!at_oil01_-880_-1088_-652_depth_8.vmt,142,142
materials/maps/de_arizona_csbeta/maps/de_arizona_csbeta/arizona/scroll_at_water_72_-2704_-968_depth_32.vmt,147,147
materials/maps/de_arizona_csbeta/tools/toolsblack_metalgrate_1512_-2336_-176.vmt,148,148
materials/maps/de_arizona_csbeta/tools/toolsblack_metalgrate_1664_-2432_-184.vmt,148,148
materials/maps/de_arizona_csbeta/tools/toolsblack_metalgrate_1680_-2200_-184.vmt,148,148
materials/maps/de_arizona_csbeta/tools/toolsblack_metalgrate_816_-3768_-376.vmt,147,147
materials/maps/de_arizona_csbeta/tools/toolsblack_metalgrate_864_-3632_-376.vmt,147,147
materials/maps/de_arizona_csbeta/tools/toolsblack_metalgrate_976_-3408_-392.vmt,147,147
materials/maps/de_arizona_csbeta/tools/toolsblack_metalpanel2_-1036_-1184_-560.vmt,150,150
materials/maps/de_arizona_csbeta/tools/toolsblack_metalpanel2_-1216_-1088_-652.vmt,150,150
materials/maps/de_arizona_csbeta/tools/toolsblack_metalpanel2_-1320_-928_-184.vmt,149,149
materials/maps/de_arizona_csbeta/tools/toolsblack_metalpanel2_-132_-768_-652.vmt,148,148
materials/maps/de_arizona_csbeta/tools/toolsblack_metalpanel2_-2024_-1040_-120.vmt,150,150
materials/maps/de_arizona_csbeta/tools/toolsblack_metalpanel2_-318_-814_-652.vmt,148,148
materials/maps/de_arizona_csbeta/tools/toolsblack_metalpanel2_-336_-832_-540.vmt,148,148
materials/maps/de_arizona_csbeta/tools/toolsblack_metalpanel2_-416_-912_-540.vmt,148,148
materials/maps/de_arizona_csbeta/tools/toolsblack_metalpanel2_-480_-984_-540.vmt,148,148
materials/maps/de_arizona_csbeta/tools/toolsblack_metalpanel2_-512_-624_-968.vmt,148,148
materials/maps/de_arizona_csbeta/tools/toolsblack_metalpanel2_-552_-1048_-652.vmt,149,149
materials/maps/de_arizona_csbeta/tools/toolsblack_metalpanel2_-800_-1216_-648.vmt,149,149
materials/maps/de_arizona_csbeta/tools/toolsblack_metalpanel2_-880_-1152_-632.vmt,149,149
materials/maps/de_arizona_csbeta/tools/toolsblack_metalpanel2_-888_-1216_-648.vmt,149,149
materials/maps/de_arizona_csbeta/tools/toolsblack_metalpanel2_1120_-1312_-652.vmt,149,149
materials/maps/de_arizona_csbeta/tools/toolsblack_metalpanel2_1216_-1288_-200.vmt,149,149
materials/maps/de_arizona_csbeta/tools/toolsblack_metalpanel2_1216_-1312_-632.vmt,149,149
materials/maps/de_arizona_csbeta/tools/toolsblack_metalpanel2_1224_-1400_-200.vmt,149,149
materials/maps/de_arizona_csbeta/tools/toolsblack_metalpanel2_1328_-1312_-200.vmt,149,149
materials/maps/de_arizona_csbeta/tools/toolsblack_metalpanel2_1328_-1312_-520.vmt,149,149
materials/maps/de_arizona_csbeta/tools/toolsblack_metalpanel2_1328_-1376_-200.vmt,149,149
materials/maps/de_arizona_csbeta/tools/toolsblack_metalpanel2_1344_-1248_-200.vmt,149,149
materials/maps/de_arizona_csbeta/tools/toolsblack_metalpanel2_1408_-1312_-144.vmt,149,149
materials/maps/de_arizona_csbeta/tools/toolsblack_metalpanel2_1408_-1312_-352.vmt,149,149
materials/maps/de_arizona_csbeta/tools/toolsblack_metalpanel2_1408_-1312_-440.vmt,149,149
materials/maps/de_arizona_csbeta/tools/toolsblack_metalpanel2_300_-768_-652.vmt,147,147
materials/maps/de_arizona_csbeta/tools/toolsblack_metalpanel2_460_-844_-652.vmt,147,147
materials/maps/de_arizona_csbeta/tools/toolsblack_metalpanel2_630_-1014_-652.vmt,148,148
materials/maps/de_arizona_csbeta/tools/toolsblack_metalpanel2_752_-760_-256.vmt,147,147
materials/maps/de_arizona_csbeta/tools/toolsblack_metalpanel2_800_-1184_-652.vmt,148,148
materials/maps/de_arizona_csbeta/tools/toolsblack_metalpanel2_848_-1376_-376.vmt,148,148
materials/maps/de_arizona_csbeta/tools/toolsblack_metalpanel2_84_-768_-652.vmt,146,146
materials/maps/de_arizona_csbeta/tools/toolsblack_metalpanel2_884_-1268_-652.vmt,148,148
materials/maps/de_arizona_csbeta/tools/toolsblack_metalpanel_-1072_-1120_-184.vmt,149,149
materials/maps/de_arizona_csbeta/tools/toolsblack_metalpanel_-1072_-1248_-184.vmt,149,149
materials/maps/de_arizona_csbeta/tools/toolsblack_metalpanel_-1148_-1721_-184.vmt,149,149
materials/maps/de_arizona_csbeta/tools/toolsblack_metalpanel_-1216_-1184_-184.vmt,149,149
materials/maps/de_arizona_csbeta/tools/toolsblack_metalpanel_-1247_-1483_-184.vmt,149,149
materials/maps/de_arizona_csbeta/tools/toolsblack_metalpanel_-1312_-656_-184.vmt,148,148
materials/maps/de_arizona_csbeta/tools/toolsblack_metalpanel_-1320_-1184_-184.vmt,149,149
materials/maps/de_arizona_csbeta/tools/toolsblack_metalpanel_-1320_-928_-184.vmt,148,148
materials/maps/de_arizona_csbeta/tools/toolsblack_metalpanel_-1448_-1184_-152.vmt,149,149
materials/maps/de_arizona_csbeta/tools/toolsblack_metalpanel_-160_-2088_-184.vmt,148,148
materials/maps/de_arizona_csbeta/tools/toolsblack_metalpanel_-416_-1984_-184.vmt,148,148
materials/maps/de_arizona_csbeta/tools/toolsblack_metalpanel_-416_-2088_-184.vmt,148,148
materials/maps/de_arizona_csbeta/tools/toolsblack_metalpanel_-416_-2208_-152.vmt,148,148
materials/maps/de_arizona_csbeta/tools/toolsblack_metalpanel_-448_-944_-968.vmt,147,147
materials/maps/de_arizona_csbeta/tools/toolsblack_metalpanel_-716_-2014_-184.vmt,148,148
materials/maps/de_arizona_csbeta/tools/toolsblack_metalpanel_-880_-1088_-652.vmt,148,148
materials/maps/de_arizona_csbeta/tools/toolsblack_metalpanel_-880_-1152_-632.vmt,148,148
materials/maps/de_arizona_csbeta/tools/toolsblack_metalpanel_-953_-1916_-184.vmt,148,148
materials/maps/de_arizona_csbeta/tools/toolsblack_metalpanel_1224_-1400_-200.vmt,148,148
materials/maps/de_arizona_csbeta/tools/toolsblack_metalpanel_1264_-2592_-264.vmt,148,148
materials/maps/de_arizona_csbeta/tools/toolsblack_metalpanel_1280_-1504_-48.vmt,147,147
materials/maps/de_arizona_csbeta/tools/toolsblack_metalpanel_1280_-1508_-208.vmt,148,148
materials/maps/de_arizona_csbeta/tools/toolsblack_metalpanel_1328_-1376_-200.vmt,148,148
materials/maps/de_arizona_csbeta/tools/toolsblack_metalpanel_1344_-2712_-312.vmt,148,148
materials/maps/de_arizona_csbeta/tools/toolsblack_metalpanel_1408_-1312_-144.vmt,148,148
materials/maps/de_arizona_csbeta/tools/toolsblack_metalpanel_1408_-1312_-352.vmt,148,148
materials/maps/de_arizona_csbeta/tools/toolsblack_metalpanel_1440_-2592_-224.vmt,148,148
materials/maps/de_arizona_csbeta/tools/toolsblack_metalpanel_1512_-2336_-176.vmt,148,148
materials/maps/de_arizona_csbeta/tools/toolsblack_metalpanel_1648_-2328_-120.vmt,148,148
materials/maps/de_arizona_csbeta/tools/toolsblack_metalpanel_1664_-2432_-184.vmt,148,148
materials/maps/de_arizona_csbeta/tools/toolsblack_metalpanel_1680_-2200_-184.vmt,148,148
materials/maps/de_arizona_csbeta/tools/toolsblack_metalpanel_1744_-2328_-96.vmt,147,147
materials/maps/de_arizona_csbeta/tools/toolsblack_metalpanel_1896_-2328_-184.vmt,148,148
materials/maps/de_arizona_csbeta/tools/toolsblack_metalpanel_28_-2000_-160.vmt,146,146
materials/maps/de_arizona_csbeta/tools/toolsblack_metalpanel_28_-2088_-184.vmt,146,146
materials/maps/de_arizona_csbeta/tools/toolsblack_metalpanel_28_-2172_-160.vmt,146,146
materials/maps/de_arizona_csbeta/tools/toolsblack_metalpanel_512_-3632_-376.vmt,147,147
materials/maps/de_arizona_csbeta/tools/toolsblack_metalpanel_544_-3472_-272.vmt,147,147
materials/maps/de_arizona_csbeta/tools/toolsblack_metalpanel_616_-3760_-376.vmt,147,147
materials/maps/de_arizona_csbeta/tools/toolsblack_metalpanel_72_-2704_-968.vmt,146,146
materials/maps/de_arizona_csbeta/tools/toolsblack_metalpanel_768_-3624_-312.vmt,147,147
materials/maps/de_arizona_csbeta/tools/toolsblack_metalpanel_816_-3768_-376.vmt,147,147
materials/maps/de_arizona_csbeta/tools/toolsblack_metalpanel_832_-1520_-144.vmt,147,147
materials/maps/de_arizona_csbeta/tools/toolsblack_metalpanel_840_-3144_-400.vmt,147,147
materials/maps/de_arizona_csbeta/tools/toolsblack_metalpanel_848_-1584_-184.vmt,147,147
materials/maps/de_arizona_csbeta/tools/toolsblack_metalpanel_864_-3632_-376.vmt,147,147
materials/maps/de_arizona_csbeta/tools/toolsblack_metalpanel_888_-1696_-184.vmt,147,147
materials/maps/de_arizona_csbeta/tools/toolsblack_metalpanel_944_-1552_-184.vmt,147,147
materials/maps/de_arizona_csbeta/tools/toolsblack_metalpanel_976_-3408_-392.vmt,147,147
sp_0.vhv,1024,1024
sp_1.vhv,1024,1024
sp_10.vhv,1024,1024
sp_11.vhv,1024,1024
sp_2.vhv,1024,1024
sp_3.vhv,1024,1024
sp_4.vhv,1024,1024
sp_5.vhv,1024,1024
sp_6.vhv,1024,1024
sp_7.vhv,1024,1024
sp_8.vhv,1024,1024
sp_9.vhv,1024,1024
sp_hdr_0.vhv,1024,1024
sp_hdr_1.vhv,1024,1024
sp_hdr_10.vhv,1024,1024
sp_hdr_11.vhv,1024,1024
sp_hdr_2.vhv,1024,1024
sp_hdr_3.vhv,1024,1024
sp_hdr_4.vhv,1024,1024
sp_hdr_5.vhv,1024,1024
sp_hdr_6.vhv,1024,1024
sp_hdr_7.vhv,1024,1024
sp_hdr_8.vhv,1024,1024
sp_hdr_9.vhv,1024,1024
