filename,size,compressed
maps/zm_dizzy_v1_s.txt,33,33
materials/agency/ceiling/metalroof.vmt,109,109
materials/agency/ceiling/metalroof.vtf,43912,43912
materials/agency/concrete/concretewall01.vmt,116,116
materials/agency/concrete/concretewall01.vtf,174984,174984
materials/agency/plaster/plasterwall01b.vmt,114,114
materials/agency/plaster/plasterwall01b.vtf,174984,174984
materials/agency/plaster/plasterwall04a.vmt,114,114
materials/agency/plaster/plasterwall04a.vtf,174984,174984
materials/ar_dizzy/dizzy_drywall_back_color.vmt,118,118
materials/ar_dizzy/dizzy_drywall_back_color.vtf,699296,699296
materials/ar_dizzy/dizzy_drywall_color.vmt,118,118
materials/ar_dizzy/dizzy_drywall_color.vtf,699296,699296
materials/ar_dizzy/dizzy_drywall_patched_color.vmt,238,238
materials/ar_dizzy/dizzy_drywall_patched_color.vtf,699296,699296
materials/ar_dizzy/dizzy_facade_color.vmt,109,109
materials/ar_dizzy/dizzy_facade_color.vtf,699296,699296
materials/ar_dizzy/dizzy_insulation_back_color.vmt,237,237
materials/ar_dizzy/dizzy_insulation_back_color.vtf,699216,699216
materials/ar_dizzy/dizzy_shack_panel_color.vmt,118,118
materials/ar_dizzy/dizzy_shack_panel_color.vtf,699296,699296
materials/ar_dizzy/dizzy_tar_roof_color.vmt,366,366
materials/ar_dizzy/dizzy_tar_roof_color.vtf,699296,699296
materials/ar_dizzy/dizzy_wooden_planks_01.vmt,107,107
materials/ar_dizzy/dizzy_wooden_planks_01.vtf,699296,699296
materials/asphalt/hr_c/hr_asphalt_001.vtf,699272,699272
materials/asphalt/hr_c/hr_asphalt_001_detail.vtf,699272,699272
materials/asphalt/hr_c/hr_asphalt_gravel_blend_001_cheap.vmt,391,391
materials/asphalt/hr_c/hr_tar_a.vmt,508,508
materials/asphalt/hr_c/hr_tar_a.vtf,699296,699296
materials/blackgold/models/blkg_pipesys_outlet_d.vmt,252,252
materials/blackgold/models/blkg_pipesys_outlet_d.vtf,262352,262352
materials/blackgold/world/blkg_metalwall_supports.vmt,158,158
materials/blackgold/world/blkg_metalwall_supports.vtf,174984,174984
materials/buildings/vertigo_insulation_front.vmt,108,108
materials/buildings/vertigo_insulation_front.vtf,131280,131280
materials/carpet/carpet03.vmt,79,79
materials/carpet/carpet03.vtf,43912,43912
materials/concrete/hr_c/hr_concrete_floor_05.vmt,249,249
materials/concrete/hr_c/hr_concrete_floor_05_color.vtf,699272,699272
materials/concrete/hr_c/hr_concrete_floor_05_detail.vtf,11144,11144
materials/concrete/hr_c/hr_concrete_roof_001.vmt,218,218
materials/concrete/hr_c/hr_concrete_roof_001_color.vtf,174984,174984
materials/concrete/hr_c/hr_concrete_roof_001_detail.vtf,699272,699272
materials/concrete/hr_c/hr_concrete_wall_006.vmt,136,136
materials/concrete/hr_c/hr_concrete_wall_006_color.vtf,699272,699272
materials/cs_office/cs_elevator_floor_and_rm_4_5_6_signs.vmt,119,119
materials/cs_office/cs_elevator_floor_and_rm_4_5_6_signs.vtf,43912,43912
materials/cs_office/cs_poster_mondays.vmt,94,94
materials/cs_office/cs_poster_mondays.vtf,43896,43896
materials/de_train/train_cement_stain_01.vmt,138,138
materials/de_train/train_cement_stain_01.vtf,349744,349744
materials/de_train/train_dirt_decal_01.vmt,136,136
materials/de_train/train_dirt_decal_01.vtf,87536,87536
materials/de_vertigo/vertigo_buildingskyline_bk.vmt,94,94
materials/de_vertigo/vertigo_buildingskyline_bk.vtf,699256,699256
materials/de_vertigo/vertigo_buildingskyline_ft.vmt,94,94
materials/de_vertigo/vertigo_buildingskyline_ft.vtf,699256,699256
materials/de_vertigo/vertigo_buildingskyline_lf.vmt,94,94
materials/de_vertigo/vertigo_buildingskyline_lf.vtf,699256,699256
materials/de_vertigo/vertigo_buildingskyline_rt.vmt,94,94
materials/de_vertigo/vertigo_buildingskyline_rt.vtf,699256,699256
materials/decals/bombsite_line_spray.vmt,174,174
materials/decals/bombsite_line_spray.vtf,174908,174908
materials/decals/cs_01_sign.vmt,126,126
materials/decals/cs_01_sign.vtf,87488,87488
materials/decals/cs_02_sign.vmt,126,126
materials/decals/cs_02_sign.vtf,87488,87488
materials/decals/debris_concrete001a.vmt,167,167
materials/decals/debris_concrete001a.vtf,349784,349784
materials/decals/decalrug004a.vmt,165,165
materials/decals/decalrug004a.vtf,87640,87640
materials/decals/decalsigndanger001a.vmt,252,252
materials/decals/decalsigndanger001a.vtf,22064,22064
materials/decals/decalsigndanger001c.vmt,172,172
materials/decals/decalsigndanger001c.vtf,22104,22104
materials/decals/decalstain006a.vmt,189,189
materials/decals/decalstain006a.vtf,87640,87640
materials/decals/decalstain009a.vmt,267,267
materials/decals/decalstain009a.vtf,87600,87600
materials/decals/drainage_stain_02.vmt,126,126
materials/decals/drainage_stain_02.vtf,349784,349784
materials/decals/drainage_stain_03.vmt,153,153
materials/decals/drainage_stain_03.vtf,174968,174968
materials/decals/hr_decals/large_stain_a.vmt,291,291
materials/decals/hr_decals/large_stain_a.vtf,262352,262352
materials/decals/hr_decals/plaster_stain_10.vmt,318,318
materials/decals/hr_decals/plaster_stain_10.vtf,699256,699256
materials/decals/hr_decals/plaster_stain_5.vmt,242,242
materials/decals/hr_decals/plaster_stain_5.vtf,699256,699256
materials/decals/mill_stain01.vmt,164,164
materials/decals/mill_stain01.vtf,175008,175008
materials/decals/vertigo_sign_accessladder.vmt,138,138
materials/decals/vertigo_sign_accessladder.vtf,87616,87616
materials/detail/detailconcrete001a.vtf,174968,174968
materials/detail/detailsprites.vmt,131,131
materials/detail/detailsprites.vtf,1398336,1398336
materials/detail/dt_fabric2.vtf,11168,11168
materials/detail/dt_metalgalv.vtf,43936,43936
materials/detail/noise_detail_01.vtf,43936,43936
materials/detail/plaster_detail_01.vtf,43936,43936
materials/environment maps/metal_generic_003.vtf,262224,262224
materials/ground/hr_g/hr_gravel_001_color.vtf,699272,699272
materials/maps/zm_dizzy_v1_s/asphalt/hr_c/hr_tar_a_-1339_-892_8433.vmt,138,138
materials/maps/zm_dizzy_v1_s/asphalt/hr_c/hr_tar_a_-673_887_8433.vmt,136,136
materials/maps/zm_dizzy_v1_s/c-1035_-353_8433.hdr.vtf,76536,76536
materials/maps/zm_dizzy_v1_s/c-1045_-332_8033.hdr.vtf,76536,76536
materials/maps/zm_dizzy_v1_s/c-1055_-1_8624.hdr.vtf,76536,76536
materials/maps/zm_dizzy_v1_s/c-1108_720_8081.hdr.vtf,76536,76536
materials/maps/zm_dizzy_v1_s/c-1154_-680_8593.hdr.vtf,76536,76536
materials/maps/zm_dizzy_v1_s/c-1164_895_8385.hdr.vtf,76536,76536
materials/maps/zm_dizzy_v1_s/c-1315_824_8081.hdr.vtf,76536,76536
materials/maps/zm_dizzy_v1_s/c-1320_-9_8033.hdr.vtf,76536,76536
materials/maps/zm_dizzy_v1_s/c-1339_-892_8433.hdr.vtf,76536,76536
materials/maps/zm_dizzy_v1_s/c-1429_22_8241.hdr.vtf,76536,76536
materials/maps/zm_dizzy_v1_s/c-1622_722_8081.hdr.vtf,76536,76536
materials/maps/zm_dizzy_v1_s/c-1724_4_8256.hdr.vtf,76536,76536
materials/maps/zm_dizzy_v1_s/c-1726_7_8348.hdr.vtf,76536,76536
materials/maps/zm_dizzy_v1_s/c-1770_-328_8241.hdr.vtf,76536,76536
materials/maps/zm_dizzy_v1_s/c-2044_-27_8104.hdr.vtf,76536,76536
materials/maps/zm_dizzy_v1_s/c-286_363_8241.hdr.vtf,76536,76536
materials/maps/zm_dizzy_v1_s/c-3_38_8104.hdr.vtf,76536,76536
materials/maps/zm_dizzy_v1_s/c-465_-725_8081.hdr.vtf,76536,76536
materials/maps/zm_dizzy_v1_s/c-599_56_8241.hdr.vtf,76536,76536
materials/maps/zm_dizzy_v1_s/c-673_887_8433.hdr.vtf,76536,76536
materials/maps/zm_dizzy_v1_s/c-726_-831_8081.hdr.vtf,76536,76536
materials/maps/zm_dizzy_v1_s/c-890_-851_8385.hdr.vtf,76536,76536
materials/maps/zm_dizzy_v1_s/c-899_-790_8081.hdr.vtf,76536,76536
materials/maps/zm_dizzy_v1_s/c-915_684_8593.hdr.vtf,76536,76536
materials/maps/zm_dizzy_v1_s/c-953_347_8433.hdr.vtf,76536,76536
materials/maps/zm_dizzy_v1_s/c-992_348_8033.hdr.vtf,76536,76536
materials/maps/zm_dizzy_v1_s/cubemapdefault.vtf,9832,9832
materials/maps/zm_dizzy_v1_s/glass/glasswindowbreak070b_-1055_-1_8624.vmt,114,114
materials/maps/zm_dizzy_v1_s/glass/glasswindowbreak070b_-1154_-680_8593.vmt,114,114
materials/maps/zm_dizzy_v1_s/glass/glasswindowbreak070b_-1320_-9_8033.vmt,114,114
materials/maps/zm_dizzy_v1_s/glass/glasswindowbreak070b_-1429_22_8241.vmt,114,114
materials/maps/zm_dizzy_v1_s/glass/glasswindowbreak070b_-1622_722_8081.vmt,114,114
materials/maps/zm_dizzy_v1_s/glass/glasswindowbreak070b_-1724_4_8256.vmt,114,114
materials/maps/zm_dizzy_v1_s/glass/glasswindowbreak070b_-1726_7_8348.vmt,114,114
materials/maps/zm_dizzy_v1_s/glass/glasswindowbreak070b_-1770_-328_8241.vmt,114,114
materials/maps/zm_dizzy_v1_s/glass/glasswindowbreak070b_-2044_-27_8104.vmt,114,114
materials/maps/zm_dizzy_v1_s/glass/glasswindowbreak070b_-286_363_8241.vmt,114,114
materials/maps/zm_dizzy_v1_s/glass/prodwndwa_-1055_-1_8624.vmt,213,213
materials/maps/zm_dizzy_v1_s/glass/prodwndwa_-1154_-680_8593.vmt,217,217
materials/maps/zm_dizzy_v1_s/glass/prodwndwa_-1320_-9_8033.vmt,213,213
materials/maps/zm_dizzy_v1_s/glass/prodwndwa_-1429_22_8241.vmt,213,213
materials/maps/zm_dizzy_v1_s/glass/prodwndwa_-1622_722_8081.vmt,215,215
materials/maps/zm_dizzy_v1_s/glass/prodwndwa_-1724_4_8256.vmt,211,211
materials/maps/zm_dizzy_v1_s/glass/prodwndwa_-1726_7_8348.vmt,211,211
materials/maps/zm_dizzy_v1_s/glass/prodwndwa_-1770_-328_8241.vmt,217,217
materials/maps/zm_dizzy_v1_s/glass/prodwndwa_-2044_-27_8104.vmt,215,215
materials/maps/zm_dizzy_v1_s/glass/prodwndwa_-286_363_8241.vmt,213,213
materials/maps/zm_dizzy_v1_s/metal/distressed_metal_panel_roof_-1108_720_8081.vmt,149,149
materials/maps/zm_dizzy_v1_s/metal/distressed_metal_panel_roof_-2044_-27_8104.vmt,149,149
materials/maps/zm_dizzy_v1_s/metal/distressed_metal_panel_roof_-899_-790_8081.vmt,149,149
materials/maps/zm_dizzy_v1_s/metal/hr_metal/hr_metal_floor_001_grey_-1045_-332_8033.vmt,155,155
materials/maps/zm_dizzy_v1_s/metal/hr_metal/hr_metal_floor_001_grey_-1164_895_8385.vmt,154,154
materials/maps/zm_dizzy_v1_s/metal/hr_metal/hr_metal_floor_001_grey_-1320_-9_8033.vmt,153,153
materials/maps/zm_dizzy_v1_s/metal/hr_metal/hr_metal_floor_001_grey_-1622_722_8081.vmt,154,154
materials/maps/zm_dizzy_v1_s/metal/hr_metal/hr_metal_floor_001_grey_-1770_-328_8241.vmt,155,155
materials/maps/zm_dizzy_v1_s/metal/hr_metal/hr_metal_floor_001_grey_-2044_-27_8104.vmt,154,154
materials/maps/zm_dizzy_v1_s/metal/hr_metal/hr_metal_floor_001_grey_-286_363_8241.vmt,153,153
materials/maps/zm_dizzy_v1_s/metal/hr_metal/hr_metal_floor_001_grey_-3_38_8104.vmt,150,150
materials/maps/zm_dizzy_v1_s/metal/hr_metal/hr_metal_floor_001_grey_-465_-725_8081.vmt,154,154
materials/maps/zm_dizzy_v1_s/metal/hr_metal/hr_metal_floor_001_grey_-890_-851_8385.vmt,154,154
materials/maps/zm_dizzy_v1_s/metal/hr_metal/hr_metal_floor_001_grey_-992_348_8033.vmt,153,153
materials/maps/zm_dizzy_v1_s/metal/hr_metal/hr_metal_trim_002_-1108_720_8081.vmt,148,148
materials/maps/zm_dizzy_v1_s/metal/hr_metal/hr_metal_trim_002_-1315_824_8081.vmt,148,148
materials/maps/zm_dizzy_v1_s/metal/hr_metal/hr_metal_trim_002_-1726_7_8348.vmt,146,146
materials/maps/zm_dizzy_v1_s/metal/hr_metal/hr_metal_trim_002_-726_-831_8081.vmt,148,148
materials/maps/zm_dizzy_v1_s/metal/hr_metal/hr_metal_trim_002_-899_-790_8081.vmt,148,148
materials/maps/zm_dizzy_v1_s/metal/hr_metal/hr_metal_trim_004_-1045_-332_8033.vmt,149,149
materials/maps/zm_dizzy_v1_s/metal/hr_metal/hr_metal_trim_004_-1108_720_8081.vmt,148,148
materials/maps/zm_dizzy_v1_s/metal/hr_metal/hr_metal_trim_004_-1164_895_8385.vmt,148,148
materials/maps/zm_dizzy_v1_s/metal/hr_metal/hr_metal_trim_004_-1315_824_8081.vmt,148,148
materials/maps/zm_dizzy_v1_s/metal/hr_metal/hr_metal_trim_004_-1320_-9_8033.vmt,147,147
materials/maps/zm_dizzy_v1_s/metal/hr_metal/hr_metal_trim_004_-1622_722_8081.vmt,148,148
materials/maps/zm_dizzy_v1_s/metal/hr_metal/hr_metal_trim_004_-1724_4_8256.vmt,146,146
materials/maps/zm_dizzy_v1_s/metal/hr_metal/hr_metal_trim_004_-1726_7_8348.vmt,146,146
materials/maps/zm_dizzy_v1_s/metal/hr_metal/hr_metal_trim_004_-1770_-328_8241.vmt,149,149
materials/maps/zm_dizzy_v1_s/metal/hr_metal/hr_metal_trim_004_-2044_-27_8104.vmt,148,148
materials/maps/zm_dizzy_v1_s/metal/hr_metal/hr_metal_trim_004_-286_363_8241.vmt,147,147
materials/maps/zm_dizzy_v1_s/metal/hr_metal/hr_metal_trim_004_-3_38_8104.vmt,144,144
materials/maps/zm_dizzy_v1_s/metal/hr_metal/hr_metal_trim_004_-465_-725_8081.vmt,148,148
materials/maps/zm_dizzy_v1_s/metal/hr_metal/hr_metal_trim_004_-599_56_8241.vmt,146,146
materials/maps/zm_dizzy_v1_s/metal/hr_metal/hr_metal_trim_004_-726_-831_8081.vmt,148,148
materials/maps/zm_dizzy_v1_s/metal/hr_metal/hr_metal_trim_004_-890_-851_8385.vmt,148,148
materials/maps/zm_dizzy_v1_s/metal/hr_metal/hr_metal_trim_004_-899_-790_8081.vmt,148,148
materials/maps/zm_dizzy_v1_s/metal/hr_metal/hr_metal_trim_004_-992_348_8033.vmt,147,147
materials/maps/zm_dizzy_v1_s/metal/prodventa_-1108_720_8081.vmt,131,131
materials/maps/zm_dizzy_v1_s/resort/interior/metal01_-3_38_8104.vmt,135,135
materials/maps/zm_dizzy_v1_s/resort/interior/metal01_-465_-725_8081.vmt,139,139
materials/maps/zm_dizzy_v1_s/resort/interior/metal01_-599_56_8241.vmt,137,137
materials/maps/zm_dizzy_v1_s/tile/ceilingtilea_-1035_-353_8433.vmt,134,134
materials/maps/zm_dizzy_v1_s/tile/ceilingtilea_-1045_-332_8033.vmt,134,134
materials/maps/zm_dizzy_v1_s/tile/ceilingtilea_-1108_720_8081.vmt,133,133
materials/maps/zm_dizzy_v1_s/tile/ceilingtilea_-1164_895_8385.vmt,133,133
materials/maps/zm_dizzy_v1_s/tile/ceilingtilea_-1315_824_8081.vmt,133,133
materials/maps/zm_dizzy_v1_s/tile/ceilingtilea_-1339_-892_8433.vmt,134,134
materials/maps/zm_dizzy_v1_s/tile/ceilingtilea_-1724_4_8256.vmt,131,131
materials/maps/zm_dizzy_v1_s/tile/ceilingtilea_-465_-725_8081.vmt,133,133
materials/maps/zm_dizzy_v1_s/tile/ceilingtilea_-673_887_8433.vmt,132,132
materials/maps/zm_dizzy_v1_s/tile/ceilingtilea_-726_-831_8081.vmt,133,133
materials/maps/zm_dizzy_v1_s/tile/ceilingtilea_-890_-851_8385.vmt,133,133
materials/maps/zm_dizzy_v1_s/tile/ceilingtilea_-899_-790_8081.vmt,133,133
materials/maps/zm_dizzy_v1_s/tile/ceilingtilea_-915_684_8593.vmt,132,132
materials/maps/zm_dizzy_v1_s/tile/ceilingtilea_-953_347_8433.vmt,132,132
materials/maps/zm_dizzy_v1_s/tile/ceilingtilea_-992_348_8033.vmt,132,132
materials/maps/zm_dizzy_v1_s/tile/milflr002_-899_-790_8081.vmt,130,130
materials/maps/zm_dizzy_v1_s/vehicle/rubbertrainfloor001a_-1045_-332_8033.vmt,145,145
materials/maps/zm_dizzy_v1_s/vehicle/rubbertrainfloor001a_-599_56_8241.vmt,142,142
materials/maps/zm_dizzy_v1_s/vehicle/rubbertrainfloor001a_-992_348_8033.vmt,143,143
materials/metal/distressed_metal_panel_roof-ssbump.vtf,349784,349784
materials/metal/distressed_metal_panel_roof.vmt,410,410
materials/metal/distressed_metal_panel_roof.vtf,175008,175008
materials/metal/drtrime.vmt,80,80
materials/metal/drtrime.vtf,22032,22032
materials/metal/freezerwall01.vmt,86,86
materials/metal/freezerwall01.vtf,175008,175008
materials/metal/hr_metal/hr_metal_corrugated_001_blue_cheap.vmt,190,190
materials/metal/hr_metal/hr_metal_corrugated_001_color.vtf,699272,699272
materials/metal/hr_metal/hr_metal_corrugated_001_grey_cheap.vmt,187,187
materials/metal/hr_metal/hr_metal_corrugated_001_orange_cheap.vmt,188,188
materials/metal/hr_metal/hr_metal_corrugated_001b_color.vtf,174904,174904
materials/metal/hr_metal/hr_metal_corrugated_001b_grey_cheap.vmt,162,162
materials/metal/hr_metal/hr_metal_detail_001.vtf,699272,699272
materials/metal/hr_metal/hr_metal_duct_001.vmt,141,141
materials/metal/hr_metal/hr_metal_duct_001_color.vtf,174984,174984
materials/metal/hr_metal/hr_metal_floor_001_grey.vmt,417,417
materials/metal/hr_metal/hr_metal_floor_001_grey_color.vtf,22080,22080
materials/metal/hr_metal/hr_metal_trim_002.vmt,309,309
materials/metal/hr_metal/hr_metal_trim_002_color.vtf,174976,174976
materials/metal/hr_metal/hr_metal_trim_004.vmt,277,277
materials/metal/hr_metal/hr_metal_trim_004_color.vtf,699264,699264
materials/metal/metal_plate01.vmt,104,104
materials/metal/metal_plate01.vtf,349784,349784
materials/metal/vertigo_ibeam.vmt,211,211
materials/metal/vertigo_ibeam.vtf,87568,87568
materials/models/agency/doors/door56.vmt,239,239
materials/models/agency/doors/door56.vtf,87544,87544
materials/models/agency/doors/frame56.vmt,215,215
materials/models/agency/doors/frame56.vtf,43832,43832
materials/models/agency/electrical/lighthole.vmt,123,123
materials/models/agency/electrical/lighthole.vtf,2912,2912
materials/models/agency/electrical/tower.vmt,278,278
materials/models/agency/electrical/tower.vtf,87544,87544
materials/models/agency/phong_n.vtf,87588,87588
materials/models/props/ar_dizzy/dizzy_buzzsaw/dizzy_buzzsaw_color.vmt,99,99
materials/models/props/ar_dizzy/dizzy_buzzsaw/dizzy_buzzsaw_color.vtf,32976,32976
materials/models/props/ar_dizzy/dizzy_cinderblock/dizzy_cinderblock_color.vmt,107,107
materials/models/props/ar_dizzy/dizzy_cinderblock/dizzy_cinderblock_color.vtf,65680,65680
materials/models/props/ar_dizzy/dizzy_drywall_stack/dizzy_drywall_stack_02_color.vmt,269,269
materials/models/props/ar_dizzy/dizzy_drywall_stack/dizzy_drywall_stack_02_color.vtf,87568,87568
materials/models/props/ar_dizzy/dizzy_drywall_stack/dizzy_drywall_stack_color.vmt,270,270
materials/models/props/ar_dizzy/dizzy_generator/dizzy_generator_01_color.vmt,139,139
materials/models/props/ar_dizzy/dizzy_generator/dizzy_generator_01_color.vtf,524432,524432
materials/models/props/ar_dizzy/dizzy_generator/dizzy_generator_02_color.vmt,124,124
materials/models/props/ar_dizzy/dizzy_generator/dizzy_generator_02_color.vtf,131280,131280
materials/models/props/ar_dizzy/dizzy_generator/dizzy_generator_wheel_color.vmt,127,127
materials/models/props/ar_dizzy/dizzy_generator/dizzy_generator_wheel_color.vtf,131280,131280
materials/models/props/ar_dizzy/dizzy_insulation/dizzy_insulation_01_color.vmt,108,108
materials/models/props/ar_dizzy/dizzy_insulation/dizzy_insulation_01_color.vtf,131280,131280
materials/models/props/ar_dizzy/dizzy_insulation/dizzy_insulation_bundle_wrap_color.vmt,159,159
materials/models/props/ar_dizzy/dizzy_insulation/dizzy_insulation_bundle_wrap_color.vtf,65680,65680
materials/models/props/ar_dizzy/dizzy_plywood_stack/dizzy_plywood_stack_color.vmt,305,305
materials/models/props/ar_dizzy/dizzy_plywood_stack/dizzy_plywood_stack_color.vtf,131280,131280
materials/models/props/ar_dizzy/dizzy_plywood_stack/dizzy_plywood_stack_mask.vtf,131280,131280
materials/models/props/ar_dizzy/dizzy_sawhorse/dizzy_metal_sawhorse_color.vmt,107,107
materials/models/props/ar_dizzy/dizzy_sawhorse/dizzy_metal_sawhorse_color.vtf,131280,131280
materials/models/props/ar_dizzy/dizzy_trash/dizzy_cardboard_trash_color.vmt,105,105
materials/models/props/ar_dizzy/dizzy_trash/dizzy_cardboard_trash_color.vtf,43912,43912
materials/models/props/ar_dizzy/ibeams/dizzy_crane_hook_color.vmt,95,95
materials/models/props/ar_dizzy/ibeams/dizzy_crane_hook_color.vtf,65680,65680
materials/models/props/ar_dizzy/ibeams/dizzy_ibeams_color.vmt,91,91
materials/models/props/ar_dizzy/ibeams/dizzy_ibeams_color.vtf,65680,65680
materials/models/props/ar_dizzy/mobile_office_trailer/mobile_office_trailer_color.vmt,115,115
materials/models/props/ar_dizzy/mobile_office_trailer/mobile_office_trailer_color.vtf,65680,65680
materials/models/props/ar_dizzy/mobile_office_trailer/trailer_exhaust_color.vmt,109,109
materials/models/props/ar_dizzy/mobile_office_trailer/trailer_exhaust_color.vtf,65680,65680
materials/models/props/coop_cementplant/coop_wooden_pallet/coop_wooden_pallet_color.vmt,161,161
materials/models/props/coop_cementplant/coop_wooden_pallet/coop_wooden_pallet_color.vtf,174928,174928
materials/models/props/cs_militia/paintbucket01.vmt,110,110
materials/models/props/cs_militia/paintbucket01.vtf,174984,174984
materials/models/props/cs_office/coffee_mug.vmt,161,161
materials/models/props/cs_office/coffee_mug.vtf,5608,5608
materials/models/props/cs_office/coffee_mug2.vmt,163,163
materials/models/props/cs_office/coffee_mug2.vtf,5608,5608
materials/models/props/cs_office/coffee_mug2_ref.vtf,488,488
materials/models/props/cs_office/coffee_mug3.vmt,163,163
materials/models/props/cs_office/coffee_mug3.vtf,5608,5608
materials/models/props/cs_office/coffee_mug3_ref.vtf,488,488
materials/models/props/cs_office/coffee_mug_ref.vtf,488,488
materials/models/props/cs_office/file_cabinet3.vmt,167,167
materials/models/props/cs_office/file_cabinet3.vtf,174968,174968
materials/models/props/cs_office/file_cabinet3_ref.vtf,888,888
materials/models/props/de_bank/construction_lift_cs.vmt,87,87
materials/models/props/de_bank/construction_lift_cs.vtf,131280,131280
materials/models/props/de_boathouse/table_drafting.vmt,86,86
materials/models/props/de_boathouse/table_drafting.vtf,131280,131280
materials/models/props/de_inferno/wire_spool_new_color.vmt,114,114
materials/models/props/de_inferno/wire_spool_new_color.vtf,131280,131280
materials/models/props/de_mill/cableswithties.vmt,81,81
materials/models/props/de_mill/cableswithties.vtf,2952,2952
materials/models/props/de_nuke/hr_nuke/airduct_hvac_001/airduct_hvac_001.vmt,153,153
materials/models/props/de_nuke/hr_nuke/airduct_hvac_001/airduct_hvac_001.vtf,32976,32976
materials/models/props/de_nuke/hr_nuke/airduct_hvac_001/airduct_hvac_001b.vmt,118,118
materials/models/props/de_nuke/hr_nuke/airduct_hvac_001/airduct_hvac_001b.vtf,262352,262352
materials/models/props/de_nuke/hr_nuke/catwalk_support_001/catwalk_support_001.vmt,499,499
materials/models/props/de_nuke/hr_nuke/catwalk_support_001/catwalk_support_001.vtf,349688,349688
materials/models/props/de_nuke/hr_nuke/chainlink_fence_001/chainlink_fence_001.vmt,159,159
materials/models/props/de_nuke/hr_nuke/chainlink_fence_001/chainlink_fence_001.vtf,131280,131280
materials/models/props/de_nuke/hr_nuke/chainlink_fence_001/chainlink_fence_cover_001.vmt,191,191
materials/models/props/de_nuke/hr_nuke/chainlink_fence_001/chainlink_fence_cover_001.vtf,262352,262352
materials/models/props/de_nuke/hr_nuke/chainlink_fence_001/chainlink_fence_wire_001.vmt,321,321
materials/models/props/de_nuke/hr_nuke/chainlink_fence_001/chainlink_fence_wire_001_mip0.vtf,349784,349784
materials/models/props/de_nuke/hr_nuke/metal_crate_001/metal_crate_001_detail.vtf,699272,699272
materials/models/props/de_nuke/hr_nuke/metal_door_001/metal_door_001.vmt,656,656
materials/models/props/de_nuke/hr_nuke/metal_door_001/metal_door_001.vtf,524432,524432
materials/models/props/de_nuke/hr_nuke/metal_door_001/metal_door_001b.vmt,151,151
materials/models/props/de_nuke/hr_nuke/metal_door_001/metal_door_001b_low.vmt,151,151
materials/models/props/de_nuke/hr_nuke/metal_door_001/metal_door_001c.vmt,656,656
materials/models/props/de_nuke/hr_nuke/metal_ladder_001/metal_ladder_001.vmt,117,117
materials/models/props/de_nuke/hr_nuke/metal_ladder_001/metal_ladder_001.vtf,262256,262256
materials/models/props/de_nuke/hr_nuke/metal_ladder_001/metal_ladder_001b.vmt,151,151
materials/models/props/de_nuke/hr_nuke/metal_pipe_001/metal_pipe_001.vmt,149,149
materials/models/props/de_nuke/hr_nuke/metal_pipe_001/metal_pipe_001.vtf,262288,262288
materials/models/props/de_nuke/hr_nuke/metal_pipe_001/metal_pipe_002.vmt,149,149
materials/models/props/de_nuke/hr_nuke/metal_pipe_001/metal_pipe_002.vtf,174944,174944
materials/models/props/de_nuke/hr_nuke/metal_railing_001/metal_railing_001.vmt,188,188
materials/models/props/de_nuke/hr_nuke/metal_railing_001/metal_railing_001b.vtf,16496,16496
materials/models/props/de_nuke/hr_nuke/metal_trim_001/metal_trim_001.vmt,178,178
materials/models/props/de_nuke/hr_nuke/metal_trim_001/metal_trim_001.vtf,174984,174984
materials/models/props/de_nuke/hr_nuke/nuke_cargo_crane/nuke_cargo_crane_winch_color.vmt,143,143
materials/models/props/de_nuke/hr_nuke/nuke_cargo_crane/nuke_cargo_crane_winch_color.vtf,8400,8400
materials/models/props/de_nuke/hr_nuke/nuke_control_room/control_room_displays_color.vmt,165,165
materials/models/props/de_nuke/hr_nuke/nuke_control_room/control_room_displays_color.vtf,65744,65744
materials/models/props/de_nuke/hr_nuke/nuke_floor_hatch/nuke_floor_hatch_color.vmt,159,159
materials/models/props/de_nuke/hr_nuke/nuke_floor_hatch/nuke_floor_hatch_color.vtf,65744,65744
materials/models/props/de_nuke/hr_nuke/nuke_hand_truck/nuke_hand_truck_color.vmt,594,594
materials/models/props/de_nuke/hr_nuke/nuke_hand_truck/nuke_hand_truck_color.vtf,65744,65744
materials/models/props/de_nuke/hr_nuke/nuke_hard_hat/nuke_hard_hat_color.vmt,556,556
materials/models/props/de_nuke/hr_nuke/nuke_hard_hat/nuke_hard_hat_color.vtf,174944,174944
materials/models/props/de_nuke/hr_nuke/nuke_industrial_props/nuke_industrial_props_001.vmt,376,376
materials/models/props/de_nuke/hr_nuke/nuke_industrial_props/nuke_industrial_props_001.vtf,262352,262352
materials/models/props/de_nuke/hr_nuke/nuke_industrial_props/nuke_industrial_props_002.vmt,578,578
materials/models/props/de_nuke/hr_nuke/nuke_industrial_props/nuke_industrial_props_002.vtf,262352,262352
materials/models/props/de_nuke/hr_nuke/nuke_light_fixture/nuke_fluorescent_light_color.vmt,520,520
materials/models/props/de_nuke/hr_nuke/nuke_light_fixture/nuke_fluorescent_light_color.vtf,349760,349760
materials/models/props/de_nuke/hr_nuke/nuke_light_fixture/nuke_fluorescent_light_illum.vtf,43912,43912
materials/models/props/de_nuke/hr_nuke/nuke_light_fixture/nuke_fluorescent_light_on_color.vmt,728,728
materials/models/props/de_nuke/hr_nuke/nuke_light_fixture/nuke_fluorescent_light_on_color.vtf,349760,349760
materials/models/props/de_nuke/hr_nuke/nuke_light_fixture/nuke_light_fixture_color.vmt,445,445
materials/models/props/de_nuke/hr_nuke/nuke_light_fixture/nuke_light_fixture_color.vtf,87616,87616
materials/models/props/de_nuke/hr_nuke/nuke_light_fixture/nuke_light_fixture_on_color.vmt,521,521
materials/models/props/de_nuke/hr_nuke/nuke_light_fixture/nuke_twin_spot_02_color.vmt,472,472
materials/models/props/de_nuke/hr_nuke/nuke_light_fixture/nuke_twin_spot_02_color.vtf,174968,174968
materials/models/props/de_nuke/hr_nuke/nuke_light_fixture/nuke_twin_spot_02_illum.vtf,22008,22008
materials/models/props/de_nuke/hr_nuke/nuke_light_fixture/nuke_twin_spot_02_mask.vtf,5624,5624
materials/models/props/de_nuke/hr_nuke/nuke_light_fixture/nuke_twin_spot_02_on_color.vmt,650,650
materials/models/props/de_nuke/hr_nuke/nuke_office_props/nuke_office_props_001.vmt,159,159
materials/models/props/de_nuke/hr_nuke/nuke_office_props/nuke_office_props_001.vtf,262352,262352
materials/models/props/de_nuke/hr_nuke/nuke_paint_bucket/nuke_paint_bucket_02_color.vmt,468,468
materials/models/props/de_nuke/hr_nuke/nuke_paint_bucket/nuke_paint_bucket_color.vmt,468,468
materials/models/props/de_nuke/hr_nuke/nuke_paint_bucket/nuke_paint_bucket_color.vtf,349784,349784
materials/models/props/de_nuke/hr_nuke/nuke_roof_ac/ac_powerbox_small_color.vmt,184,184
materials/models/props/de_nuke/hr_nuke/nuke_roof_ac/ac_powerbox_small_color.vtf,349784,349784
materials/models/props/de_nuke/hr_nuke/nuke_roof_ac/nuke_fan.vmt,674,674
materials/models/props/de_nuke/hr_nuke/nuke_roof_ac/nuke_fan_001_color.vtf,349760,349760
materials/models/props/de_nuke/hr_nuke/nuke_roof_ac/nuke_roof_ac01_ao.vtf,699272,699272
materials/models/props/de_nuke/hr_nuke/nuke_roof_ac/nuke_roof_ac01_color.vmt,518,518
materials/models/props/de_nuke/hr_nuke/nuke_roof_ac/nuke_roof_ac04_ao.vtf,174984,174984
materials/models/props/de_nuke/hr_nuke/nuke_roof_ac/nuke_roof_ac04_color.vmt,478,478
materials/models/props/de_nuke/hr_nuke/nuke_roof_ac/nuke_roof_ac_fan_low01_color.vmt,640,640
materials/models/props/de_nuke/hr_nuke/nuke_roof_ac/nuke_roof_ac_fan_low01_color.vtf,349760,349760
materials/models/props/de_nuke/hr_nuke/nuke_ventilation_exhaust/nuke_ventilation_exhaust_small_color.vmt,612,612
materials/models/props/de_nuke/hr_nuke/nuke_ventilation_exhaust/nuke_ventilation_exhaust_small_color.vtf,174984,174984
materials/models/props/de_nuke/hr_nuke/transformer_yard_powerbox/transformer_yard_powerbox_color.vmt,538,538
materials/models/props/de_nuke/hr_nuke/transformer_yard_powerbox/transformer_yard_powerbox_color.vtf,174984,174984
materials/models/props/de_nuke/hr_nuke/wires_001/wires_001.vmt,165,165
materials/models/props/de_nuke/hr_nuke/wires_001/wires_001.vtf,131216,131216
materials/models/props/de_nuke/hr_nuke/wires_001/wires_002.vmt,165,165
materials/models/props/de_nuke/hr_nuke/wires_001/wires_002.vtf,131216,131216
materials/models/props/de_train/hr_t/pipe_set_a_128/pipe_set_a_128.vmt,518,518
materials/models/props/de_train/hr_t/pipe_set_a_128/pipe_set_a_128.vtf,65744,65744
materials/models/props/de_train/hr_t/server_a/glass.vmt,103,103
materials/models/props/de_train/hr_t/server_a/lights.vmt,102,102
materials/models/props/de_train/hr_t/server_a/server_a.vmt,313,313
materials/models/props/de_train/hr_t/server_a/server_a.vtf,32976,32976
materials/models/props/de_train/wood_pallet_01.vtf,174968,174968
materials/models/props/de_vertigo/cityprops.vmt,96,96
materials/models/props/de_vertigo/cityprops.vtf,5720,5720
materials/models/props/de_vertigo/citystreets.vmt,81,81
materials/models/props/de_vertigo/citystreets.vtf,175008,175008
materials/models/props/de_vertigo/constructionlight.vmt,422,422
materials/models/props/de_vertigo/constructionlight.vtf,174968,174968
materials/models/props/de_vertigo/constructionsite_barrel.vmt,139,139
materials/models/props/de_vertigo/constructionsite_barrel.vtf,131216,131216
materials/models/props/de_vertigo/constructionsite_stairs.vmt,102,102
materials/models/props/de_vertigo/constructionsite_stairs.vtf,65680,65680
materials/models/props/de_vertigo/crane_construction01.vmt,138,138
materials/models/props/de_vertigo/crane_construction01.vtf,262352,262352
materials/models/props/de_vertigo/de_vertigo_skybox01.vmt,89,89
materials/models/props/de_vertigo/de_vertigo_skybox01.vtf,699272,699272
materials/models/props/de_vertigo/de_vertigo_skybox01_rooftop.vmt,97,97
materials/models/props/de_vertigo/de_vertigo_skybox01_rooftop.vtf,349688,349688
materials/models/props/de_vertigo/fanblade.vmt,223,223
materials/models/props/de_vertigo/fanblade.vtf,11128,11128
materials/models/props/de_vertigo/fencepost_constructionmetal_01.vmt,106,106
materials/models/props/de_vertigo/fencepost_constructionmetal_01.vtf,32912,32912
materials/models/props/de_vertigo/hvac_fanunit.vmt,120,120
materials/models/props/de_vertigo/hvac_fanunit.vtf,262352,262352
materials/models/props/de_vertigo/ibeam_plates.vmt,89,89
materials/models/props/de_vertigo/ibeam_plates.vtf,16592,16592
materials/models/props/de_vertigo/insulationroll01.vmt,115,115
materials/models/props/de_vertigo/insulationroll01.vtf,32976,32976
materials/models/props/de_vertigo/insulationroll_pallet_plastic01.vmt,143,143
materials/models/props/de_vertigo/insulationroll_pallet_plastic01.vtf,16528,16528
materials/models/props/de_vertigo/meshgrill.vmt,302,302
materials/models/props/de_vertigo/meshgrill.vtf,87640,87640
materials/models/props/de_vertigo/metal2x4.vmt,305,305
materials/models/props/de_vertigo/metal2x4.vtf,87576,87576
materials/models/props/de_vertigo/rebar_bundle.vmt,116,116
materials/models/props/de_vertigo/rebar_bundle.vtf,32976,32976
materials/models/props/de_vertigo/safetynet_01.vmt,283,283
materials/models/props/de_vertigo/safetynet_01.vtf,65744,65744
materials/models/props/de_vertigo/safetynet_roll_01.vmt,117,117
materials/models/props/de_vertigo/safetynet_roll_01.vtf,16528,16528
materials/models/props/de_vertigo/scaffolding.vmt,90,90
materials/models/props/de_vertigo/scaffolding.vtf,16528,16528
materials/models/props/de_vertigo/scaffoldinggrate.vmt,213,213
materials/models/props/de_vertigo/scaffoldinggrate.vtf,16592,16592
materials/models/props/de_vertigo/wood_pallet_01.vmt,82,82
materials/models/props/props_gameplay/bomb_defusal_box.vmt,88,88
materials/models/props/props_gameplay/bomb_defusal_box.vtf,32976,32976
materials/models/props_equipment/firepipe02.vmt,74,74
materials/models/props_equipment/firepipe02.vtf,16528,16528
materials/models/props_equipment/security_desk.vmt,177,177
materials/models/props_equipment/security_desk.vtf,175008,175008
materials/models/props_equipment/security_desk_ref.vtf,11168,11168
materials/models/props_fortifications/orangecone001_normal.vtf,2976,2976
materials/models/props_interiors/bucket_tools.vmt,152,152
materials/models/props_interiors/bucket_tools.vtf,43936,43936
materials/models/props_interiors/bucket_tools_ref.vtf,11168,11168
materials/models/props_interiors/coffee_maker.vmt,275,275
materials/models/props_interiors/coffee_maker.vtf,43936,43936
materials/models/props_interiors/coffee_maker_ref.vtf,11168,11168
materials/models/props_interiors/copymachine01.vmt,77,77
materials/models/props_interiors/copymachine01.vtf,8400,8400
materials/models/props_interiors/couch.vmt,158,158
materials/models/props_interiors/couch.vtf,43936,43936
materials/models/props_interiors/table_cafeteria.vmt,239,239
materials/models/props_interiors/table_cafeteria.vtf,175008,175008
materials/models/props_interiors/table_cafeteria_ref.vtf,43936,43936
materials/models/props_lighting/lightbulb01a.vmt,87,87
materials/models/props_lighting/lightbulb01a.vtf,43896,43896
materials/models/props_lighting/lightbulb01a_off.vmt,73,73
materials/models/props_pipes/hotel_pipes.vmt,71,71
materials/models/props_pipes/hotel_pipes.vtf,32976,32976
materials/models/props_resort/keyboard.vmt,301,301
materials/models/props_resort/keyboard.vtf,174960,174960
materials/models/props_resort/monitor.vmt,297,297
materials/models/props_resort/monitor.vtf,349776,349776
materials/models/props_resort/tv.vmt,291,291
materials/models/props_resort/tv.vtf,349776,349776
materials/models/props_street/awning_long.vmt,190,190
materials/models/props_street/awning_long.vtf,175008,175008
materials/models/props_street/awning_long_ref.vtf,11168,11168
materials/models/props_windows/window_farmhouse_big.vmt,103,103
materials/models/props_windows/window_farmhouse_big.vtf,43936,43936
materials/models/props_windows/window_farmhouse_glass.vmt,209,209
materials/models/props_windows/window_uban_apt_glass.vtf,349784,349784
materials/oskar/models/construction/ladder01.vmt,105,105
materials/oskar/models/construction/ladder01.vtf,174984,174984
materials/overlays/street_cover_06.vmt,166,166
materials/overlays/street_cover_06.vtf,87640,87640
materials/overlays/urban_paintswatch_01a.vmt,131,131
materials/overlays/urban_paintswatch_01a.vtf,174968,174968
materials/plaster/ceiling_insulation02-ssbump.vtf,349784,349784
materials/plaster/ceiling_insulation05.vmt,284,284
materials/plaster/ceiling_insulation05.vtf,174984,174984
materials/plaster/wallpaper02.vmt,94,94
materials/plaster/wallpaper02.vtf,175008,175008
materials/resort/interior/metal01.vmt,170,170
materials/resort/interior/metal01.vtf,349776,349776
materials/resort/interior/plaster01.vmt,90,90
materials/resort/interior/plaster01.vtf,699288,699288
materials/resort/interior/tiles01.vmt,85,85
materials/resort/interior/tiles01.vtf,699288,699288
materials/resort/interior/woodpanel01.vmt,89,89
materials/resort/interior/woodpanel01.vtf,174984,174984
materials/skybox/vertigo_hdrbk.vmt,115,115
materials/skybox/vertigo_hdrbk.vtf,349760,349760
materials/skybox/vertigo_hdrdn.vmt,115,115
materials/skybox/vertigo_hdrdn.vtf,349760,349760
materials/skybox/vertigo_hdrft.vmt,115,115
materials/skybox/vertigo_hdrft.vtf,349760,349760
materials/skybox/vertigo_hdrlf.vmt,115,115
materials/skybox/vertigo_hdrlf.vtf,349760,349760
materials/skybox/vertigo_hdrrt.vmt,115,115
materials/skybox/vertigo_hdrrt.vtf,349760,349760
materials/skybox/vertigo_hdrup.vmt,115,115
materials/skybox/vertigo_hdrup.vtf,349760,349760
materials/skybox/vertigobk.vtf,174984,174984
materials/skybox/vertigodn.vtf,174984,174984
materials/skybox/vertigoft.vtf,174984,174984
materials/skybox/vertigolf.vtf,174984,174984
materials/skybox/vertigort.vtf,174984,174984
materials/skybox/vertigoup.vtf,174984,174984
materials/tile/ceilingtilea.vmt,155,155
materials/tile/ceilingtilea.vtf,174968,174968
materials/tile/ceilingtilea_ref.vtf,43912,43912
materials/tile/tilefloor012a.vmt,326,326
materials/tile/tilefloor012a.vtf,174968,174968
materials/tile/urban_countertop01b.vmt,84,84
materials/tile/urban_countertop01b.vtf,175008,175008
materials/tile/vertigo_ceilingtileframe.vmt,142,142
materials/tile/vertigo_ceilingtileframe.vtf,349784,349784
materials/wood/vertigo_plywood.vmt,92,92
materials/wood/vertigo_plywood.vtf,175008,175008
materials/wood/wood_int_07.vmt,96,96
materials/wood/wood_int_07.vtf,175008,175008
materials/wood/wood_int_09.vmt,96,96
materials/wood/wood_int_09.vtf,175008,175008
models/agency/doors/door56.dx80.vtx,2613,2613
models/agency/doors/door56.dx90.vtx,2613,2613
models/agency/doors/door56.mdl,1740,1740
models/agency/doors/door56.phy,884,884
models/agency/doors/door56.sw.vtx,2613,2613
models/agency/doors/door56.vvd,11328,11328
models/agency/doors/frame56.dx80.vtx,1581,1581
models/agency/doors/frame56.dx90.vtx,1581,1581
models/agency/doors/frame56.mdl,1740,1740
models/agency/doors/frame56.phy,1906,1906
models/agency/doors/frame56.sw.vtx,1581,1581
models/agency/doors/frame56.vvd,7744,7744
models/agency/electrical/lighthole.dx80.vtx,1485,1485
models/agency/electrical/lighthole.dx90.vtx,1485,1485
models/agency/electrical/lighthole.mdl,1748,1748
models/agency/electrical/lighthole.sw.vtx,1485,1485
models/agency/electrical/lighthole.vvd,5952,5952
models/agency/electrical/tower.dx80.vtx,11337,11337
models/agency/electrical/tower.dx90.vtx,11337,11337
models/agency/electrical/tower.mdl,1748,1748
models/agency/electrical/tower.phy,688,688
models/agency/electrical/tower.sw.vtx,11337,11337
models/agency/electrical/tower.vvd,49472,49472
models/blackgold/blkg_pipesys_outlet.dx80.vtx,167029,167029
models/blackgold/blkg_pipesys_outlet.dx90.vtx,167029,167029
models/blackgold/blkg_pipesys_outlet.mdl,1768,1768
models/blackgold/blkg_pipesys_outlet.phy,17793,17793
models/blackgold/blkg_pipesys_outlet.sw.vtx,167029,167029
models/blackgold/blkg_pipesys_outlet.vvd,446272,446272
models/oskar/construction/ladder01.dx80.vtx,9207,9207
models/oskar/construction/ladder01.dx90.vtx,9207,9207
models/oskar/construction/ladder01.mdl,1808,1808
models/oskar/construction/ladder01.phy,5629,5629
models/oskar/construction/ladder01.sw.vtx,9199,9199
models/oskar/construction/ladder01.vvd,43712,43712
models/props/ar_dizzy/dizzy_buzzsaw/dizzy_buzzsaw.dx80.vtx,31329,31329
models/props/ar_dizzy/dizzy_buzzsaw/dizzy_buzzsaw.dx90.vtx,31329,31329
models/props/ar_dizzy/dizzy_buzzsaw/dizzy_buzzsaw.mdl,1896,1896
models/props/ar_dizzy/dizzy_buzzsaw/dizzy_buzzsaw.sw.vtx,31329,31329
models/props/ar_dizzy/dizzy_buzzsaw/dizzy_buzzsaw.vvd,134976,134976
models/props/ar_dizzy/dizzy_cinderblock/dizzy_cinderblock.dx80.vtx,2949,2949
models/props/ar_dizzy/dizzy_cinderblock/dizzy_cinderblock.dx90.vtx,2949,2949
models/props/ar_dizzy/dizzy_cinderblock/dizzy_cinderblock.mdl,1916,1916
models/props/ar_dizzy/dizzy_cinderblock/dizzy_cinderblock.phy,715,715
models/props/ar_dizzy/dizzy_cinderblock/dizzy_cinderblock.sw.vtx,2949,2949
models/props/ar_dizzy/dizzy_cinderblock/dizzy_cinderblock.vvd,14400,14400
models/props/ar_dizzy/dizzy_generator/dizzy_generator.dx80.vtx,66777,66777
models/props/ar_dizzy/dizzy_generator/dizzy_generator.dx90.vtx,66777,66777
models/props/ar_dizzy/dizzy_generator/dizzy_generator.mdl,1908,1908
models/props/ar_dizzy/dizzy_generator/dizzy_generator.phy,1724,1724
models/props/ar_dizzy/dizzy_generator/dizzy_generator.sw.vtx,66777,66777
models/props/ar_dizzy/dizzy_generator/dizzy_generator.vvd,291136,291136
models/props/ar_dizzy/dizzy_generator/dizzy_generator_02.dx80.vtx,18315,18315
models/props/ar_dizzy/dizzy_generator/dizzy_generator_02.dx90.vtx,18315,18315
models/props/ar_dizzy/dizzy_generator/dizzy_generator_02.mdl,1912,1912
models/props/ar_dizzy/dizzy_generator/dizzy_generator_02.phy,3397,3397
models/props/ar_dizzy/dizzy_generator/dizzy_generator_02.sw.vtx,18315,18315
models/props/ar_dizzy/dizzy_generator/dizzy_generator_02.vvd,88768,88768
models/props/ar_dizzy/dizzy_generator/dizzy_generator_wheels.dx80.vtx,26559,26559
models/props/ar_dizzy/dizzy_generator/dizzy_generator_wheels.dx90.vtx,26559,26559
models/props/ar_dizzy/dizzy_generator/dizzy_generator_wheels.mdl,1924,1924
models/props/ar_dizzy/dizzy_generator/dizzy_generator_wheels.phy,4457,4457
models/props/ar_dizzy/dizzy_generator/dizzy_generator_wheels.sw.vtx,26559,26559
models/props/ar_dizzy/dizzy_generator/dizzy_generator_wheels.vvd,95424,95424
models/props/ar_dizzy/dizzy_ibeam_bundle/dizzy_crane_hook.dx80.vtx,40188,40188
models/props/ar_dizzy/dizzy_ibeam_bundle/dizzy_crane_hook.dx90.vtx,40188,40188
models/props/ar_dizzy/dizzy_ibeam_bundle/dizzy_crane_hook.mdl,1908,1908
models/props/ar_dizzy/dizzy_ibeam_bundle/dizzy_crane_hook.phy,5635,5635
models/props/ar_dizzy/dizzy_ibeam_bundle/dizzy_crane_hook.sw.vtx,40188,40188
models/props/ar_dizzy/dizzy_ibeam_bundle/dizzy_crane_hook.vvd,149504,149504
models/props/ar_dizzy/dizzy_ibeam_bundle/dizzy_ibeam_bundle.dx80.vtx,78723,78723
models/props/ar_dizzy/dizzy_ibeam_bundle/dizzy_ibeam_bundle.dx90.vtx,78723,78723
models/props/ar_dizzy/dizzy_ibeam_bundle/dizzy_ibeam_bundle.mdl,2108,2108
models/props/ar_dizzy/dizzy_ibeam_bundle/dizzy_ibeam_bundle.phy,5292,5292
models/props/ar_dizzy/dizzy_ibeam_bundle/dizzy_ibeam_bundle.sw.vtx,78723,78723
models/props/ar_dizzy/dizzy_ibeam_bundle/dizzy_ibeam_bundle.vvd,311936,311936
models/props/ar_dizzy/dizzy_insulation/dizzy_insulation_bundle.dx80.vtx,89520,89520
models/props/ar_dizzy/dizzy_insulation/dizzy_insulation_bundle.dx90.vtx,89520,89520
models/props/ar_dizzy/dizzy_insulation/dizzy_insulation_bundle.mdl,2144,2144
models/props/ar_dizzy/dizzy_insulation/dizzy_insulation_bundle.phy,8589,8589
models/props/ar_dizzy/dizzy_insulation/dizzy_insulation_bundle.sw.vtx,89520,89520
models/props/ar_dizzy/dizzy_insulation/dizzy_insulation_bundle.vvd,361408,361408
models/props/ar_dizzy/dizzy_insulation/dizzy_insulation_insert_01.dx80.vtx,3807,3807
models/props/ar_dizzy/dizzy_insulation/dizzy_insulation_insert_01.dx90.vtx,3807,3807
models/props/ar_dizzy/dizzy_insulation/dizzy_insulation_insert_01.mdl,1936,1936
models/props/ar_dizzy/dizzy_insulation/dizzy_insulation_insert_01.phy,1012,1012
models/props/ar_dizzy/dizzy_insulation/dizzy_insulation_insert_01.sw.vtx,3807,3807
models/props/ar_dizzy/dizzy_insulation/dizzy_insulation_insert_01.vvd,14272,14272
models/props/ar_dizzy/dizzy_insulation/dizzy_insulation_insert_02.dx80.vtx,10173,10173
models/props/ar_dizzy/dizzy_insulation/dizzy_insulation_insert_02.dx90.vtx,10173,10173
models/props/ar_dizzy/dizzy_insulation/dizzy_insulation_insert_02.mdl,1936,1936
models/props/ar_dizzy/dizzy_insulation/dizzy_insulation_insert_02.phy,2847,2847
models/props/ar_dizzy/dizzy_insulation/dizzy_insulation_insert_02.sw.vtx,10173,10173
models/props/ar_dizzy/dizzy_insulation/dizzy_insulation_insert_02.vvd,41280,41280
models/props/ar_dizzy/dizzy_insulation/dizzy_insulation_piece01.dx80.vtx,4623,4623
models/props/ar_dizzy/dizzy_insulation/dizzy_insulation_piece01.dx90.vtx,4623,4623
models/props/ar_dizzy/dizzy_insulation/dizzy_insulation_piece01.mdl,1932,1932
models/props/ar_dizzy/dizzy_insulation/dizzy_insulation_piece01.phy,1011,1011
models/props/ar_dizzy/dizzy_insulation/dizzy_insulation_piece01.sw.vtx,4623,4623
models/props/ar_dizzy/dizzy_insulation/dizzy_insulation_piece01.vvd,18112,18112
models/props/ar_dizzy/dizzy_insulation/dizzy_insulation_piece02.dx80.vtx,8079,8079
models/props/ar_dizzy/dizzy_insulation/dizzy_insulation_piece02.dx90.vtx,8079,8079
models/props/ar_dizzy/dizzy_insulation/dizzy_insulation_piece02.mdl,1932,1932
models/props/ar_dizzy/dizzy_insulation/dizzy_insulation_piece02.phy,2003,2003
models/props/ar_dizzy/dizzy_insulation/dizzy_insulation_piece02.sw.vtx,8079,8079
models/props/ar_dizzy/dizzy_insulation/dizzy_insulation_piece02.vvd,34240,34240
models/props/ar_dizzy/dizzy_metal_sawhorse/dizzy_metal_sawhorse.dx80.vtx,37071,37071
models/props/ar_dizzy/dizzy_metal_sawhorse/dizzy_metal_sawhorse.dx90.vtx,37071,37071
models/props/ar_dizzy/dizzy_metal_sawhorse/dizzy_metal_sawhorse.mdl,1928,1928
models/props/ar_dizzy/dizzy_metal_sawhorse/dizzy_metal_sawhorse.phy,5103,5103
models/props/ar_dizzy/dizzy_metal_sawhorse/dizzy_metal_sawhorse.sw.vtx,37071,37071
models/props/ar_dizzy/dizzy_metal_sawhorse/dizzy_metal_sawhorse.vvd,171712,171712
models/props/ar_dizzy/dizzy_plywood_stack/dizzy_plywood_stack_01.dx80.vtx,14007,14007
models/props/ar_dizzy/dizzy_plywood_stack/dizzy_plywood_stack_01.dx90.vtx,14007,14007
models/props/ar_dizzy/dizzy_plywood_stack/dizzy_plywood_stack_01.mdl,1932,1932
models/props/ar_dizzy/dizzy_plywood_stack/dizzy_plywood_stack_01.phy,726,726
models/props/ar_dizzy/dizzy_plywood_stack/dizzy_plywood_stack_01.sw.vtx,14007,14007
models/props/ar_dizzy/dizzy_plywood_stack/dizzy_plywood_stack_01.vvd,60608,60608
models/props/ar_dizzy/dizzy_plywood_stack/dizzy_plywood_stack_02.dx80.vtx,10401,10401
models/props/ar_dizzy/dizzy_plywood_stack/dizzy_plywood_stack_02.dx90.vtx,10401,10401
models/props/ar_dizzy/dizzy_plywood_stack/dizzy_plywood_stack_02.mdl,1932,1932
models/props/ar_dizzy/dizzy_plywood_stack/dizzy_plywood_stack_02.phy,1939,1939
models/props/ar_dizzy/dizzy_plywood_stack/dizzy_plywood_stack_02.sw.vtx,10401,10401
models/props/ar_dizzy/dizzy_plywood_stack/dizzy_plywood_stack_02.vvd,43840,43840
models/props/ar_dizzy/dizzy_sheetrock_stack/dizzy_sheetrock_stack.dx80.vtx,20658,20658
models/props/ar_dizzy/dizzy_sheetrock_stack/dizzy_sheetrock_stack.dx90.vtx,20658,20658
models/props/ar_dizzy/dizzy_sheetrock_stack/dizzy_sheetrock_stack.mdl,2152,2152
models/props/ar_dizzy/dizzy_sheetrock_stack/dizzy_sheetrock_stack.phy,2538,2538
models/props/ar_dizzy/dizzy_sheetrock_stack/dizzy_sheetrock_stack.sw.vtx,20658,20658
models/props/ar_dizzy/dizzy_sheetrock_stack/dizzy_sheetrock_stack.vvd,92224,92224
models/props/ar_dizzy/dizzy_sheetrock_stack/dizzy_sheetrock_stack_leaning.dx80.vtx,9330,9330
models/props/ar_dizzy/dizzy_sheetrock_stack/dizzy_sheetrock_stack_leaning.dx90.vtx,9330,9330
models/props/ar_dizzy/dizzy_sheetrock_stack/dizzy_sheetrock_stack_leaning.mdl,2164,2164
models/props/ar_dizzy/dizzy_sheetrock_stack/dizzy_sheetrock_stack_leaning.phy,732,732
models/props/ar_dizzy/dizzy_sheetrock_stack/dizzy_sheetrock_stack_leaning.sw.vtx,9330,9330
models/props/ar_dizzy/dizzy_sheetrock_stack/dizzy_sheetrock_stack_leaning.vvd,38976,38976
models/props/ar_dizzy/dizzy_trash/dizzy_cardboard_trash_01.dx80.vtx,1473,1473
models/props/ar_dizzy/dizzy_trash/dizzy_cardboard_trash_01.dx90.vtx,1473,1473
models/props/ar_dizzy/dizzy_trash/dizzy_cardboard_trash_01.mdl,1912,1912
models/props/ar_dizzy/dizzy_trash/dizzy_cardboard_trash_01.phy,2657,2657
models/props/ar_dizzy/dizzy_trash/dizzy_cardboard_trash_01.sw.vtx,1473,1473
models/props/ar_dizzy/dizzy_trash/dizzy_cardboard_trash_01.vvd,6208,6208
models/props/ar_dizzy/dizzy_trash/dizzy_cardboard_trash_02.dx80.vtx,1395,1395
models/props/ar_dizzy/dizzy_trash/dizzy_cardboard_trash_02.dx90.vtx,1395,1395
models/props/ar_dizzy/dizzy_trash/dizzy_cardboard_trash_02.mdl,1912,1912
models/props/ar_dizzy/dizzy_trash/dizzy_cardboard_trash_02.phy,2626,2626
models/props/ar_dizzy/dizzy_trash/dizzy_cardboard_trash_02.sw.vtx,1395,1395
models/props/ar_dizzy/dizzy_trash/dizzy_cardboard_trash_02.vvd,5824,5824
models/props/ar_dizzy/dizzy_trash/dizzy_cardboard_trash_03.dx80.vtx,1431,1431
models/props/ar_dizzy/dizzy_trash/dizzy_cardboard_trash_03.dx90.vtx,1431,1431
models/props/ar_dizzy/dizzy_trash/dizzy_cardboard_trash_03.mdl,1912,1912
models/props/ar_dizzy/dizzy_trash/dizzy_cardboard_trash_03.phy,3986,3986
models/props/ar_dizzy/dizzy_trash/dizzy_cardboard_trash_03.sw.vtx,1431,1431
models/props/ar_dizzy/dizzy_trash/dizzy_cardboard_trash_03.vvd,6080,6080
models/props/ar_dizzy/office_trailer_exhaust/office_trailer_exhaust.dx80.vtx,10089,10089
models/props/ar_dizzy/office_trailer_exhaust/office_trailer_exhaust.dx90.vtx,10089,10089
models/props/ar_dizzy/office_trailer_exhaust/office_trailer_exhaust.mdl,1940,1940
models/props/ar_dizzy/office_trailer_exhaust/office_trailer_exhaust.phy,2151,2151
models/props/ar_dizzy/office_trailer_exhaust/office_trailer_exhaust.sw.vtx,10089,10089
models/props/ar_dizzy/office_trailer_exhaust/office_trailer_exhaust.vvd,44608,44608
models/props/ar_dizzy/office_trailer_frame/office_trailer_frame.dx80.vtx,50757,50757
models/props/ar_dizzy/office_trailer_frame/office_trailer_frame.dx90.vtx,50757,50757
models/props/ar_dizzy/office_trailer_frame/office_trailer_frame.mdl,1936,1936
models/props/ar_dizzy/office_trailer_frame/office_trailer_frame.sw.vtx,50757,50757
models/props/ar_dizzy/office_trailer_frame/office_trailer_frame.vvd,230976,230976
models/props/coop_cementplant/coop_wooden_pallet/coop_wooden_pallet.dx80.vtx,13725,13725
models/props/coop_cementplant/coop_wooden_pallet/coop_wooden_pallet.dx90.vtx,13725,13725
models/props/coop_cementplant/coop_wooden_pallet/coop_wooden_pallet.mdl,1944,1944
models/props/coop_cementplant/coop_wooden_pallet/coop_wooden_pallet.phy,719,719
models/props/coop_cementplant/coop_wooden_pallet/coop_wooden_pallet.sw.vtx,13725,13725
models/props/coop_cementplant/coop_wooden_pallet/coop_wooden_pallet.vvd,63552,63552
models/props/cs_militia/paintbucket01_static.dx80.vtx,36670,36670
models/props/cs_militia/paintbucket01_static.dx90.vtx,36670,36670
models/props/cs_militia/paintbucket01_static.mdl,1784,1784
models/props/cs_militia/paintbucket01_static.phy,3439,3439
models/props/cs_militia/paintbucket01_static.sw.vtx,36670,36670
models/props/cs_militia/paintbucket01_static.vvd,74560,74560
models/props/cs_office/coffee_mug.dx80.vtx,3399,3399
models/props/cs_office/coffee_mug.dx90.vtx,3399,3399
models/props/cs_office/coffee_mug.mdl,1992,1992
models/props/cs_office/coffee_mug.phy,1227,1227
models/props/cs_office/coffee_mug.sw.vtx,3399,3399
models/props/cs_office/coffee_mug.vtx,3399,3399
models/props/cs_office/coffee_mug.vvd,11968,11968
models/props/cs_office/coffee_mug_p1.dx80.vtx,1995,1995
models/props/cs_office/coffee_mug_p1.dx90.vtx,1995,1995
models/props/cs_office/coffee_mug_p1.mdl,1996,1996
models/props/cs_office/coffee_mug_p1.phy,696,696
models/props/cs_office/coffee_mug_p1.sw.vtx,1995,1995
models/props/cs_office/coffee_mug_p1.vtx,1995,1995
models/props/cs_office/coffee_mug_p1.vvd,8640,8640
models/props/cs_office/coffee_mug_p2.dx80.vtx,2373,2373
models/props/cs_office/coffee_mug_p2.dx90.vtx,2373,2373
models/props/cs_office/coffee_mug_p2.mdl,1996,1996
models/props/cs_office/coffee_mug_p2.phy,696,696
models/props/cs_office/coffee_mug_p2.sw.vtx,2373,2373
models/props/cs_office/coffee_mug_p2.vtx,2373,2373
models/props/cs_office/coffee_mug_p2.vvd,10304,10304
models/props/cs_office/coffee_mug_p3.dx80.vtx,1437,1437
models/props/cs_office/coffee_mug_p3.dx90.vtx,1437,1437
models/props/cs_office/coffee_mug_p3.mdl,1932,1932
models/props/cs_office/coffee_mug_p3.phy,695,695
models/props/cs_office/coffee_mug_p3.sw.vtx,1437,1437
models/props/cs_office/coffee_mug_p3.vtx,1437,1437
models/props/cs_office/coffee_mug_p3.vvd,4672,4672
models/props/cs_office/file_cabinet3.dx80.vtx,6648,6648
models/props/cs_office/file_cabinet3.dx90.vtx,6648,6648
models/props/cs_office/file_cabinet3.mdl,1776,1776
models/props/cs_office/file_cabinet3.phy,703,703
models/props/cs_office/file_cabinet3.sw.vtx,6648,6648
models/props/cs_office/file_cabinet3.vtx,6648,6648
models/props/cs_office/file_cabinet3.vvd,30976,30976
models/props/de_boathouse/table_drafting01.dx80.vtx,63328,63328
models/props/de_boathouse/table_drafting01.dx90.vtx,63328,63328
models/props/de_boathouse/table_drafting01.mdl,1784,1784
models/props/de_boathouse/table_drafting01.phy,7678,7678
models/props/de_boathouse/table_drafting01.sw.vtx,63328,63328
models/props/de_boathouse/table_drafting01.vvd,174464,174464
models/props/de_inferno/wire_spool01_new.dx80.vtx,12459,12459
models/props/de_inferno/wire_spool01_new.dx90.vtx,12459,12459
models/props/de_inferno/wire_spool01_new.mdl,1868,1868
models/props/de_inferno/wire_spool01_new.phy,4723,4723
models/props/de_inferno/wire_spool01_new.sw.vtx,12459,12459
models/props/de_inferno/wire_spool01_new.vvd,55488,55488
models/props/de_mill/de_mill_wire01.dx80.vtx,18699,18699
models/props/de_mill/de_mill_wire01.dx90.vtx,18699,18699
models/props/de_mill/de_mill_wire01.mdl,1764,1764
models/props/de_mill/de_mill_wire01.phy,700,700
models/props/de_mill/de_mill_wire01.sw.vtx,18699,18699
models/props/de_mill/de_mill_wire01.vvd,86080,86080
models/props/de_nuke/hr_nuke/airduct_hvac_001/airduct_hvac_001_128.dx80.vtx,7521,7521
models/props/de_nuke/hr_nuke/airduct_hvac_001/airduct_hvac_001_128.dx90.vtx,7521,7521
models/props/de_nuke/hr_nuke/airduct_hvac_001/airduct_hvac_001_128.mdl,2028,2028
models/props/de_nuke/hr_nuke/airduct_hvac_001/airduct_hvac_001_128.phy,720,720
models/props/de_nuke/hr_nuke/airduct_hvac_001/airduct_hvac_001_128.sw.vtx,7521,7521
models/props/de_nuke/hr_nuke/airduct_hvac_001/airduct_hvac_001_128.vvd,36416,36416
models/props/de_nuke/hr_nuke/airduct_hvac_001/airduct_hvac_001_32.dx80.vtx,4095,4095
models/props/de_nuke/hr_nuke/airduct_hvac_001/airduct_hvac_001_32.dx90.vtx,4095,4095
models/props/de_nuke/hr_nuke/airduct_hvac_001/airduct_hvac_001_32.mdl,2028,2028
models/props/de_nuke/hr_nuke/airduct_hvac_001/airduct_hvac_001_32.phy,719,719
models/props/de_nuke/hr_nuke/airduct_hvac_001/airduct_hvac_001_32.sw.vtx,4095,4095
models/props/de_nuke/hr_nuke/airduct_hvac_001/airduct_hvac_001_32.vvd,19904,19904
models/props/de_nuke/hr_nuke/airduct_hvac_001/airduct_hvac_001_64.dx80.vtx,3951,3951
models/props/de_nuke/hr_nuke/airduct_hvac_001/airduct_hvac_001_64.dx90.vtx,3951,3951
models/props/de_nuke/hr_nuke/airduct_hvac_001/airduct_hvac_001_64.mdl,2028,2028
models/props/de_nuke/hr_nuke/airduct_hvac_001/airduct_hvac_001_64.phy,719,719
models/props/de_nuke/hr_nuke/airduct_hvac_001/airduct_hvac_001_64.sw.vtx,3951,3951
models/props/de_nuke/hr_nuke/airduct_hvac_001/airduct_hvac_001_64.vvd,18880,18880
models/props/de_nuke/hr_nuke/airduct_hvac_001/airduct_hvac_001_curve_l.dx80.vtx,9141,9141
models/props/de_nuke/hr_nuke/airduct_hvac_001/airduct_hvac_001_curve_l.dx90.vtx,9141,9141
models/props/de_nuke/hr_nuke/airduct_hvac_001/airduct_hvac_001_curve_l.mdl,2036,2036
models/props/de_nuke/hr_nuke/airduct_hvac_001/airduct_hvac_001_curve_l.phy,2852,2852
models/props/de_nuke/hr_nuke/airduct_hvac_001/airduct_hvac_001_curve_l.sw.vtx,9141,9141
models/props/de_nuke/hr_nuke/airduct_hvac_001/airduct_hvac_001_curve_l.vvd,40768,40768
models/props/de_nuke/hr_nuke/airduct_hvac_001/airduct_hvac_001_curve_l_short.dx80.vtx,4659,4659
models/props/de_nuke/hr_nuke/airduct_hvac_001/airduct_hvac_001_curve_l_short.dx90.vtx,4659,4659
models/props/de_nuke/hr_nuke/airduct_hvac_001/airduct_hvac_001_curve_l_short.mdl,2044,2044
models/props/de_nuke/hr_nuke/airduct_hvac_001/airduct_hvac_001_curve_l_short.phy,1929,1929
models/props/de_nuke/hr_nuke/airduct_hvac_001/airduct_hvac_001_curve_l_short.sw.vtx,4659,4659
models/props/de_nuke/hr_nuke/airduct_hvac_001/airduct_hvac_001_curve_l_short.vvd,21184,21184
models/props/de_nuke/hr_nuke/airduct_hvac_001/airduct_hvac_001_endcap.dx80.vtx,3531,3531
models/props/de_nuke/hr_nuke/airduct_hvac_001/airduct_hvac_001_endcap.dx90.vtx,3531,3531
models/props/de_nuke/hr_nuke/airduct_hvac_001/airduct_hvac_001_endcap.mdl,2036,2036
models/props/de_nuke/hr_nuke/airduct_hvac_001/airduct_hvac_001_endcap.phy,719,719
models/props/de_nuke/hr_nuke/airduct_hvac_001/airduct_hvac_001_endcap.sw.vtx,3531,3531
models/props/de_nuke/hr_nuke/airduct_hvac_001/airduct_hvac_001_endcap.vvd,17088,17088
models/props/de_nuke/hr_nuke/airduct_hvac_001/airduct_hvac_001_sidevent_b.dx80.vtx,3249,3249
models/props/de_nuke/hr_nuke/airduct_hvac_001/airduct_hvac_001_sidevent_b.dx90.vtx,3249,3249
models/props/de_nuke/hr_nuke/airduct_hvac_001/airduct_hvac_001_sidevent_b.mdl,2044,2044
models/props/de_nuke/hr_nuke/airduct_hvac_001/airduct_hvac_001_sidevent_b.phy,1324,1324
models/props/de_nuke/hr_nuke/airduct_hvac_001/airduct_hvac_001_sidevent_b.sw.vtx,3249,3249
models/props/de_nuke/hr_nuke/airduct_hvac_001/airduct_hvac_001_sidevent_b.vvd,13888,13888
models/props/de_nuke/hr_nuke/airduct_hvac_001/airduct_hvac_001b_128.dx80.vtx,7521,7521
models/props/de_nuke/hr_nuke/airduct_hvac_001/airduct_hvac_001b_128.dx90.vtx,7521,7521
models/props/de_nuke/hr_nuke/airduct_hvac_001/airduct_hvac_001b_128.mdl,2028,2028
models/props/de_nuke/hr_nuke/airduct_hvac_001/airduct_hvac_001b_128.phy,724,724
models/props/de_nuke/hr_nuke/airduct_hvac_001/airduct_hvac_001b_128.sw.vtx,7521,7521
models/props/de_nuke/hr_nuke/airduct_hvac_001/airduct_hvac_001b_128.vvd,36416,36416
models/props/de_nuke/hr_nuke/airduct_hvac_001/airduct_hvac_001b_4.dx80.vtx,2031,2031
models/props/de_nuke/hr_nuke/airduct_hvac_001/airduct_hvac_001b_4.dx90.vtx,2031,2031
models/props/de_nuke/hr_nuke/airduct_hvac_001/airduct_hvac_001b_4.mdl,2028,2028
models/props/de_nuke/hr_nuke/airduct_hvac_001/airduct_hvac_001b_4.phy,718,718
models/props/de_nuke/hr_nuke/airduct_hvac_001/airduct_hvac_001b_4.sw.vtx,2031,2031
models/props/de_nuke/hr_nuke/airduct_hvac_001/airduct_hvac_001b_4.vvd,9664,9664
models/props/de_nuke/hr_nuke/airduct_hvac_001/airduct_hvac_001b_64.dx80.vtx,3951,3951
models/props/de_nuke/hr_nuke/airduct_hvac_001/airduct_hvac_001b_64.dx90.vtx,3951,3951
models/props/de_nuke/hr_nuke/airduct_hvac_001/airduct_hvac_001b_64.mdl,2028,2028
models/props/de_nuke/hr_nuke/airduct_hvac_001/airduct_hvac_001b_64.phy,720,720
models/props/de_nuke/hr_nuke/airduct_hvac_001/airduct_hvac_001b_64.sw.vtx,3951,3951
models/props/de_nuke/hr_nuke/airduct_hvac_001/airduct_hvac_001b_64.vvd,18880,18880
models/props/de_nuke/hr_nuke/airduct_hvac_001/airduct_hvac_001b_curve_d_short.dx80.vtx,4911,4911
models/props/de_nuke/hr_nuke/airduct_hvac_001/airduct_hvac_001b_curve_d_short.dx90.vtx,4911,4911
models/props/de_nuke/hr_nuke/airduct_hvac_001/airduct_hvac_001b_curve_d_short.mdl,2052,2052
models/props/de_nuke/hr_nuke/airduct_hvac_001/airduct_hvac_001b_curve_d_short.phy,1883,1883
models/props/de_nuke/hr_nuke/airduct_hvac_001/airduct_hvac_001b_curve_d_short.sw.vtx,4911,4911
models/props/de_nuke/hr_nuke/airduct_hvac_001/airduct_hvac_001b_curve_d_short.vvd,23488,23488
models/props/de_nuke/hr_nuke/catwalk_support_001/catwalk_support_001d.dx80.vtx,5289,5289
models/props/de_nuke/hr_nuke/catwalk_support_001/catwalk_support_001d.dx90.vtx,5289,5289
models/props/de_nuke/hr_nuke/catwalk_support_001/catwalk_support_001d.mdl,1956,1956
models/props/de_nuke/hr_nuke/catwalk_support_001/catwalk_support_001d.phy,3076,3076
models/props/de_nuke/hr_nuke/catwalk_support_001/catwalk_support_001d.sw.vtx,5289,5289
models/props/de_nuke/hr_nuke/catwalk_support_001/catwalk_support_001d.vvd,24384,24384
models/props/de_nuke/hr_nuke/chainlink_fence_001/chainlink_fence_001_block.dx80.vtx,4059,4059
models/props/de_nuke/hr_nuke/chainlink_fence_001/chainlink_fence_001_block.dx90.vtx,4059,4059
models/props/de_nuke/hr_nuke/chainlink_fence_001/chainlink_fence_001_block.mdl,1968,1968
models/props/de_nuke/hr_nuke/chainlink_fence_001/chainlink_fence_001_block.phy,727,727
models/props/de_nuke/hr_nuke/chainlink_fence_001/chainlink_fence_001_block.sw.vtx,4059,4059
models/props/de_nuke/hr_nuke/chainlink_fence_001/chainlink_fence_001_block.vvd,18880,18880
models/props/de_nuke/hr_nuke/chainlink_fence_001/chainlink_fence_001_post.dx80.vtx,23265,23265
models/props/de_nuke/hr_nuke/chainlink_fence_001/chainlink_fence_001_post.dx90.vtx,23265,23265
models/props/de_nuke/hr_nuke/chainlink_fence_001/chainlink_fence_001_post.mdl,1968,1968
models/props/de_nuke/hr_nuke/chainlink_fence_001/chainlink_fence_001_post.phy,726,726
models/props/de_nuke/hr_nuke/chainlink_fence_001/chainlink_fence_001_post.sw.vtx,23265,23265
models/props/de_nuke/hr_nuke/chainlink_fence_001/chainlink_fence_001_post.vvd,103488,103488
models/props/de_nuke/hr_nuke/chainlink_fence_001/chainlink_fence_001b_128.dx80.vtx,27939,27939
models/props/de_nuke/hr_nuke/chainlink_fence_001/chainlink_fence_001b_128.dx90.vtx,27939,27939
models/props/de_nuke/hr_nuke/chainlink_fence_001/chainlink_fence_001b_128.mdl,2172,2172
models/props/de_nuke/hr_nuke/chainlink_fence_001/chainlink_fence_001b_128.phy,730,730
models/props/de_nuke/hr_nuke/chainlink_fence_001/chainlink_fence_001b_128.sw.vtx,27939,27939
models/props/de_nuke/hr_nuke/chainlink_fence_001/chainlink_fence_001b_128.vvd,122752,122752
models/props/de_nuke/hr_nuke/chainlink_fence_001/chainlink_fence_001b_256.dx80.vtx,53277,53277
models/props/de_nuke/hr_nuke/chainlink_fence_001/chainlink_fence_001b_256.dx90.vtx,53277,53277
models/props/de_nuke/hr_nuke/chainlink_fence_001/chainlink_fence_001b_256.mdl,2172,2172
models/props/de_nuke/hr_nuke/chainlink_fence_001/chainlink_fence_001b_256.phy,730,730
models/props/de_nuke/hr_nuke/chainlink_fence_001/chainlink_fence_001b_256.sw.vtx,53277,53277
models/props/de_nuke/hr_nuke/chainlink_fence_001/chainlink_fence_001b_256.vvd,237056,237056
models/props/de_nuke/hr_nuke/chainlink_fence_001/chainlink_fence_cover_001_256.dx80.vtx,33294,33294
models/props/de_nuke/hr_nuke/chainlink_fence_001/chainlink_fence_cover_001_256.dx90.vtx,33294,33294
models/props/de_nuke/hr_nuke/chainlink_fence_001/chainlink_fence_cover_001_256.mdl,2176,2176
models/props/de_nuke/hr_nuke/chainlink_fence_001/chainlink_fence_cover_001_256.phy,731,731
models/props/de_nuke/hr_nuke/chainlink_fence_001/chainlink_fence_cover_001_256.sw.vtx,33294,33294
models/props/de_nuke/hr_nuke/chainlink_fence_001/chainlink_fence_cover_001_256.vvd,141120,141120
models/props/de_nuke/hr_nuke/control_room_displays/control_room_button_panel02.dx80.vtx,2925,2925
models/props/de_nuke/hr_nuke/control_room_displays/control_room_button_panel02.dx90.vtx,2925,2925
models/props/de_nuke/hr_nuke/control_room_displays/control_room_button_panel02.mdl,1908,1908
models/props/de_nuke/hr_nuke/control_room_displays/control_room_button_panel02.sw.vtx,2925,2925
models/props/de_nuke/hr_nuke/control_room_displays/control_room_button_panel02.vvd,12608,12608
models/props/de_nuke/hr_nuke/control_room_displays/control_room_lever01.dx80.vtx,2238,2238
models/props/de_nuke/hr_nuke/control_room_displays/control_room_lever01.dx90.vtx,2238,2238
models/props/de_nuke/hr_nuke/control_room_displays/control_room_lever01.mdl,1956,1956
models/props/de_nuke/hr_nuke/control_room_displays/control_room_lever01.sw.vtx,2238,2238
models/props/de_nuke/hr_nuke/control_room_displays/control_room_lever01.vvd,9856,9856
models/props/de_nuke/hr_nuke/metal_door_001/metal_door_001_low.dx80.vtx,7137,7137
models/props/de_nuke/hr_nuke/metal_door_001/metal_door_001_low.dx90.vtx,7137,7137
models/props/de_nuke/hr_nuke/metal_door_001/metal_door_001_low.mdl,2104,2104
models/props/de_nuke/hr_nuke/metal_door_001/metal_door_001_low.phy,718,718
models/props/de_nuke/hr_nuke/metal_door_001/metal_door_001_low.sw.vtx,7137,7137
models/props/de_nuke/hr_nuke/metal_door_001/metal_door_001_low.vvd,30272,30272
models/props/de_nuke/hr_nuke/metal_door_001/metal_door_001b_low.dx80.vtx,7137,7137
models/props/de_nuke/hr_nuke/metal_door_001/metal_door_001b_low.dx90.vtx,7137,7137
models/props/de_nuke/hr_nuke/metal_door_001/metal_door_001b_low.mdl,2112,2112
models/props/de_nuke/hr_nuke/metal_door_001/metal_door_001b_low.phy,719,719
models/props/de_nuke/hr_nuke/metal_door_001/metal_door_001b_low.sw.vtx,7137,7137
models/props/de_nuke/hr_nuke/metal_door_001/metal_door_001b_low.vvd,30272,30272
models/props/de_nuke/hr_nuke/metal_door_001/metal_door_double_frame_001_8.dx80.vtx,4611,4611
models/props/de_nuke/hr_nuke/metal_door_001/metal_door_double_frame_001_8.dx90.vtx,4611,4611
models/props/de_nuke/hr_nuke/metal_door_001/metal_door_double_frame_001_8.mdl,2128,2128
models/props/de_nuke/hr_nuke/metal_door_001/metal_door_double_frame_001_8.phy,2473,2473
models/props/de_nuke/hr_nuke/metal_door_001/metal_door_double_frame_001_8.sw.vtx,4611,4611
models/props/de_nuke/hr_nuke/metal_door_001/metal_door_double_frame_001_8.vvd,20928,20928
models/props/de_nuke/hr_nuke/metal_door_001/metal_door_frame_001_8.dx80.vtx,5559,5559
models/props/de_nuke/hr_nuke/metal_door_001/metal_door_frame_001_8.dx90.vtx,5559,5559
models/props/de_nuke/hr_nuke/metal_door_001/metal_door_frame_001_8.mdl,2020,2020
models/props/de_nuke/hr_nuke/metal_door_001/metal_door_frame_001_8.phy,2450,2450
models/props/de_nuke/hr_nuke/metal_door_001/metal_door_frame_001_8.sw.vtx,5559,5559
models/props/de_nuke/hr_nuke/metal_door_001/metal_door_frame_001_8.vvd,25792,25792
models/props/de_nuke/hr_nuke/metal_ladder_001/metal_ladder_001_64.dx80.vtx,7833,7833
models/props/de_nuke/hr_nuke/metal_ladder_001/metal_ladder_001_64.dx90.vtx,7833,7833
models/props/de_nuke/hr_nuke/metal_ladder_001/metal_ladder_001_64.mdl,2028,2028
models/props/de_nuke/hr_nuke/metal_ladder_001/metal_ladder_001_64.phy,3075,3075
models/props/de_nuke/hr_nuke/metal_ladder_001/metal_ladder_001_64.sw.vtx,7833,7833
models/props/de_nuke/hr_nuke/metal_ladder_001/metal_ladder_001_64.vvd,30528,30528
models/props/de_nuke/hr_nuke/metal_ladder_001/metal_ladder_001_cage.dx80.vtx,15090,15090
models/props/de_nuke/hr_nuke/metal_ladder_001/metal_ladder_001_cage.dx90.vtx,15090,15090
models/props/de_nuke/hr_nuke/metal_ladder_001/metal_ladder_001_cage.mdl,2028,2028
models/props/de_nuke/hr_nuke/metal_ladder_001/metal_ladder_001_cage.phy,5632,5632
models/props/de_nuke/hr_nuke/metal_ladder_001/metal_ladder_001_cage.sw.vtx,15090,15090
models/props/de_nuke/hr_nuke/metal_ladder_001/metal_ladder_001_cage.vvd,61056,61056
models/props/de_nuke/hr_nuke/metal_ladder_001/metal_ladder_001_cage_frame.dx80.vtx,10635,10635
models/props/de_nuke/hr_nuke/metal_ladder_001/metal_ladder_001_cage_frame.dx90.vtx,10635,10635
models/props/de_nuke/hr_nuke/metal_ladder_001/metal_ladder_001_cage_frame.mdl,2044,2044
models/props/de_nuke/hr_nuke/metal_ladder_001/metal_ladder_001_cage_frame.phy,3259,3259
models/props/de_nuke/hr_nuke/metal_ladder_001/metal_ladder_001_cage_frame.sw.vtx,10635,10635
models/props/de_nuke/hr_nuke/metal_ladder_001/metal_ladder_001_cage_frame.vvd,42176,42176
models/props/de_nuke/hr_nuke/metal_ladder_001/metal_ladder_001_end_curve.dx80.vtx,21201,21201
models/props/de_nuke/hr_nuke/metal_ladder_001/metal_ladder_001_end_curve.dx90.vtx,21201,21201
models/props/de_nuke/hr_nuke/metal_ladder_001/metal_ladder_001_end_curve.mdl,2036,2036
models/props/de_nuke/hr_nuke/metal_ladder_001/metal_ladder_001_end_curve.phy,8602,8602
models/props/de_nuke/hr_nuke/metal_ladder_001/metal_ladder_001_end_curve.sw.vtx,21201,21201
models/props/de_nuke/hr_nuke/metal_ladder_001/metal_ladder_001_end_curve.vvd,80192,80192
models/props/de_nuke/hr_nuke/metal_ladder_001/metal_ladder_001_endcap.dx80.vtx,3717,3717
models/props/de_nuke/hr_nuke/metal_ladder_001/metal_ladder_001_endcap.dx90.vtx,3717,3717
models/props/de_nuke/hr_nuke/metal_ladder_001/metal_ladder_001_endcap.mdl,2036,2036
models/props/de_nuke/hr_nuke/metal_ladder_001/metal_ladder_001_endcap.phy,2103,2103
models/props/de_nuke/hr_nuke/metal_ladder_001/metal_ladder_001_endcap.sw.vtx,3717,3717
models/props/de_nuke/hr_nuke/metal_ladder_001/metal_ladder_001_endcap.vvd,13888,13888
models/props/de_nuke/hr_nuke/metal_ladder_001/metal_ladder_001_wall_support_small.dx80.vtx,3123,3123
models/props/de_nuke/hr_nuke/metal_ladder_001/metal_ladder_001_wall_support_small.dx90.vtx,3123,3123
models/props/de_nuke/hr_nuke/metal_ladder_001/metal_ladder_001_wall_support_small.mdl,2060,2060
models/props/de_nuke/hr_nuke/metal_ladder_001/metal_ladder_001_wall_support_small.phy,1394,1394
models/props/de_nuke/hr_nuke/metal_ladder_001/metal_ladder_001_wall_support_small.sw.vtx,3123,3123
models/props/de_nuke/hr_nuke/metal_ladder_001/metal_ladder_001_wall_support_small.vvd,14016,14016
models/props/de_nuke/hr_nuke/metal_pipe_001/metal_pipe_001_corner_large.dx80.vtx,9723,9723
models/props/de_nuke/hr_nuke/metal_pipe_001/metal_pipe_001_corner_large.dx90.vtx,9723,9723
models/props/de_nuke/hr_nuke/metal_pipe_001/metal_pipe_001_corner_large.mdl,2028,2028
models/props/de_nuke/hr_nuke/metal_pipe_001/metal_pipe_001_corner_large.phy,4068,4068
models/props/de_nuke/hr_nuke/metal_pipe_001/metal_pipe_001_corner_large.sw.vtx,9723,9723
models/props/de_nuke/hr_nuke/metal_pipe_001/metal_pipe_001_corner_large.vvd,32704,32704
models/props/de_nuke/hr_nuke/metal_pipe_001/metal_pipe_001_endcap.dx80.vtx,5625,5625
models/props/de_nuke/hr_nuke/metal_pipe_001/metal_pipe_001_endcap.dx90.vtx,5625,5625
models/props/de_nuke/hr_nuke/metal_pipe_001/metal_pipe_001_endcap.mdl,2020,2020
models/props/de_nuke/hr_nuke/metal_pipe_001/metal_pipe_001_endcap.phy,1292,1292
models/props/de_nuke/hr_nuke/metal_pipe_001/metal_pipe_001_endcap.sw.vtx,5625,5625
models/props/de_nuke/hr_nuke/metal_pipe_001/metal_pipe_001_endcap.vvd,26944,26944
models/props/de_nuke/hr_nuke/metal_pipe_001/metal_pipe_001_straight_128.dx80.vtx,3513,3513
models/props/de_nuke/hr_nuke/metal_pipe_001/metal_pipe_001_straight_128.dx90.vtx,3513,3513
models/props/de_nuke/hr_nuke/metal_pipe_001/metal_pipe_001_straight_128.mdl,2028,2028
models/props/de_nuke/hr_nuke/metal_pipe_001/metal_pipe_001_straight_128.phy,1398,1398
models/props/de_nuke/hr_nuke/metal_pipe_001/metal_pipe_001_straight_128.sw.vtx,3513,3513
models/props/de_nuke/hr_nuke/metal_pipe_001/metal_pipe_001_straight_128.vvd,13120,13120
models/props/de_nuke/hr_nuke/metal_pipe_001/metal_pipe_001_straight_16.dx80.vtx,2133,2133
models/props/de_nuke/hr_nuke/metal_pipe_001/metal_pipe_001_straight_16.dx90.vtx,2133,2133
models/props/de_nuke/hr_nuke/metal_pipe_001/metal_pipe_001_straight_16.mdl,2028,2028
models/props/de_nuke/hr_nuke/metal_pipe_001/metal_pipe_001_straight_16.phy,1490,1490
models/props/de_nuke/hr_nuke/metal_pipe_001/metal_pipe_001_straight_16.sw.vtx,2133,2133
models/props/de_nuke/hr_nuke/metal_pipe_001/metal_pipe_001_straight_16.vvd,8768,8768
models/props/de_nuke/hr_nuke/metal_pipe_001/metal_pipe_001_straight_32.dx80.vtx,2133,2133
models/props/de_nuke/hr_nuke/metal_pipe_001/metal_pipe_001_straight_32.dx90.vtx,2133,2133
models/props/de_nuke/hr_nuke/metal_pipe_001/metal_pipe_001_straight_32.mdl,2028,2028
models/props/de_nuke/hr_nuke/metal_pipe_001/metal_pipe_001_straight_32.phy,1395,1395
models/props/de_nuke/hr_nuke/metal_pipe_001/metal_pipe_001_straight_32.sw.vtx,2133,2133
models/props/de_nuke/hr_nuke/metal_pipe_001/metal_pipe_001_straight_32.vvd,8768,8768
models/props/de_nuke/hr_nuke/metal_pipe_001/metal_pipe_001_straight_4.dx80.vtx,2133,2133
models/props/de_nuke/hr_nuke/metal_pipe_001/metal_pipe_001_straight_4.dx90.vtx,2133,2133
models/props/de_nuke/hr_nuke/metal_pipe_001/metal_pipe_001_straight_4.mdl,2028,2028
models/props/de_nuke/hr_nuke/metal_pipe_001/metal_pipe_001_straight_4.phy,1297,1297
models/props/de_nuke/hr_nuke/metal_pipe_001/metal_pipe_001_straight_4.sw.vtx,2133,2133
models/props/de_nuke/hr_nuke/metal_pipe_001/metal_pipe_001_straight_4.vvd,8768,8768
models/props/de_nuke/hr_nuke/metal_pipe_001/metal_pipe_001_straight_64.dx80.vtx,1827,1827
models/props/de_nuke/hr_nuke/metal_pipe_001/metal_pipe_001_straight_64.dx90.vtx,1827,1827
models/props/de_nuke/hr_nuke/metal_pipe_001/metal_pipe_001_straight_64.mdl,2028,2028
models/props/de_nuke/hr_nuke/metal_pipe_001/metal_pipe_001_straight_64.phy,1395,1395
models/props/de_nuke/hr_nuke/metal_pipe_001/metal_pipe_001_straight_64.sw.vtx,1827,1827
models/props/de_nuke/hr_nuke/metal_pipe_001/metal_pipe_001_straight_64.vvd,6592,6592
models/props/de_nuke/hr_nuke/metal_pipe_001/metal_pipe_001_straight_8.dx80.vtx,2133,2133
models/props/de_nuke/hr_nuke/metal_pipe_001/metal_pipe_001_straight_8.dx90.vtx,2133,2133
models/props/de_nuke/hr_nuke/metal_pipe_001/metal_pipe_001_straight_8.mdl,2028,2028
models/props/de_nuke/hr_nuke/metal_pipe_001/metal_pipe_001_straight_8.phy,1393,1393
models/props/de_nuke/hr_nuke/metal_pipe_001/metal_pipe_001_straight_8.sw.vtx,2133,2133
models/props/de_nuke/hr_nuke/metal_pipe_001/metal_pipe_001_straight_8.vvd,8768,8768
models/props/de_nuke/hr_nuke/metal_pipe_001/metal_pipe_001b_endcap.dx80.vtx,5625,5625
models/props/de_nuke/hr_nuke/metal_pipe_001/metal_pipe_001b_endcap.dx90.vtx,5625,5625
models/props/de_nuke/hr_nuke/metal_pipe_001/metal_pipe_001b_endcap.mdl,2020,2020
models/props/de_nuke/hr_nuke/metal_pipe_001/metal_pipe_001b_endcap.phy,1870,1870
models/props/de_nuke/hr_nuke/metal_pipe_001/metal_pipe_001b_endcap.sw.vtx,5625,5625
models/props/de_nuke/hr_nuke/metal_pipe_001/metal_pipe_001b_endcap.vvd,26944,26944
models/props/de_nuke/hr_nuke/metal_pipe_001/metal_pipe_001b_straight_128.dx80.vtx,1827,1827
models/props/de_nuke/hr_nuke/metal_pipe_001/metal_pipe_001b_straight_128.dx90.vtx,1827,1827
models/props/de_nuke/hr_nuke/metal_pipe_001/metal_pipe_001b_straight_128.mdl,2032,2032
models/props/de_nuke/hr_nuke/metal_pipe_001/metal_pipe_001b_straight_128.phy,1880,1880
models/props/de_nuke/hr_nuke/metal_pipe_001/metal_pipe_001b_straight_128.sw.vtx,1827,1827
models/props/de_nuke/hr_nuke/metal_pipe_001/metal_pipe_001b_straight_128.vvd,6592,6592
models/props/de_nuke/hr_nuke/metal_railing_001/metal_railing_001_256.dx80.vtx,10227,10227
models/props/de_nuke/hr_nuke/metal_railing_001/metal_railing_001_256.dx90.vtx,10227,10227
models/props/de_nuke/hr_nuke/metal_railing_001/metal_railing_001_256.mdl,2032,2032
models/props/de_nuke/hr_nuke/metal_railing_001/metal_railing_001_256.phy,5752,5752
models/props/de_nuke/hr_nuke/metal_railing_001/metal_railing_001_256.sw.vtx,10227,10227
models/props/de_nuke/hr_nuke/metal_railing_001/metal_railing_001_256.vvd,45248,45248
models/props/de_nuke/hr_nuke/metal_railing_001/metal_railing_001_end.dx80.vtx,2805,2805
models/props/de_nuke/hr_nuke/metal_railing_001/metal_railing_001_end.dx90.vtx,2805,2805
models/props/de_nuke/hr_nuke/metal_railing_001/metal_railing_001_end.mdl,2032,2032
models/props/de_nuke/hr_nuke/metal_railing_001/metal_railing_001_end.phy,717,717
models/props/de_nuke/hr_nuke/metal_railing_001/metal_railing_001_end.sw.vtx,2805,2805
models/props/de_nuke/hr_nuke/metal_railing_001/metal_railing_001_end.vvd,11328,11328
models/props/de_nuke/hr_nuke/metal_trim_001/metal_roof_trim_001_128.dx80.vtx,2046,2046
models/props/de_nuke/hr_nuke/metal_trim_001/metal_roof_trim_001_128.dx90.vtx,2046,2046
models/props/de_nuke/hr_nuke/metal_trim_001/metal_roof_trim_001_128.mdl,1944,1944
models/props/de_nuke/hr_nuke/metal_trim_001/metal_roof_trim_001_128.phy,723,723
models/props/de_nuke/hr_nuke/metal_trim_001/metal_roof_trim_001_128.sw.vtx,2046,2046
models/props/de_nuke/hr_nuke/metal_trim_001/metal_roof_trim_001_128.vvd,7552,7552
models/props/de_nuke/hr_nuke/metal_trim_001/metal_roof_trim_001_16.dx80.vtx,1665,1665
models/props/de_nuke/hr_nuke/metal_trim_001/metal_roof_trim_001_16.dx90.vtx,1665,1665
models/props/de_nuke/hr_nuke/metal_trim_001/metal_roof_trim_001_16.mdl,1940,1940
models/props/de_nuke/hr_nuke/metal_trim_001/metal_roof_trim_001_16.phy,719,719
models/props/de_nuke/hr_nuke/metal_trim_001/metal_roof_trim_001_16.sw.vtx,1665,1665
models/props/de_nuke/hr_nuke/metal_trim_001/metal_roof_trim_001_16.vvd,6208,6208
models/props/de_nuke/hr_nuke/metal_trim_001/metal_roof_trim_001_32.dx80.vtx,1665,1665
models/props/de_nuke/hr_nuke/metal_trim_001/metal_roof_trim_001_32.dx90.vtx,1665,1665
models/props/de_nuke/hr_nuke/metal_trim_001/metal_roof_trim_001_32.mdl,1940,1940
models/props/de_nuke/hr_nuke/metal_trim_001/metal_roof_trim_001_32.phy,719,719
models/props/de_nuke/hr_nuke/metal_trim_001/metal_roof_trim_001_32.sw.vtx,1665,1665
models/props/de_nuke/hr_nuke/metal_trim_001/metal_roof_trim_001_32.vvd,6208,6208
models/props/de_nuke/hr_nuke/metal_trim_001/metal_roof_trim_001_64.dx80.vtx,1665,1665
models/props/de_nuke/hr_nuke/metal_trim_001/metal_roof_trim_001_64.dx90.vtx,1665,1665
models/props/de_nuke/hr_nuke/metal_trim_001/metal_roof_trim_001_64.mdl,1940,1940
models/props/de_nuke/hr_nuke/metal_trim_001/metal_roof_trim_001_64.phy,721,721
models/props/de_nuke/hr_nuke/metal_trim_001/metal_roof_trim_001_64.sw.vtx,1665,1665
models/props/de_nuke/hr_nuke/metal_trim_001/metal_roof_trim_001_64.vvd,6208,6208
models/props/de_nuke/hr_nuke/metal_trim_001/metal_roof_trim_001_8.dx80.vtx,1335,1335
models/props/de_nuke/hr_nuke/metal_trim_001/metal_roof_trim_001_8.dx90.vtx,1335,1335
models/props/de_nuke/hr_nuke/metal_trim_001/metal_roof_trim_001_8.mdl,1940,1940
models/props/de_nuke/hr_nuke/metal_trim_001/metal_roof_trim_001_8.phy,718,718
models/props/de_nuke/hr_nuke/metal_trim_001/metal_roof_trim_001_8.sw.vtx,1335,1335
models/props/de_nuke/hr_nuke/metal_trim_001/metal_roof_trim_001_8.vvd,5056,5056
models/props/de_nuke/hr_nuke/metal_trim_001/metal_roof_trim_001_cap_16.dx80.vtx,1959,1959
models/props/de_nuke/hr_nuke/metal_trim_001/metal_roof_trim_001_cap_16.dx90.vtx,1959,1959
models/props/de_nuke/hr_nuke/metal_trim_001/metal_roof_trim_001_cap_16.mdl,1948,1948
models/props/de_nuke/hr_nuke/metal_trim_001/metal_roof_trim_001_cap_16.phy,722,722
models/props/de_nuke/hr_nuke/metal_trim_001/metal_roof_trim_001_cap_16.sw.vtx,1959,1959
models/props/de_nuke/hr_nuke/metal_trim_001/metal_roof_trim_001_cap_16.vvd,8384,8384
models/props/de_nuke/hr_nuke/metal_trim_001/metal_roof_trim_corner_001.dx80.vtx,2442,2442
models/props/de_nuke/hr_nuke/metal_trim_001/metal_roof_trim_corner_001.dx90.vtx,2442,2442
models/props/de_nuke/hr_nuke/metal_trim_001/metal_roof_trim_corner_001.mdl,1948,1948
models/props/de_nuke/hr_nuke/metal_trim_001/metal_roof_trim_corner_001.phy,1371,1371
models/props/de_nuke/hr_nuke/metal_trim_001/metal_roof_trim_corner_001.sw.vtx,2442,2442
models/props/de_nuke/hr_nuke/metal_trim_001/metal_roof_trim_corner_001.vvd,9088,9088
models/props/de_nuke/hr_nuke/nuke_cargo_crane/nuke_cargo_crane_winch.dx80.vtx,54198,54198
models/props/de_nuke/hr_nuke/nuke_cargo_crane/nuke_cargo_crane_winch.dx90.vtx,54198,54198
models/props/de_nuke/hr_nuke/nuke_cargo_crane/nuke_cargo_crane_winch.mdl,1948,1948
models/props/de_nuke/hr_nuke/nuke_cargo_crane/nuke_cargo_crane_winch.phy,14660,14660
models/props/de_nuke/hr_nuke/nuke_cargo_crane/nuke_cargo_crane_winch.sw.vtx,54198,54198
models/props/de_nuke/hr_nuke/nuke_cargo_crane/nuke_cargo_crane_winch.vvd,243328,243328
models/props/de_nuke/hr_nuke/nuke_floor_hatch/nuke_floor_hatch_flat_64.dx80.vtx,11211,11211
models/props/de_nuke/hr_nuke/nuke_floor_hatch/nuke_floor_hatch_flat_64.dx90.vtx,11211,11211
models/props/de_nuke/hr_nuke/nuke_floor_hatch/nuke_floor_hatch_flat_64.mdl,1948,1948
models/props/de_nuke/hr_nuke/nuke_floor_hatch/nuke_floor_hatch_flat_64.phy,723,723
models/props/de_nuke/hr_nuke/nuke_floor_hatch/nuke_floor_hatch_flat_64.sw.vtx,11211,11211
models/props/de_nuke/hr_nuke/nuke_floor_hatch/nuke_floor_hatch_flat_64.vvd,49856,49856
models/props/de_nuke/hr_nuke/nuke_hand_truck/nuke_hand_truck.dx80.vtx,69177,69177
models/props/de_nuke/hr_nuke/nuke_hand_truck/nuke_hand_truck.dx90.vtx,69177,69177
models/props/de_nuke/hr_nuke/nuke_hand_truck/nuke_hand_truck.mdl,1924,1924
models/props/de_nuke/hr_nuke/nuke_hand_truck/nuke_hand_truck.phy,9466,9466
models/props/de_nuke/hr_nuke/nuke_hand_truck/nuke_hand_truck.sw.vtx,69177,69177
models/props/de_nuke/hr_nuke/nuke_hand_truck/nuke_hand_truck.vvd,299840,299840
models/props/de_nuke/hr_nuke/nuke_hard_hat/nuke_hard_hat.dx80.vtx,23823,23823
models/props/de_nuke/hr_nuke/nuke_hard_hat/nuke_hard_hat.dx90.vtx,23823,23823
models/props/de_nuke/hr_nuke/nuke_hard_hat/nuke_hard_hat.mdl,1912,1912
models/props/de_nuke/hr_nuke/nuke_hard_hat/nuke_hard_hat.phy,1092,1092
models/props/de_nuke/hr_nuke/nuke_hard_hat/nuke_hard_hat.sw.vtx,23823,23823
models/props/de_nuke/hr_nuke/nuke_hard_hat/nuke_hard_hat.vvd,92352,92352
models/props/de_nuke/hr_nuke/nuke_hard_hat/nuke_hard_hat_rack_small.dx80.vtx,9585,9585
models/props/de_nuke/hr_nuke/nuke_hard_hat/nuke_hard_hat_rack_small.dx90.vtx,9585,9585
models/props/de_nuke/hr_nuke/nuke_hard_hat/nuke_hard_hat_rack_small.mdl,1932,1932
models/props/de_nuke/hr_nuke/nuke_hard_hat/nuke_hard_hat_rack_small.phy,720,720
models/props/de_nuke/hr_nuke/nuke_hard_hat/nuke_hard_hat_rack_small.sw.vtx,9585,9585
models/props/de_nuke/hr_nuke/nuke_hard_hat/nuke_hard_hat_rack_small.vvd,40256,40256
models/props/de_nuke/hr_nuke/nuke_industrial_props/nuke_industrial_electrical_panel_002_small.dx80.vtx,7752,7752
models/props/de_nuke/hr_nuke/nuke_industrial_props/nuke_industrial_electrical_panel_002_small.dx90.vtx,7752,7752
models/props/de_nuke/hr_nuke/nuke_industrial_props/nuke_industrial_electrical_panel_002_small.mdl,2012,2012
models/props/de_nuke/hr_nuke/nuke_industrial_props/nuke_industrial_electrical_panel_002_small.phy,1111,1111
models/props/de_nuke/hr_nuke/nuke_industrial_props/nuke_industrial_electrical_panel_002_small.sw.vtx,7752,7752
models/props/de_nuke/hr_nuke/nuke_industrial_props/nuke_industrial_electrical_panel_002_small.vvd,34816,34816
models/props/de_nuke/hr_nuke/nuke_light_fixture/nuke_fluorescent_light_64.dx80.vtx,7566,7566
models/props/de_nuke/hr_nuke/nuke_light_fixture/nuke_fluorescent_light_64.dx90.vtx,7566,7566
models/props/de_nuke/hr_nuke/nuke_light_fixture/nuke_fluorescent_light_64.mdl,2064,2064
models/props/de_nuke/hr_nuke/nuke_light_fixture/nuke_fluorescent_light_64.phy,722,722
models/props/de_nuke/hr_nuke/nuke_light_fixture/nuke_fluorescent_light_64.sw.vtx,7566,7566
models/props/de_nuke/hr_nuke/nuke_light_fixture/nuke_fluorescent_light_64.vvd,32640,32640
models/props/de_nuke/hr_nuke/nuke_light_fixture/nuke_light_fixture_big.dx80.vtx,5097,5097
models/props/de_nuke/hr_nuke/nuke_light_fixture/nuke_light_fixture_big.dx90.vtx,5097,5097
models/props/de_nuke/hr_nuke/nuke_light_fixture/nuke_light_fixture_big.mdl,2048,2048
models/props/de_nuke/hr_nuke/nuke_light_fixture/nuke_light_fixture_big.phy,719,719
models/props/de_nuke/hr_nuke/nuke_light_fixture/nuke_light_fixture_big.sw.vtx,5097,5097
models/props/de_nuke/hr_nuke/nuke_light_fixture/nuke_light_fixture_big.vvd,21312,21312
models/props/de_nuke/hr_nuke/nuke_light_fixture/nuke_twin_spot_02.dx80.vtx,17457,17457
models/props/de_nuke/hr_nuke/nuke_light_fixture/nuke_twin_spot_02.dx90.vtx,17457,17457
models/props/de_nuke/hr_nuke/nuke_light_fixture/nuke_twin_spot_02.mdl,2036,2036
models/props/de_nuke/hr_nuke/nuke_light_fixture/nuke_twin_spot_02.phy,4017,4017
models/props/de_nuke/hr_nuke/nuke_light_fixture/nuke_twin_spot_02.sw.vtx,17457,17457
models/props/de_nuke/hr_nuke/nuke_light_fixture/nuke_twin_spot_02.vvd,66112,66112
models/props/de_nuke/hr_nuke/nuke_light_fixture/nuke_twin_spot_02b.dx80.vtx,17457,17457
models/props/de_nuke/hr_nuke/nuke_light_fixture/nuke_twin_spot_02b.dx90.vtx,17457,17457
models/props/de_nuke/hr_nuke/nuke_light_fixture/nuke_twin_spot_02b.mdl,2032,2032
models/props/de_nuke/hr_nuke/nuke_light_fixture/nuke_twin_spot_02b.phy,3958,3958
models/props/de_nuke/hr_nuke/nuke_light_fixture/nuke_twin_spot_02b.sw.vtx,17457,17457
models/props/de_nuke/hr_nuke/nuke_light_fixture/nuke_twin_spot_02b.vvd,66112,66112
models/props/de_nuke/hr_nuke/nuke_office_props/nuke_office_power_socket.dx80.vtx,513,513
models/props/de_nuke/hr_nuke/nuke_office_props/nuke_office_power_socket.dx90.vtx,513,513
models/props/de_nuke/hr_nuke/nuke_office_props/nuke_office_power_socket.mdl,1892,1892
models/props/de_nuke/hr_nuke/nuke_office_props/nuke_office_power_socket.phy,705,705
models/props/de_nuke/hr_nuke/nuke_office_props/nuke_office_power_socket.sw.vtx,513,513
models/props/de_nuke/hr_nuke/nuke_office_props/nuke_office_power_socket.vvd,2112,2112
models/props/de_nuke/hr_nuke/nuke_paint_bucket/nuke_paint_bucket.dx80.vtx,17118,17118
models/props/de_nuke/hr_nuke/nuke_paint_bucket/nuke_paint_bucket.dx90.vtx,17118,17118
models/props/de_nuke/hr_nuke/nuke_paint_bucket/nuke_paint_bucket.mdl,2032,2032
models/props/de_nuke/hr_nuke/nuke_paint_bucket/nuke_paint_bucket.phy,1868,1868
models/props/de_nuke/hr_nuke/nuke_paint_bucket/nuke_paint_bucket.sw.vtx,17118,17118
models/props/de_nuke/hr_nuke/nuke_paint_bucket/nuke_paint_bucket.vvd,65408,65408
models/props/de_nuke/hr_nuke/nuke_roof_ac/ac_powerbox_small.dx80.vtx,8355,8355
models/props/de_nuke/hr_nuke/nuke_roof_ac/ac_powerbox_small.dx90.vtx,8355,8355
models/props/de_nuke/hr_nuke/nuke_roof_ac/ac_powerbox_small.mdl,1924,1924
models/props/de_nuke/hr_nuke/nuke_roof_ac/ac_powerbox_small.phy,1442,1442
models/props/de_nuke/hr_nuke/nuke_roof_ac/ac_powerbox_small.sw.vtx,8355,8355
models/props/de_nuke/hr_nuke/nuke_roof_ac/ac_powerbox_small.vvd,32448,32448
models/props/de_nuke/hr_nuke/nuke_roof_ac/nuke_roof_ac01.dx80.vtx,40626,40626
models/props/de_nuke/hr_nuke/nuke_roof_ac/nuke_roof_ac01.dx90.vtx,40626,40626
models/props/de_nuke/hr_nuke/nuke_roof_ac/nuke_roof_ac01.mdl,1912,1912
models/props/de_nuke/hr_nuke/nuke_roof_ac/nuke_roof_ac01.phy,4221,4221
models/props/de_nuke/hr_nuke/nuke_roof_ac/nuke_roof_ac01.sw.vtx,40626,40626
models/props/de_nuke/hr_nuke/nuke_roof_ac/nuke_roof_ac01.vvd,179584,179584
models/props/de_nuke/hr_nuke/nuke_roof_ac/nuke_roof_ac01_64.dx80.vtx,23964,23964
models/props/de_nuke/hr_nuke/nuke_roof_ac/nuke_roof_ac01_64.dx90.vtx,23964,23964
models/props/de_nuke/hr_nuke/nuke_roof_ac/nuke_roof_ac01_64.mdl,1920,1920
models/props/de_nuke/hr_nuke/nuke_roof_ac/nuke_roof_ac01_64.phy,4128,4128
models/props/de_nuke/hr_nuke/nuke_roof_ac/nuke_roof_ac01_64.sw.vtx,23964,23964
models/props/de_nuke/hr_nuke/nuke_roof_ac/nuke_roof_ac01_64.vvd,107520,107520
models/props/de_nuke/hr_nuke/nuke_roof_ac/nuke_roof_ac04.dx80.vtx,11355,11355
models/props/de_nuke/hr_nuke/nuke_roof_ac/nuke_roof_ac04.dx90.vtx,11355,11355
models/props/de_nuke/hr_nuke/nuke_roof_ac/nuke_roof_ac04.mdl,1912,1912
models/props/de_nuke/hr_nuke/nuke_roof_ac/nuke_roof_ac04.phy,2213,2213
models/props/de_nuke/hr_nuke/nuke_roof_ac/nuke_roof_ac04.sw.vtx,11355,11355
models/props/de_nuke/hr_nuke/nuke_roof_ac/nuke_roof_ac04.vvd,52416,52416
models/props/de_nuke/hr_nuke/nuke_roof_ac/nuke_roof_ac_fan_small.dx80.vtx,7845,7845
models/props/de_nuke/hr_nuke/nuke_roof_ac/nuke_roof_ac_fan_small.dx90.vtx,7845,7845
models/props/de_nuke/hr_nuke/nuke_roof_ac/nuke_roof_ac_fan_small.mdl,2176,2176
models/props/de_nuke/hr_nuke/nuke_roof_ac/nuke_roof_ac_fan_small.phy,7458,7458
models/props/de_nuke/hr_nuke/nuke_roof_ac/nuke_roof_ac_fan_small.sw.vtx,7845,7845
models/props/de_nuke/hr_nuke/nuke_roof_ac/nuke_roof_ac_fan_small.vvd,31488,31488
models/props/de_nuke/hr_nuke/nuke_roof_caps/nuke_roof_cap_03_large.dx80.vtx,19173,19173
models/props/de_nuke/hr_nuke/nuke_roof_caps/nuke_roof_cap_03_large.dx90.vtx,19173,19173
models/props/de_nuke/hr_nuke/nuke_roof_caps/nuke_roof_cap_03_large.mdl,1932,1932
models/props/de_nuke/hr_nuke/nuke_roof_caps/nuke_roof_cap_03_large.phy,3765,3765
models/props/de_nuke/hr_nuke/nuke_roof_caps/nuke_roof_cap_03_large.sw.vtx,19173,19173
models/props/de_nuke/hr_nuke/nuke_roof_caps/nuke_roof_cap_03_large.vvd,81472,81472
models/props/de_nuke/hr_nuke/nuke_ventilation_exhaust/nuke_outdoor_vent.dx80.vtx,7467,7467
models/props/de_nuke/hr_nuke/nuke_ventilation_exhaust/nuke_outdoor_vent.dx90.vtx,7467,7467
models/props/de_nuke/hr_nuke/nuke_ventilation_exhaust/nuke_outdoor_vent.mdl,1968,1968
models/props/de_nuke/hr_nuke/nuke_ventilation_exhaust/nuke_outdoor_vent.phy,895,895
models/props/de_nuke/hr_nuke/nuke_ventilation_exhaust/nuke_outdoor_vent.sw.vtx,7467,7467
models/props/de_nuke/hr_nuke/nuke_ventilation_exhaust/nuke_outdoor_vent.vvd,36800,36800
models/props/de_nuke/hr_nuke/nuke_ventilation_exhaust/nuke_outdoor_vent_exhaust_small.dx80.vtx,4899,4899
models/props/de_nuke/hr_nuke/nuke_ventilation_exhaust/nuke_outdoor_vent_exhaust_small.dx90.vtx,4899,4899
models/props/de_nuke/hr_nuke/nuke_ventilation_exhaust/nuke_outdoor_vent_exhaust_small.mdl,2000,2000
models/props/de_nuke/hr_nuke/nuke_ventilation_exhaust/nuke_outdoor_vent_exhaust_small.phy,728,728
models/props/de_nuke/hr_nuke/nuke_ventilation_exhaust/nuke_outdoor_vent_exhaust_small.sw.vtx,4899,4899
models/props/de_nuke/hr_nuke/nuke_ventilation_exhaust/nuke_outdoor_vent_exhaust_small.vvd,22208,22208
models/props/de_nuke/hr_nuke/nuke_ventilation_exhaust/nuke_outdoor_vent_exhaust_smallb.dx80.vtx,4863,4863
models/props/de_nuke/hr_nuke/nuke_ventilation_exhaust/nuke_outdoor_vent_exhaust_smallb.dx90.vtx,4863,4863
models/props/de_nuke/hr_nuke/nuke_ventilation_exhaust/nuke_outdoor_vent_exhaust_smallb.mdl,1996,1996
models/props/de_nuke/hr_nuke/nuke_ventilation_exhaust/nuke_outdoor_vent_exhaust_smallb.phy,733,733
models/props/de_nuke/hr_nuke/nuke_ventilation_exhaust/nuke_outdoor_vent_exhaust_smallb.sw.vtx,4863,4863
models/props/de_nuke/hr_nuke/nuke_ventilation_exhaust/nuke_outdoor_vent_exhaust_smallb.vvd,21952,21952
models/props/de_nuke/hr_nuke/transformer_yard_powerbox/transformer_yard_powerbox.dx80.vtx,7146,7146
models/props/de_nuke/hr_nuke/transformer_yard_powerbox/transformer_yard_powerbox.dx90.vtx,7146,7146
models/props/de_nuke/hr_nuke/transformer_yard_powerbox/transformer_yard_powerbox.mdl,1984,1984
models/props/de_nuke/hr_nuke/transformer_yard_powerbox/transformer_yard_powerbox.phy,725,725
models/props/de_nuke/hr_nuke/transformer_yard_powerbox/transformer_yard_powerbox.sw.vtx,7146,7146
models/props/de_nuke/hr_nuke/transformer_yard_powerbox/transformer_yard_powerbox.vvd,31232,31232
models/props/de_nuke/hr_nuke/wires_001/wires_001a_16_noframe.dx80.vtx,2889,2889
models/props/de_nuke/hr_nuke/wires_001/wires_001a_16_noframe.dx90.vtx,2889,2889
models/props/de_nuke/hr_nuke/wires_001/wires_001a_16_noframe.mdl,1992,1992
models/props/de_nuke/hr_nuke/wires_001/wires_001a_16_noframe.phy,719,719
models/props/de_nuke/hr_nuke/wires_001/wires_001a_16_noframe.sw.vtx,2889,2889
models/props/de_nuke/hr_nuke/wires_001/wires_001a_16_noframe.vvd,12608,12608
models/props/de_nuke/hr_nuke/wires_001/wires_001a_256.dx80.vtx,8925,8925
models/props/de_nuke/hr_nuke/wires_001/wires_001a_256.dx90.vtx,8925,8925
models/props/de_nuke/hr_nuke/wires_001/wires_001a_256.mdl,1984,1984
models/props/de_nuke/hr_nuke/wires_001/wires_001a_256.phy,1963,1963
models/props/de_nuke/hr_nuke/wires_001/wires_001a_256.sw.vtx,8925,8925
models/props/de_nuke/hr_nuke/wires_001/wires_001a_256.vvd,40000,40000
models/props/de_nuke/hr_nuke/wires_001/wires_001a_32.dx80.vtx,4305,4305
models/props/de_nuke/hr_nuke/wires_001/wires_001a_32.dx90.vtx,4305,4305
models/props/de_nuke/hr_nuke/wires_001/wires_001a_32.mdl,1976,1976
models/props/de_nuke/hr_nuke/wires_001/wires_001a_32.phy,1440,1440
models/props/de_nuke/hr_nuke/wires_001/wires_001a_32.sw.vtx,4305,4305
models/props/de_nuke/hr_nuke/wires_001/wires_001a_32.vvd,19264,19264
models/props/de_nuke/hr_nuke/wires_001/wires_001a_64.dx80.vtx,4305,4305
models/props/de_nuke/hr_nuke/wires_001/wires_001a_64.dx90.vtx,4305,4305
models/props/de_nuke/hr_nuke/wires_001/wires_001a_64.mdl,1976,1976
models/props/de_nuke/hr_nuke/wires_001/wires_001a_64.phy,1440,1440
models/props/de_nuke/hr_nuke/wires_001/wires_001a_64.sw.vtx,4305,4305
models/props/de_nuke/hr_nuke/wires_001/wires_001a_64.vvd,19264,19264
models/props/de_nuke/hr_nuke/wires_001/wires_001a_curve_medium_inner.dx80.vtx,7251,7251
models/props/de_nuke/hr_nuke/wires_001/wires_001a_curve_medium_inner.dx90.vtx,7251,7251
models/props/de_nuke/hr_nuke/wires_001/wires_001a_curve_medium_inner.mdl,2008,2008
models/props/de_nuke/hr_nuke/wires_001/wires_001a_curve_medium_inner.phy,2823,2823
models/props/de_nuke/hr_nuke/wires_001/wires_001a_curve_medium_inner.sw.vtx,7251,7251
models/props/de_nuke/hr_nuke/wires_001/wires_001a_curve_medium_inner.vvd,27072,27072
models/props/de_nuke/hr_nuke/wires_001/wires_001a_curve_short.dx80.vtx,14091,14091
models/props/de_nuke/hr_nuke/wires_001/wires_001a_curve_short.dx90.vtx,14091,14091
models/props/de_nuke/hr_nuke/wires_001/wires_001a_curve_short.mdl,2000,2000
models/props/de_nuke/hr_nuke/wires_001/wires_001a_curve_short.phy,2784,2784
models/props/de_nuke/hr_nuke/wires_001/wires_001a_curve_short.sw.vtx,14091,14091
models/props/de_nuke/hr_nuke/wires_001/wires_001a_curve_short.vvd,52160,52160
models/props/de_nuke/hr_nuke/wires_001/wires_001a_frame.dx80.vtx,1101,1101
models/props/de_nuke/hr_nuke/wires_001/wires_001a_frame.dx90.vtx,1101,1101
models/props/de_nuke/hr_nuke/wires_001/wires_001a_frame.mdl,1984,1984
models/props/de_nuke/hr_nuke/wires_001/wires_001a_frame.phy,714,714
models/props/de_nuke/hr_nuke/wires_001/wires_001a_frame.sw.vtx,1101,1101
models/props/de_nuke/hr_nuke/wires_001/wires_001a_frame.vvd,5184,5184
models/props/de_nuke/hr_nuke/wires_001/wires_001a_support_16.dx80.vtx,645,645
models/props/de_nuke/hr_nuke/wires_001/wires_001a_support_16.dx90.vtx,645,645
models/props/de_nuke/hr_nuke/wires_001/wires_001a_support_16.mdl,1992,1992
models/props/de_nuke/hr_nuke/wires_001/wires_001a_support_16.phy,1446,1446
models/props/de_nuke/hr_nuke/wires_001/wires_001a_support_16.sw.vtx,645,645
models/props/de_nuke/hr_nuke/wires_001/wires_001a_support_16.vvd,2624,2624
models/props/de_nuke/hr_nuke/wires_001/wires_001a_support_32.dx80.vtx,645,645
models/props/de_nuke/hr_nuke/wires_001/wires_001a_support_32.dx90.vtx,645,645
models/props/de_nuke/hr_nuke/wires_001/wires_001a_support_32.mdl,1992,1992
models/props/de_nuke/hr_nuke/wires_001/wires_001a_support_32.phy,1446,1446
models/props/de_nuke/hr_nuke/wires_001/wires_001a_support_32.sw.vtx,645,645
models/props/de_nuke/hr_nuke/wires_001/wires_001a_support_32.vvd,2624,2624
models/props/de_nuke/hr_nuke/wires_001/wires_001a_support_4.dx80.vtx,645,645
models/props/de_nuke/hr_nuke/wires_001/wires_001a_support_4.dx90.vtx,645,645
models/props/de_nuke/hr_nuke/wires_001/wires_001a_support_4.mdl,1992,1992
models/props/de_nuke/hr_nuke/wires_001/wires_001a_support_4.phy,1444,1444
models/props/de_nuke/hr_nuke/wires_001/wires_001a_support_4.sw.vtx,645,645
models/props/de_nuke/hr_nuke/wires_001/wires_001a_support_4.vvd,2624,2624
models/props/de_nuke/hr_nuke/wires_001/wires_001a_support_8.dx80.vtx,645,645
models/props/de_nuke/hr_nuke/wires_001/wires_001a_support_8.dx90.vtx,645,645
models/props/de_nuke/hr_nuke/wires_001/wires_001a_support_8.mdl,1992,1992
models/props/de_nuke/hr_nuke/wires_001/wires_001a_support_8.phy,1445,1445
models/props/de_nuke/hr_nuke/wires_001/wires_001a_support_8.sw.vtx,645,645
models/props/de_nuke/hr_nuke/wires_001/wires_001a_support_8.vvd,2624,2624
models/props/de_nuke/hr_nuke/wires_001/wires_001a_support_feet.dx80.vtx,981,981
models/props/de_nuke/hr_nuke/wires_001/wires_001a_support_feet.dx90.vtx,981,981
models/props/de_nuke/hr_nuke/wires_001/wires_001a_support_feet.mdl,1936,1936
models/props/de_nuke/hr_nuke/wires_001/wires_001a_support_feet.phy,2472,2472
models/props/de_nuke/hr_nuke/wires_001/wires_001a_support_feet.sw.vtx,981,981
models/props/de_nuke/hr_nuke/wires_001/wires_001a_support_feet.vvd,4160,4160
models/props/de_nuke/hr_nuke/wires_001/wires_001b_128.dx80.vtx,3597,3597
models/props/de_nuke/hr_nuke/wires_001/wires_001b_128.dx90.vtx,3597,3597
models/props/de_nuke/hr_nuke/wires_001/wires_001b_128.mdl,1984,1984
models/props/de_nuke/hr_nuke/wires_001/wires_001b_128.phy,1441,1441
models/props/de_nuke/hr_nuke/wires_001/wires_001b_128.sw.vtx,3597,3597
models/props/de_nuke/hr_nuke/wires_001/wires_001b_128.vvd,16704,16704
models/props/de_nuke/hr_nuke/wires_001/wires_001b_16.dx80.vtx,2139,2139
models/props/de_nuke/hr_nuke/wires_001/wires_001b_16.dx90.vtx,2139,2139
models/props/de_nuke/hr_nuke/wires_001/wires_001b_16.mdl,1976,1976
models/props/de_nuke/hr_nuke/wires_001/wires_001b_16.phy,1439,1439
models/props/de_nuke/hr_nuke/wires_001/wires_001b_16.sw.vtx,2139,2139
models/props/de_nuke/hr_nuke/wires_001/wires_001b_16.vvd,9920,9920
models/props/de_nuke/hr_nuke/wires_001/wires_001b_32.dx80.vtx,2139,2139
models/props/de_nuke/hr_nuke/wires_001/wires_001b_32.dx90.vtx,2139,2139
models/props/de_nuke/hr_nuke/wires_001/wires_001b_32.mdl,1976,1976
models/props/de_nuke/hr_nuke/wires_001/wires_001b_32.phy,1439,1439
models/props/de_nuke/hr_nuke/wires_001/wires_001b_32.sw.vtx,2139,2139
models/props/de_nuke/hr_nuke/wires_001/wires_001b_32.vvd,9920,9920
models/props/de_nuke/hr_nuke/wires_001/wires_001b_64.dx80.vtx,2367,2367
models/props/de_nuke/hr_nuke/wires_001/wires_001b_64.dx90.vtx,2367,2367
models/props/de_nuke/hr_nuke/wires_001/wires_001b_64.mdl,1976,1976
models/props/de_nuke/hr_nuke/wires_001/wires_001b_64.phy,1439,1439
models/props/de_nuke/hr_nuke/wires_001/wires_001b_64.sw.vtx,2367,2367
models/props/de_nuke/hr_nuke/wires_001/wires_001b_64.vvd,10688,10688
models/props/de_nuke/hr_nuke/wires_001/wires_001b_curve_vert.dx80.vtx,6693,6693
models/props/de_nuke/hr_nuke/wires_001/wires_001b_curve_vert.dx90.vtx,6693,6693
models/props/de_nuke/hr_nuke/wires_001/wires_001b_curve_vert.mdl,1992,1992
models/props/de_nuke/hr_nuke/wires_001/wires_001b_curve_vert.phy,1382,1382
models/props/de_nuke/hr_nuke/wires_001/wires_001b_curve_vert.sw.vtx,6693,6693
models/props/de_nuke/hr_nuke/wires_001/wires_001b_curve_vert.vvd,29248,29248
models/props/de_nuke/hr_nuke/wires_001/wires_001b_wall_socket.dx80.vtx,2475,2475
models/props/de_nuke/hr_nuke/wires_001/wires_001b_wall_socket.dx90.vtx,2475,2475
models/props/de_nuke/hr_nuke/wires_001/wires_001b_wall_socket.mdl,2000,2000
models/props/de_nuke/hr_nuke/wires_001/wires_001b_wall_socket.phy,719,719
models/props/de_nuke/hr_nuke/wires_001/wires_001b_wall_socket.sw.vtx,2475,2475
models/props/de_nuke/hr_nuke/wires_001/wires_001b_wall_socket.vvd,11712,11712
models/props/de_nuke/hr_nuke/wires_001/wires_003a_128.dx80.vtx,2253,2253
models/props/de_nuke/hr_nuke/wires_001/wires_003a_128.dx90.vtx,2253,2253
models/props/de_nuke/hr_nuke/wires_001/wires_003a_128.mdl,1984,1984
models/props/de_nuke/hr_nuke/wires_001/wires_003a_128.phy,715,715
models/props/de_nuke/hr_nuke/wires_001/wires_003a_128.sw.vtx,2253,2253
models/props/de_nuke/hr_nuke/wires_001/wires_003a_128.vvd,11328,11328
models/props/de_nuke/hr_nuke/wires_001/wires_003a_32.dx80.vtx,1389,1389
models/props/de_nuke/hr_nuke/wires_001/wires_003a_32.dx90.vtx,1389,1389
models/props/de_nuke/hr_nuke/wires_001/wires_003a_32.mdl,1976,1976
models/props/de_nuke/hr_nuke/wires_001/wires_003a_32.phy,712,712
models/props/de_nuke/hr_nuke/wires_001/wires_003a_32.sw.vtx,1389,1389
models/props/de_nuke/hr_nuke/wires_001/wires_003a_32.vvd,6720,6720
models/props/de_nuke/hr_nuke/wires_001/wires_003a_64.dx80.vtx,1677,1677
models/props/de_nuke/hr_nuke/wires_001/wires_003a_64.dx90.vtx,1677,1677
models/props/de_nuke/hr_nuke/wires_001/wires_003a_64.mdl,1976,1976
models/props/de_nuke/hr_nuke/wires_001/wires_003a_64.phy,712,712
models/props/de_nuke/hr_nuke/wires_001/wires_003a_64.sw.vtx,1677,1677
models/props/de_nuke/hr_nuke/wires_001/wires_003a_64.vvd,8256,8256
models/props/de_nuke/hr_nuke/wires_001/wires_003a_corner_small.dx80.vtx,5589,5589
models/props/de_nuke/hr_nuke/wires_001/wires_003a_corner_small.dx90.vtx,5589,5589
models/props/de_nuke/hr_nuke/wires_001/wires_003a_corner_small.mdl,2000,2000
models/props/de_nuke/hr_nuke/wires_001/wires_003a_corner_small.phy,1809,1809
models/props/de_nuke/hr_nuke/wires_001/wires_003a_corner_small.sw.vtx,5589,5589
models/props/de_nuke/hr_nuke/wires_001/wires_003a_corner_small.vvd,24640,24640
models/props/de_nuke/hr_nuke/wires_001/wires_004a_16.dx80.vtx,1131,1131
models/props/de_nuke/hr_nuke/wires_001/wires_004a_16.dx90.vtx,1131,1131
models/props/de_nuke/hr_nuke/wires_001/wires_004a_16.mdl,1976,1976
models/props/de_nuke/hr_nuke/wires_001/wires_004a_16.phy,2078,2078
models/props/de_nuke/hr_nuke/wires_001/wires_004a_16.sw.vtx,1131,1131
models/props/de_nuke/hr_nuke/wires_001/wires_004a_16.vvd,4800,4800
models/props/de_nuke/hr_nuke/wires_001/wires_junctionbox_001.dx80.vtx,1023,1023
models/props/de_nuke/hr_nuke/wires_001/wires_junctionbox_001.dx90.vtx,1023,1023
models/props/de_nuke/hr_nuke/wires_001/wires_junctionbox_001.mdl,1916,1916
models/props/de_nuke/hr_nuke/wires_001/wires_junctionbox_001.phy,945,945
models/props/de_nuke/hr_nuke/wires_001/wires_junctionbox_001.sw.vtx,1023,1023
models/props/de_nuke/hr_nuke/wires_001/wires_junctionbox_001.vvd,4800,4800
models/props/de_train/hr_t/pipe_set_a_128/pipe_set_a_128.dx80.vtx,9690,9690
models/props/de_train/hr_t/pipe_set_a_128/pipe_set_a_128.dx90.vtx,9690,9690
models/props/de_train/hr_t/pipe_set_a_128/pipe_set_a_128.mdl,1912,1912
models/props/de_train/hr_t/pipe_set_a_128/pipe_set_a_128.phy,714,714
models/props/de_train/hr_t/pipe_set_a_128/pipe_set_a_128.sw.vtx,9690,9690
models/props/de_train/hr_t/pipe_set_a_128/pipe_set_a_128.vvd,41344,41344
models/props/de_train/hr_t/pipe_set_a_128/pipe_set_a_128_corner.dx80.vtx,100344,100344
models/props/de_train/hr_t/pipe_set_a_128/pipe_set_a_128_corner.dx90.vtx,100344,100344
models/props/de_train/hr_t/pipe_set_a_128/pipe_set_a_128_corner.mdl,1928,1928
models/props/de_train/hr_t/pipe_set_a_128/pipe_set_a_128_corner.phy,1969,1969
models/props/de_train/hr_t/pipe_set_a_128/pipe_set_a_128_corner.sw.vtx,100344,100344
models/props/de_train/hr_t/pipe_set_a_128/pipe_set_a_128_corner.vvd,367360,367360
models/props/de_train/hr_t/server_a/server_a.dx80.vtx,29580,29580
models/props/de_train/hr_t/server_a/server_a.dx90.vtx,29580,29580
models/props/de_train/hr_t/server_a/server_a.mdl,1876,1876
models/props/de_train/hr_t/server_a/server_a.phy,709,709
models/props/de_train/hr_t/server_a/server_a.sw.vtx,29580,29580
models/props/de_train/hr_t/server_a/server_a.vvd,154112,154112
models/props/de_vertigo/barrel_group_tintable_01.dx80.vtx,25359,25359
models/props/de_vertigo/barrel_group_tintable_01.dx90.vtx,25359,25359
models/props/de_vertigo/barrel_group_tintable_01.mdl,1808,1808
models/props/de_vertigo/barrel_group_tintable_01.phy,9368,9368
models/props/de_vertigo/barrel_group_tintable_01.sw.vtx,25359,25359
models/props/de_vertigo/barrel_group_tintable_01.vvd,101568,101568
models/props/de_vertigo/barrel_single_tintable_01.dx80.vtx,11769,11769
models/props/de_vertigo/barrel_single_tintable_01.dx90.vtx,11769,11769
models/props/de_vertigo/barrel_single_tintable_01.mdl,1808,1808
models/props/de_vertigo/barrel_single_tintable_01.phy,2270,2270
models/props/de_vertigo/barrel_single_tintable_01.sw.vtx,11769,11769
models/props/de_vertigo/barrel_single_tintable_01.vvd,43328,43328
models/props/de_vertigo/bottomstep_16x8.dx80.vtx,2961,2961
models/props/de_vertigo/bottomstep_16x8.dx90.vtx,2961,2961
models/props/de_vertigo/bottomstep_16x8.mdl,1792,1792
models/props/de_vertigo/bottomstep_16x8.phy,2666,2666
models/props/de_vertigo/bottomstep_16x8.sw.vtx,2961,2961
models/props/de_vertigo/bottomstep_16x8.vvd,12096,12096
models/props/de_vertigo/cityprops.dx80.vtx,83151,83151
models/props/de_vertigo/cityprops.dx90.vtx,83151,83151
models/props/de_vertigo/cityprops.mdl,1772,1772
models/props/de_vertigo/cityprops.sw.vtx,83151,83151
models/props/de_vertigo/cityprops.vvd,415040,415040
models/props/de_vertigo/citystreets.dx80.vtx,45885,45885
models/props/de_vertigo/citystreets.dx90.vtx,45885,45885
models/props/de_vertigo/citystreets.mdl,1780,1780
models/props/de_vertigo/citystreets.sw.vtx,45885,45885
models/props/de_vertigo/citystreets.vvd,226624,226624
models/props/de_vertigo/construction_safety_lamp.dx80.vtx,10014,10014
models/props/de_vertigo/construction_safety_lamp.dx90.vtx,10014,10014
models/props/de_vertigo/construction_safety_lamp.mdl,1800,1800
models/props/de_vertigo/construction_safety_lamp.phy,724,724
models/props/de_vertigo/construction_safety_lamp.sw.vtx,10014,10014
models/props/de_vertigo/construction_safety_lamp.vvd,37504,37504
models/props/de_vertigo/constructioncrane01.dx80.vtx,22293,22293
models/props/de_vertigo/constructioncrane01.dx90.vtx,22293,22293
models/props/de_vertigo/constructioncrane01.mdl,1788,1788
models/props/de_vertigo/constructioncrane01.phy,710,710
models/props/de_vertigo/constructioncrane01.sw.vtx,22293,22293
models/props/de_vertigo/constructioncrane01.vvd,116800,116800
models/props/de_vertigo/constructioncrane01_top.dx80.vtx,22623,22623
models/props/de_vertigo/constructioncrane01_top.dx90.vtx,22623,22623
models/props/de_vertigo/constructioncrane01_top.mdl,1792,1792
models/props/de_vertigo/constructioncrane01_top.phy,714,714
models/props/de_vertigo/constructioncrane01_top.sw.vtx,22623,22623
models/props/de_vertigo/constructioncrane01_top.vvd,114624,114624
models/props/de_vertigo/de_vertigo_skybox01_part_01.dx80.vtx,160983,160983
models/props/de_vertigo/de_vertigo_skybox01_part_01.dx90.vtx,160983,160983
models/props/de_vertigo/de_vertigo_skybox01_part_01.mdl,1800,1800
models/props/de_vertigo/de_vertigo_skybox01_part_01.sw.vtx,160983,160983
models/props/de_vertigo/de_vertigo_skybox01_part_01.vvd,845376,845376
models/props/de_vertigo/de_vertigo_skybox01_part_02.dx80.vtx,57879,57879
models/props/de_vertigo/de_vertigo_skybox01_part_02.dx90.vtx,57879,57879
models/props/de_vertigo/de_vertigo_skybox01_part_02.mdl,1800,1800
models/props/de_vertigo/de_vertigo_skybox01_part_02.sw.vtx,57879,57879
models/props/de_vertigo/de_vertigo_skybox01_part_02.vvd,303040,303040
models/props/de_vertigo/de_vertigo_skybox01_part_03.dx80.vtx,97332,97332
models/props/de_vertigo/de_vertigo_skybox01_part_03.dx90.vtx,97332,97332
models/props/de_vertigo/de_vertigo_skybox01_part_03.mdl,1800,1800
models/props/de_vertigo/de_vertigo_skybox01_part_03.sw.vtx,97332,97332
models/props/de_vertigo/de_vertigo_skybox01_part_03.vvd,509312,509312
models/props/de_vertigo/de_vertigo_skybox01_part_04.dx80.vtx,177690,177690
models/props/de_vertigo/de_vertigo_skybox01_part_04.dx90.vtx,177690,177690
models/props/de_vertigo/de_vertigo_skybox01_part_04.mdl,1800,1800
models/props/de_vertigo/de_vertigo_skybox01_part_04.sw.vtx,177690,177690
models/props/de_vertigo/de_vertigo_skybox01_part_04.vvd,926592,926592
models/props/de_vertigo/de_vertigo_skybox01_rooftops_part01.dx80.vtx,304681,304681
models/props/de_vertigo/de_vertigo_skybox01_rooftops_part01.dx90.vtx,304681,304681
models/props/de_vertigo/de_vertigo_skybox01_rooftops_part01.mdl,2104,2104
models/props/de_vertigo/de_vertigo_skybox01_rooftops_part01.sw.vtx,304681,304681
models/props/de_vertigo/de_vertigo_skybox01_rooftops_part01.vvd,1526272,1526272
models/props/de_vertigo/de_vertigo_skybox01_rooftops_part02.dx80.vtx,106872,106872
models/props/de_vertigo/de_vertigo_skybox01_rooftops_part02.dx90.vtx,106872,106872
models/props/de_vertigo/de_vertigo_skybox01_rooftops_part02.mdl,1816,1816
models/props/de_vertigo/de_vertigo_skybox01_rooftops_part02.sw.vtx,106872,106872
models/props/de_vertigo/de_vertigo_skybox01_rooftops_part02.vvd,538752,538752
models/props/de_vertigo/de_vertigo_skybox01_rooftops_part03.dx80.vtx,217236,217236
models/props/de_vertigo/de_vertigo_skybox01_rooftops_part03.dx90.vtx,217236,217236
models/props/de_vertigo/de_vertigo_skybox01_rooftops_part03.mdl,1816,1816
models/props/de_vertigo/de_vertigo_skybox01_rooftops_part03.sw.vtx,217236,217236
models/props/de_vertigo/de_vertigo_skybox01_rooftops_part03.vvd,1136384,1136384
models/props/de_vertigo/de_vertigo_skybox01_rooftops_part04.dx80.vtx,38346,38346
models/props/de_vertigo/de_vertigo_skybox01_rooftops_part04.dx90.vtx,38346,38346
models/props/de_vertigo/de_vertigo_skybox01_rooftops_part04.mdl,1816,1816
models/props/de_vertigo/de_vertigo_skybox01_rooftops_part04.sw.vtx,38346,38346
models/props/de_vertigo/de_vertigo_skybox01_rooftops_part04.vvd,193792,193792
models/props/de_vertigo/de_vertigo_skybox_movingtraffic.dx80.vtx,59434,59434
models/props/de_vertigo/de_vertigo_skybox_movingtraffic.dx90.vtx,59434,59434
models/props/de_vertigo/de_vertigo_skybox_movingtraffic.mdl,22420,22420
models/props/de_vertigo/de_vertigo_skybox_movingtraffic.sw.vtx,59386,59386
models/props/de_vertigo/de_vertigo_skybox_movingtraffic.vvd,286720,286720
models/props/de_vertigo/de_vertigo_skybox_movingtraffic_02.dx80.vtx,17804,17804
models/props/de_vertigo/de_vertigo_skybox_movingtraffic_02.dx90.vtx,17804,17804
models/props/de_vertigo/de_vertigo_skybox_movingtraffic_02.mdl,5644,5644
models/props/de_vertigo/de_vertigo_skybox_movingtraffic_02.sw.vtx,17788,17788
models/props/de_vertigo/de_vertigo_skybox_movingtraffic_02.vvd,86400,86400
models/props/de_vertigo/fencepost_constructionmetal_01.dx80.vtx,3366,3366
models/props/de_vertigo/fencepost_constructionmetal_01.dx90.vtx,3366,3366
models/props/de_vertigo/fencepost_constructionmetal_01.mdl,1812,1812
models/props/de_vertigo/fencepost_constructionmetal_01.phy,2370,2370
models/props/de_vertigo/fencepost_constructionmetal_01.sw.vtx,3366,3366
models/props/de_vertigo/fencepost_constructionmetal_01.vvd,16768,16768
models/props/de_vertigo/fencerail_constructionnetting_01.dx80.vtx,13143,13143
models/props/de_vertigo/fencerail_constructionnetting_01.dx90.vtx,13143,13143
models/props/de_vertigo/fencerail_constructionnetting_01.mdl,2212,2212
models/props/de_vertigo/fencerail_constructionnetting_01.phy,4004,4004
models/props/de_vertigo/fencerail_constructionnetting_01.sw.vtx,13143,13143
models/props/de_vertigo/fencerail_constructionnetting_01.vvd,51264,51264
models/props/de_vertigo/hvac_fan_02.dx80.vtx,10281,10281
models/props/de_vertigo/hvac_fan_02.dx90.vtx,10281,10281
models/props/de_vertigo/hvac_fan_02.mdl,1972,1972
models/props/de_vertigo/hvac_fan_02.phy,4411,4411
models/props/de_vertigo/hvac_fan_02.sw.vtx,10281,10281
models/props/de_vertigo/hvac_fan_02.vvd,43008,43008
models/props/de_vertigo/hvac_fan_03.dx80.vtx,6192,6192
models/props/de_vertigo/hvac_fan_03.dx90.vtx,6192,6192
models/props/de_vertigo/hvac_fan_03.mdl,1780,1780
models/props/de_vertigo/hvac_fan_03.phy,4363,4363
models/props/de_vertigo/hvac_fan_03.sw.vtx,6192,6192
models/props/de_vertigo/hvac_fan_03.vvd,24832,24832
models/props/de_vertigo/hvac_fanblade_spinning_01.dx80.vtx,1299,1299
models/props/de_vertigo/hvac_fanblade_spinning_01.dx90.vtx,1299,1299
models/props/de_vertigo/hvac_fanblade_spinning_01.mdl,3256,3256
models/props/de_vertigo/hvac_fanblade_spinning_01.sw.vtx,1283,1283
models/props/de_vertigo/hvac_fanblade_spinning_01.vvd,4736,4736
models/props/de_vertigo/ibeam_plate_footerlow.dx80.vtx,633,633
models/props/de_vertigo/ibeam_plate_footerlow.dx90.vtx,633,633
models/props/de_vertigo/ibeam_plate_footerlow.mdl,1788,1788
models/props/de_vertigo/ibeam_plate_footerlow.sw.vtx,633,633
models/props/de_vertigo/ibeam_plate_footerlow.vvd,2624,2624
models/props/de_vertigo/ibeam_plate_joint.dx80.vtx,1845,1845
models/props/de_vertigo/ibeam_plate_joint.dx90.vtx,1845,1845
models/props/de_vertigo/ibeam_plate_joint.mdl,1784,1784
models/props/de_vertigo/ibeam_plate_joint.sw.vtx,1845,1845
models/props/de_vertigo/ibeam_plate_joint.vvd,8256,8256
models/props/de_vertigo/ibeam_plate_jointsmall.dx80.vtx,2097,2097
models/props/de_vertigo/ibeam_plate_jointsmall.dx90.vtx,2097,2097
models/props/de_vertigo/ibeam_plate_jointsmall.mdl,1788,1788
models/props/de_vertigo/ibeam_plate_jointsmall.phy,6605,6605
models/props/de_vertigo/ibeam_plate_jointsmall.sw.vtx,2097,2097
models/props/de_vertigo/ibeam_plate_jointsmall.vvd,9408,9408
models/props/de_vertigo/insulationrollsbundled.dx80.vtx,25779,25779
models/props/de_vertigo/insulationrollsbundled.dx90.vtx,25779,25779
models/props/de_vertigo/insulationrollsbundled.mdl,2008,2008
models/props/de_vertigo/insulationrollsbundled.phy,3654,3654
models/props/de_vertigo/insulationrollsbundled.sw.vtx,25779,25779
models/props/de_vertigo/insulationrollsbundled.vvd,111360,111360
models/props/de_vertigo/landingstepdown_16x8.dx80.vtx,2961,2961
models/props/de_vertigo/landingstepdown_16x8.dx90.vtx,2961,2961
models/props/de_vertigo/landingstepdown_16x8.mdl,1796,1796
models/props/de_vertigo/landingstepdown_16x8.phy,2703,2703
models/props/de_vertigo/landingstepdown_16x8.sw.vtx,2961,2961
models/props/de_vertigo/landingstepdown_16x8.vvd,12096,12096
models/props/de_vertigo/metal_2x4_128.dx80.vtx,1269,1269
models/props/de_vertigo/metal_2x4_128.dx90.vtx,1269,1269
models/props/de_vertigo/metal_2x4_128.mdl,1780,1780
models/props/de_vertigo/metal_2x4_128.phy,3109,3109
models/props/de_vertigo/metal_2x4_128.sw.vtx,1269,1269
models/props/de_vertigo/metal_2x4_128.vvd,5696,5696
models/props/de_vertigo/metal_2x4_256.dx80.vtx,1893,1893
models/props/de_vertigo/metal_2x4_256.dx90.vtx,1893,1893
models/props/de_vertigo/metal_2x4_256.mdl,1780,1780
models/props/de_vertigo/metal_2x4_256.phy,4837,4837
models/props/de_vertigo/metal_2x4_256.sw.vtx,1893,1893
models/props/de_vertigo/metal_2x4_256.vvd,8768,8768
models/props/de_vertigo/metal_2x4_singleboard.dx80.vtx,393,393
models/props/de_vertigo/metal_2x4_singleboard.dx90.vtx,393,393
models/props/de_vertigo/metal_2x4_singleboard.mdl,1788,1788
models/props/de_vertigo/metal_2x4_singleboard.phy,722,722
models/props/de_vertigo/metal_2x4_singleboard.sw.vtx,393,393
models/props/de_vertigo/metal_2x4_singleboard.vvd,1344,1344
models/props/de_vertigo/railingstairs_112_r.dx80.vtx,13767,13767
models/props/de_vertigo/railingstairs_112_r.dx90.vtx,13767,13767
models/props/de_vertigo/railingstairs_112_r.mdl,1796,1796
models/props/de_vertigo/railingstairs_112_r.phy,7414,7414
models/props/de_vertigo/railingstairs_112_r.sw.vtx,13767,13767
models/props/de_vertigo/railingstairs_112_r.vvd,53440,53440
models/props/de_vertigo/rebar_stack.dx80.vtx,22986,22986
models/props/de_vertigo/rebar_stack.dx90.vtx,22986,22986
models/props/de_vertigo/rebar_stack.mdl,1776,1776
models/props/de_vertigo/rebar_stack.phy,8938,8938
models/props/de_vertigo/rebar_stack.sw.vtx,22986,22986
models/props/de_vertigo/rebar_stack.vvd,89472,89472
models/props/de_vertigo/scaffolding_brace.dx80.vtx,2985,2985
models/props/de_vertigo/scaffolding_brace.dx90.vtx,2985,2985
models/props/de_vertigo/scaffolding_brace.mdl,1780,1780
models/props/de_vertigo/scaffolding_brace.phy,1571,1571
models/props/de_vertigo/scaffolding_brace.sw.vtx,2985,2985
models/props/de_vertigo/scaffolding_brace.vvd,15168,15168
models/props/de_vertigo/scaffolding_end.dx80.vtx,5763,5763
models/props/de_vertigo/scaffolding_end.dx90.vtx,5763,5763
models/props/de_vertigo/scaffolding_end.mdl,1780,1780
models/props/de_vertigo/scaffolding_end.phy,6146,6146
models/props/de_vertigo/scaffolding_end.sw.vtx,5763,5763
models/props/de_vertigo/scaffolding_end.vvd,26048,26048
models/props/de_vertigo/scaffolding_end_open.dx80.vtx,5565,5565
models/props/de_vertigo/scaffolding_end_open.dx90.vtx,5565,5565
models/props/de_vertigo/scaffolding_end_open.mdl,1784,1784
models/props/de_vertigo/scaffolding_end_open.phy,5759,5759
models/props/de_vertigo/scaffolding_end_open.sw.vtx,5565,5565
models/props/de_vertigo/scaffolding_end_open.vvd,25152,25152
models/props/de_vertigo/scaffolding_walkway_02.dx80.vtx,6930,6930
models/props/de_vertigo/scaffolding_walkway_02.dx90.vtx,6930,6930
models/props/de_vertigo/scaffolding_walkway_02.mdl,1988,1988
models/props/de_vertigo/scaffolding_walkway_02.phy,3087,3087
models/props/de_vertigo/scaffolding_walkway_02.sw.vtx,6930,6930
models/props/de_vertigo/scaffolding_walkway_02.vvd,35392,35392
models/props/de_vertigo/step_16x8.dx80.vtx,2445,2445
models/props/de_vertigo/step_16x8.dx90.vtx,2445,2445
models/props/de_vertigo/step_16x8.mdl,1784,1784
models/props/de_vertigo/step_16x8.phy,1827,1827
models/props/de_vertigo/step_16x8.sw.vtx,2445,2445
models/props/de_vertigo/step_16x8.vvd,9792,9792
models/props/de_vertigo/step_32x16.dx80.vtx,4233,4233
models/props/de_vertigo/step_32x16.dx90.vtx,4233,4233
models/props/de_vertigo/step_32x16.mdl,1788,1788
models/props/de_vertigo/step_32x16.phy,2190,2190
models/props/de_vertigo/step_32x16.sw.vtx,4233,4233
models/props/de_vertigo/step_32x16.vvd,17216,17216
models/props/de_vertigo/step_64x32.dx80.vtx,7809,7809
models/props/de_vertigo/step_64x32.dx90.vtx,7809,7809
models/props/de_vertigo/step_64x32.mdl,1788,1788
models/props/de_vertigo/step_64x32.phy,2974,2974
models/props/de_vertigo/step_64x32.sw.vtx,7809,7809
models/props/de_vertigo/step_64x32.vvd,32064,32064
models/props/de_vertigo/traffic.dx80.vtx,139971,139971
models/props/de_vertigo/traffic.dx90.vtx,139971,139971
models/props/de_vertigo/traffic.mdl,1780,1780
models/props/de_vertigo/traffic.sw.vtx,139971,139971
models/props/de_vertigo/traffic.vvd,686016,686016
models/props/props_gameplay/bomb_defusal_box.dx80.vtx,14712,14712
models/props/props_gameplay/bomb_defusal_box.dx90.vtx,14712,14712
models/props/props_gameplay/bomb_defusal_box.mdl,1784,1784
models/props/props_gameplay/bomb_defusal_box.phy,2111,2111
models/props/props_gameplay/bomb_defusal_box.sw.vtx,14712,14712
models/props/props_gameplay/bomb_defusal_box.vvd,66304,66304
models/props_bank/construction_lift_cs.dx80.vtx,82574,82574
models/props_bank/construction_lift_cs.dx90.vtx,82574,82574
models/props_bank/construction_lift_cs.mdl,1772,1772
models/props_bank/construction_lift_cs.phy,5331,5331
models/props_bank/construction_lift_cs.sw.vtx,82574,82574
models/props_bank/construction_lift_cs.vvd,314816,314816
models/props_equipment/firepipe02.dx80.vtx,104125,104125
models/props_equipment/firepipe02.dx90.vtx,104125,104125
models/props_equipment/firepipe02.mdl,1768,1768
models/props_equipment/firepipe02.phy,12512,12512
models/props_equipment/firepipe02.sw.vtx,104125,104125
models/props_equipment/firepipe02.vvd,220992,220992
models/props_equipment/security_desk1.dx80.vtx,59779,59779
models/props_equipment/security_desk1.dx90.vtx,59779,59779
models/props_equipment/security_desk1.mdl,1772,1772
models/props_equipment/security_desk1.phy,4020,4020
models/props_equipment/security_desk1.sw.vtx,59779,59779
models/props_equipment/security_desk1.vvd,153408,153408
models/props_interiors/bucket_tools02.dx80.vtx,41353,41353
models/props_interiors/bucket_tools02.dx90.vtx,41353,41353
models/props_interiors/bucket_tools02.mdl,1764,1764
models/props_interiors/bucket_tools02.phy,3000,3000
models/props_interiors/bucket_tools02.sw.vtx,41353,41353
models/props_interiors/bucket_tools02.vtx,41353,41353
models/props_interiors/bucket_tools02.vvd,112896,112896
models/props_interiors/coffee_maker.dx80.vtx,12782,12782
models/props_interiors/coffee_maker.dx90.vtx,12782,12782
models/props_interiors/coffee_maker.mdl,1828,1828
models/props_interiors/coffee_maker.phy,3103,3103
models/props_interiors/coffee_maker.sw.vtx,12782,12782
models/props_interiors/coffee_maker.vvd,42752,42752
models/props_interiors/copymachine01.dx80.vtx,40726,40726
models/props_interiors/copymachine01.dx90.vtx,40726,40726
models/props_interiors/copymachine01.mdl,1776,1776
models/props_interiors/copymachine01.phy,2293,2293
models/props_interiors/copymachine01.sw.vtx,40726,40726
models/props_interiors/copymachine01.vvd,119872,119872
models/props_interiors/couch.dx80.vtx,27811,27811
models/props_interiors/couch.dx90.vtx,27811,27811
models/props_interiors/couch.mdl,1836,1836
models/props_interiors/couch.phy,2670,2670
models/props_interiors/couch.sw.vtx,27811,27811
models/props_interiors/couch.vtx,27811,27811
models/props_interiors/couch.vvd,66240,66240
models/props_interiors/table_cafeteria.dx80.vtx,4971,4971
models/props_interiors/table_cafeteria.dx90.vtx,4971,4971
models/props_interiors/table_cafeteria.mdl,1784,1784
models/props_interiors/table_cafeteria.phy,5192,5192
models/props_interiors/table_cafeteria.sw.vtx,4971,4971
models/props_interiors/table_cafeteria.vtx,4971,4971
models/props_interiors/table_cafeteria.vvd,20672,20672
models/props_lighting/lightbulb01a.dx80.vtx,8250,8250
models/props_lighting/lightbulb01a.dx90.vtx,8250,8250
models/props_lighting/lightbulb01a.mdl,1844,1844
models/props_lighting/lightbulb01a.phy,2342,2342
models/props_lighting/lightbulb01a.sw.vtx,8250,8250
models/props_lighting/lightbulb01a.vtx,8250,8250
models/props_lighting/lightbulb01a.vvd,31104,31104
models/props_pipes/hotel_pipe001.dx80.vtx,19719,19719
models/props_pipes/hotel_pipe001.dx90.vtx,19719,19719
models/props_pipes/hotel_pipe001.mdl,1756,1756
models/props_pipes/hotel_pipe001.phy,1652,1652
models/props_pipes/hotel_pipe001.sw.vtx,19719,19719
models/props_pipes/hotel_pipe001.vvd,94272,94272
models/props_pipes/hotel_pipe002.dx80.vtx,27213,27213
models/props_pipes/hotel_pipe002.dx90.vtx,27213,27213
models/props_pipes/hotel_pipe002.mdl,1756,1756
models/props_pipes/hotel_pipe002.phy,717,717
models/props_pipes/hotel_pipe002.sw.vtx,27213,27213
models/props_pipes/hotel_pipe002.vvd,124992,124992
models/props_pipes/hotel_pipe003.dx80.vtx,22164,22164
models/props_pipes/hotel_pipe003.dx90.vtx,22164,22164
models/props_pipes/hotel_pipe003.mdl,1756,1756
models/props_pipes/hotel_pipe003.phy,3453,3453
models/props_pipes/hotel_pipe003.sw.vtx,22164,22164
models/props_pipes/hotel_pipe003.vvd,103680,103680
models/props_resort/keyboard.dx80.vtx,4500,4500
models/props_resort/keyboard.dx90.vtx,4500,4500
models/props_resort/keyboard.mdl,1812,1812
models/props_resort/keyboard.phy,691,691
models/props_resort/keyboard.sw.vtx,4500,4500
models/props_resort/keyboard.vvd,22656,22656
models/props_resort/monitor.dx80.vtx,4620,4620
models/props_resort/monitor.dx90.vtx,4620,4620
models/props_resort/monitor.mdl,1752,1752
models/props_resort/monitor.phy,3410,3410
models/props_resort/monitor.sw.vtx,4620,4620
models/props_resort/monitor.vvd,20224,20224
models/props_resort/tv.dx80.vtx,1515,1515
models/props_resort/tv.dx90.vtx,1515,1515
models/props_resort/tv.mdl,1740,1740
models/props_resort/tv.phy,2355,2355
models/props_resort/tv.sw.vtx,1515,1515
models/props_resort/tv.vvd,6592,6592
models/props_street/awning_short.dx80.vtx,7041,7041
models/props_street/awning_short.dx90.vtx,7041,7041
models/props_street/awning_short.mdl,1768,1768
models/props_street/awning_short.phy,1998,1998
models/props_street/awning_short.sw.vtx,7041,7041
models/props_street/awning_short.vtx,7041,7041
models/props_street/awning_short.vvd,35392,35392
models/props_windows/window_farmhouse_small.dx80.vtx,11451,11451
models/props_windows/window_farmhouse_small.dx90.vtx,11451,11451
models/props_windows/window_farmhouse_small.mdl,2064,2064
models/props_windows/window_farmhouse_small.phy,1495,1495
models/props_windows/window_farmhouse_small.sw.vtx,11451,11451
models/props_windows/window_farmhouse_small.vvd,49152,49152
sp_hdr_0.vhv,8704,8704
sp_hdr_1.vhv,4608,4608
sp_hdr_10.vhv,2560,2560
sp_hdr_100.vhv,2048,2048
sp_hdr_1000.vhv,1024,1024
sp_hdr_1001.vhv,1536,1536
sp_hdr_1002.vhv,1536,1536
sp_hdr_1003.vhv,1024,1024
sp_hdr_1004.vhv,1024,1024
sp_hdr_1005.vhv,1024,1024
sp_hdr_1006.vhv,1024,1024
sp_hdr_1007.vhv,1024,1024
sp_hdr_1008.vhv,1024,1024
sp_hdr_1009.vhv,1024,1024
sp_hdr_101.vhv,1536,1536
sp_hdr_1010.vhv,1024,1024
sp_hdr_1011.vhv,1024,1024
sp_hdr_1012.vhv,1024,1024
sp_hdr_1013.vhv,1024,1024
sp_hdr_1014.vhv,1536,1536
sp_hdr_1015.vhv,1024,1024
sp_hdr_1016.vhv,1024,1024
sp_hdr_1017.vhv,1024,1024
sp_hdr_1018.vhv,1024,1024
sp_hdr_1019.vhv,1024,1024
sp_hdr_102.vhv,1536,1536
sp_hdr_1020.vhv,1536,1536
sp_hdr_1021.vhv,1024,1024
sp_hdr_1022.vhv,1024,1024
sp_hdr_1023.vhv,1024,1024
sp_hdr_1024.vhv,1536,1536
sp_hdr_1025.vhv,1024,1024
sp_hdr_1026.vhv,1024,1024
sp_hdr_1027.vhv,1024,1024
sp_hdr_1028.vhv,1024,1024
sp_hdr_1029.vhv,1536,1536
sp_hdr_103.vhv,1024,1024
sp_hdr_1030.vhv,1024,1024
sp_hdr_1031.vhv,1024,1024
sp_hdr_1032.vhv,15360,15360
sp_hdr_1033.vhv,7168,7168
sp_hdr_1034.vhv,9728,9728
sp_hdr_1035.vhv,9728,9728
sp_hdr_1036.vhv,15360,15360
sp_hdr_1037.vhv,8192,8192
sp_hdr_1038.vhv,1536,1536
sp_hdr_1039.vhv,1536,1536
sp_hdr_104.vhv,1536,1536
sp_hdr_1040.vhv,1536,1536
sp_hdr_1041.vhv,1536,1536
sp_hdr_1042.vhv,1536,1536
sp_hdr_1043.vhv,1536,1536
sp_hdr_1044.vhv,1536,1536
sp_hdr_1045.vhv,1536,1536
sp_hdr_1046.vhv,1536,1536
sp_hdr_1047.vhv,1536,1536
sp_hdr_1048.vhv,1536,1536
sp_hdr_1049.vhv,1536,1536
sp_hdr_105.vhv,1024,1024
sp_hdr_1050.vhv,1536,1536
sp_hdr_1051.vhv,1536,1536
sp_hdr_1052.vhv,1536,1536
sp_hdr_1053.vhv,1536,1536
sp_hdr_1054.vhv,26624,26624
sp_hdr_1055.vhv,43520,43520
sp_hdr_1056.vhv,12800,12800
sp_hdr_1057.vhv,71680,71680
sp_hdr_1058.vhv,34304,34304
sp_hdr_1059.vhv,96256,96256
sp_hdr_106.vhv,1024,1024
sp_hdr_1060.vhv,58880,58880
sp_hdr_1061.vhv,32768,32768
sp_hdr_1062.vhv,19456,19456
sp_hdr_1063.vhv,14848,14848
sp_hdr_1064.vhv,53760,53760
sp_hdr_1065.vhv,2048,2048
sp_hdr_107.vhv,1024,1024
sp_hdr_108.vhv,1024,1024
sp_hdr_109.vhv,1536,1536
sp_hdr_11.vhv,2560,2560
sp_hdr_110.vhv,1024,1024
sp_hdr_111.vhv,2560,2560
sp_hdr_112.vhv,1024,1024
sp_hdr_113.vhv,4608,4608
sp_hdr_114.vhv,23552,23552
sp_hdr_115.vhv,23552,23552
sp_hdr_116.vhv,23552,23552
sp_hdr_117.vhv,3072,3072
sp_hdr_118.vhv,3584,3584
sp_hdr_119.vhv,1024,1024
sp_hdr_12.vhv,2560,2560
sp_hdr_120.vhv,2560,2560
sp_hdr_121.vhv,2048,2048
sp_hdr_122.vhv,2048,2048
sp_hdr_123.vhv,4096,4096
sp_hdr_124.vhv,1536,1536
sp_hdr_125.vhv,1024,1024
sp_hdr_126.vhv,2560,2560
sp_hdr_127.vhv,2048,2048
sp_hdr_128.vhv,1536,1536
sp_hdr_129.vhv,3584,3584
sp_hdr_13.vhv,3072,3072
sp_hdr_130.vhv,2560,2560
sp_hdr_131.vhv,1024,1024
sp_hdr_132.vhv,1024,1024
sp_hdr_133.vhv,1024,1024
sp_hdr_134.vhv,2048,2048
sp_hdr_135.vhv,2048,2048
sp_hdr_136.vhv,2560,2560
sp_hdr_137.vhv,2560,2560
sp_hdr_138.vhv,2048,2048
sp_hdr_139.vhv,2048,2048
sp_hdr_14.vhv,1536,1536
sp_hdr_140.vhv,2560,2560
sp_hdr_141.vhv,2048,2048
sp_hdr_142.vhv,2048,2048
sp_hdr_143.vhv,1536,1536
sp_hdr_144.vhv,1536,1536
sp_hdr_145.vhv,2048,2048
sp_hdr_146.vhv,2048,2048
sp_hdr_147.vhv,1024,1024
sp_hdr_148.vhv,1024,1024
sp_hdr_149.vhv,1024,1024
sp_hdr_15.vhv,2560,2560
sp_hdr_150.vhv,1024,1024
sp_hdr_151.vhv,1024,1024
sp_hdr_152.vhv,1024,1024
sp_hdr_153.vhv,1024,1024
sp_hdr_154.vhv,1024,1024
sp_hdr_155.vhv,2048,2048
sp_hdr_156.vhv,2048,2048
sp_hdr_157.vhv,12800,12800
sp_hdr_158.vhv,12800,12800
sp_hdr_159.vhv,12800,12800
sp_hdr_16.vhv,1536,1536
sp_hdr_160.vhv,1024,1024
sp_hdr_161.vhv,4608,4608
sp_hdr_162.vhv,4608,4608
sp_hdr_163.vhv,4608,4608
sp_hdr_164.vhv,1024,1024
sp_hdr_165.vhv,2048,2048
sp_hdr_166.vhv,1024,1024
sp_hdr_167.vhv,43520,43520
sp_hdr_168.vhv,23552,23552
sp_hdr_169.vhv,7168,7168
sp_hdr_17.vhv,1536,1536
sp_hdr_170.vhv,6656,6656
sp_hdr_171.vhv,6656,6656
sp_hdr_172.vhv,7168,7168
sp_hdr_173.vhv,28672,28672
sp_hdr_174.vhv,8704,8704
sp_hdr_175.vhv,2560,2560
sp_hdr_176.vhv,3584,3584
sp_hdr_177.vhv,23552,23552
sp_hdr_178.vhv,2560,2560
sp_hdr_179.vhv,5632,5632
sp_hdr_18.vhv,3072,3072
sp_hdr_180.vhv,2560,2560
sp_hdr_181.vhv,2560,2560
sp_hdr_182.vhv,1536,1536
sp_hdr_183.vhv,2560,2560
sp_hdr_184.vhv,1536,1536
sp_hdr_185.vhv,2560,2560
sp_hdr_186.vhv,5632,5632
sp_hdr_187.vhv,2560,2560
sp_hdr_188.vhv,1536,1536
sp_hdr_189.vhv,1536,1536
sp_hdr_19.vhv,1536,1536
sp_hdr_190.vhv,1536,1536
sp_hdr_191.vhv,2048,2048
sp_hdr_192.vhv,2048,2048
sp_hdr_193.vhv,3072,3072
sp_hdr_194.vhv,1536,1536
sp_hdr_195.vhv,2048,2048
sp_hdr_196.vhv,1536,1536
sp_hdr_197.vhv,2048,2048
sp_hdr_198.vhv,2048,2048
sp_hdr_199.vhv,1536,1536
sp_hdr_2.vhv,3072,3072
sp_hdr_20.vhv,1024,1024
sp_hdr_200.vhv,1536,1536
sp_hdr_201.vhv,2048,2048
sp_hdr_202.vhv,2048,2048
sp_hdr_203.vhv,1536,1536
sp_hdr_204.vhv,1536,1536
sp_hdr_205.vhv,4096,4096
sp_hdr_206.vhv,4096,4096
sp_hdr_207.vhv,5632,5632
sp_hdr_208.vhv,2560,2560
sp_hdr_209.vhv,2560,2560
sp_hdr_21.vhv,1024,1024
sp_hdr_210.vhv,1536,1536
sp_hdr_211.vhv,4096,4096
sp_hdr_212.vhv,4096,4096
sp_hdr_213.vhv,4608,4608
sp_hdr_214.vhv,4608,4608
sp_hdr_215.vhv,4608,4608
sp_hdr_216.vhv,25088,25088
sp_hdr_217.vhv,4608,4608
sp_hdr_218.vhv,23552,23552
sp_hdr_219.vhv,1024,1024
sp_hdr_22.vhv,1024,1024
sp_hdr_220.vhv,23552,23552
sp_hdr_221.vhv,2048,2048
sp_hdr_222.vhv,1536,1536
sp_hdr_223.vhv,2048,2048
sp_hdr_224.vhv,2048,2048
sp_hdr_225.vhv,1024,1024
sp_hdr_226.vhv,1024,1024
sp_hdr_227.vhv,2560,2560
sp_hdr_228.vhv,1536,1536
sp_hdr_229.vhv,1536,1536
sp_hdr_23.vhv,2560,2560
sp_hdr_230.vhv,1536,1536
sp_hdr_231.vhv,1536,1536
sp_hdr_232.vhv,1536,1536
sp_hdr_233.vhv,2560,2560
sp_hdr_234.vhv,1536,1536
sp_hdr_235.vhv,6656,6656
sp_hdr_236.vhv,4608,4608
sp_hdr_237.vhv,6656,6656
sp_hdr_238.vhv,18944,18944
sp_hdr_239.vhv,6144,6144
sp_hdr_24.vhv,18432,18432
sp_hdr_240.vhv,4608,4608
sp_hdr_241.vhv,3584,3584
sp_hdr_242.vhv,4608,4608
sp_hdr_243.vhv,4608,4608
sp_hdr_244.vhv,4608,4608
sp_hdr_245.vhv,3584,3584
sp_hdr_246.vhv,3584,3584
sp_hdr_247.vhv,15360,15360
sp_hdr_248.vhv,2560,2560
sp_hdr_249.vhv,2048,2048
sp_hdr_25.vhv,2048,2048
sp_hdr_250.vhv,2048,2048
sp_hdr_251.vhv,7168,7168
sp_hdr_252.vhv,1536,1536
sp_hdr_253.vhv,1536,1536
sp_hdr_254.vhv,1536,1536
sp_hdr_255.vhv,1536,1536
sp_hdr_256.vhv,1536,1536
sp_hdr_257.vhv,1536,1536
sp_hdr_258.vhv,1536,1536
sp_hdr_259.vhv,1536,1536
sp_hdr_26.vhv,1536,1536
sp_hdr_260.vhv,1536,1536
sp_hdr_261.vhv,1536,1536
sp_hdr_262.vhv,1536,1536
sp_hdr_263.vhv,1536,1536
sp_hdr_264.vhv,1536,1536
sp_hdr_265.vhv,1536,1536
sp_hdr_266.vhv,1536,1536
sp_hdr_267.vhv,1536,1536
sp_hdr_268.vhv,1536,1536
sp_hdr_269.vhv,1536,1536
sp_hdr_27.vhv,1024,1024
sp_hdr_270.vhv,1536,1536
sp_hdr_271.vhv,1536,1536
sp_hdr_272.vhv,1536,1536
sp_hdr_273.vhv,1536,1536
sp_hdr_274.vhv,1536,1536
sp_hdr_275.vhv,1536,1536
sp_hdr_276.vhv,1536,1536
sp_hdr_277.vhv,1536,1536
sp_hdr_278.vhv,1536,1536
sp_hdr_279.vhv,1536,1536
sp_hdr_28.vhv,2560,2560
sp_hdr_280.vhv,1536,1536
sp_hdr_281.vhv,1536,1536
sp_hdr_282.vhv,1536,1536
sp_hdr_283.vhv,1536,1536
sp_hdr_284.vhv,1536,1536
sp_hdr_285.vhv,1536,1536
sp_hdr_286.vhv,1536,1536
sp_hdr_287.vhv,1536,1536
sp_hdr_288.vhv,1536,1536
sp_hdr_289.vhv,1536,1536
sp_hdr_29.vhv,5632,5632
sp_hdr_290.vhv,1536,1536
sp_hdr_291.vhv,1536,1536
sp_hdr_292.vhv,1536,1536
sp_hdr_293.vhv,1024,1024
sp_hdr_294.vhv,1536,1536
sp_hdr_295.vhv,1024,1024
sp_hdr_296.vhv,1024,1024
sp_hdr_297.vhv,1024,1024
sp_hdr_298.vhv,1536,1536
sp_hdr_299.vhv,1024,1024
sp_hdr_3.vhv,1536,1536
sp_hdr_30.vhv,1024,1024
sp_hdr_300.vhv,2048,2048
sp_hdr_301.vhv,2048,2048
sp_hdr_302.vhv,2048,2048
sp_hdr_303.vhv,2048,2048
sp_hdr_304.vhv,2048,2048
sp_hdr_305.vhv,2560,2560
sp_hdr_306.vhv,2048,2048
sp_hdr_307.vhv,1536,1536
sp_hdr_308.vhv,2048,2048
sp_hdr_309.vhv,2048,2048
sp_hdr_31.vhv,1024,1024
sp_hdr_310.vhv,2048,2048
sp_hdr_311.vhv,2560,2560
sp_hdr_312.vhv,1536,1536
sp_hdr_313.vhv,1024,1024
sp_hdr_314.vhv,2048,2048
sp_hdr_315.vhv,1536,1536
sp_hdr_316.vhv,1536,1536
sp_hdr_317.vhv,1536,1536
sp_hdr_318.vhv,2560,2560
sp_hdr_319.vhv,2048,2048
sp_hdr_32.vhv,4096,4096
sp_hdr_320.vhv,2048,2048
sp_hdr_321.vhv,2048,2048
sp_hdr_322.vhv,2560,2560
sp_hdr_323.vhv,2048,2048
sp_hdr_324.vhv,2048,2048
sp_hdr_325.vhv,2048,2048
sp_hdr_326.vhv,2048,2048
sp_hdr_327.vhv,2560,2560
sp_hdr_328.vhv,1536,1536
sp_hdr_329.vhv,2560,2560
sp_hdr_33.vhv,2048,2048
sp_hdr_330.vhv,2560,2560
sp_hdr_331.vhv,2048,2048
sp_hdr_332.vhv,2048,2048
sp_hdr_333.vhv,1536,1536
sp_hdr_334.vhv,2560,2560
sp_hdr_335.vhv,1536,1536
sp_hdr_336.vhv,2560,2560
sp_hdr_337.vhv,2048,2048
sp_hdr_338.vhv,2048,2048
sp_hdr_339.vhv,2048,2048
sp_hdr_34.vhv,2048,2048
sp_hdr_340.vhv,2560,2560
sp_hdr_341.vhv,2048,2048
sp_hdr_342.vhv,2048,2048
sp_hdr_343.vhv,2048,2048
sp_hdr_344.vhv,1024,1024
sp_hdr_345.vhv,1024,1024
sp_hdr_346.vhv,1024,1024
sp_hdr_347.vhv,1024,1024
sp_hdr_348.vhv,1024,1024
sp_hdr_349.vhv,2048,2048
sp_hdr_35.vhv,2048,2048
sp_hdr_350.vhv,1536,1536
sp_hdr_351.vhv,1536,1536
sp_hdr_352.vhv,1536,1536
sp_hdr_353.vhv,2560,2560
sp_hdr_354.vhv,2048,2048
sp_hdr_355.vhv,2048,2048
sp_hdr_356.vhv,1536,1536
sp_hdr_357.vhv,1024,1024
sp_hdr_358.vhv,1024,1024
sp_hdr_359.vhv,5120,5120
sp_hdr_36.vhv,2048,2048
sp_hdr_360.vhv,5120,5120
sp_hdr_361.vhv,1536,1536
sp_hdr_362.vhv,2560,2560
sp_hdr_363.vhv,1024,1024
sp_hdr_364.vhv,1536,1536
sp_hdr_365.vhv,1536,1536
sp_hdr_366.vhv,2560,2560
sp_hdr_367.vhv,1536,1536
sp_hdr_368.vhv,1536,1536
sp_hdr_369.vhv,1024,1024
sp_hdr_37.vhv,2048,2048
sp_hdr_370.vhv,1536,1536
sp_hdr_371.vhv,2560,2560
sp_hdr_372.vhv,2560,2560
sp_hdr_373.vhv,2560,2560
sp_hdr_374.vhv,2560,2560
sp_hdr_375.vhv,1536,1536
sp_hdr_376.vhv,1536,1536
sp_hdr_377.vhv,1536,1536
sp_hdr_378.vhv,1536,1536
sp_hdr_379.vhv,1536,1536
sp_hdr_38.vhv,4096,4096
sp_hdr_380.vhv,1536,1536
sp_hdr_381.vhv,2560,2560
sp_hdr_382.vhv,2560,2560
sp_hdr_383.vhv,2560,2560
sp_hdr_384.vhv,2560,2560
sp_hdr_385.vhv,2048,2048
sp_hdr_386.vhv,1024,1024
sp_hdr_387.vhv,1024,1024
sp_hdr_388.vhv,1024,1024
sp_hdr_389.vhv,1536,1536
sp_hdr_39.vhv,2048,2048
sp_hdr_390.vhv,1024,1024
sp_hdr_391.vhv,1024,1024
sp_hdr_392.vhv,1536,1536
sp_hdr_393.vhv,1536,1536
sp_hdr_394.vhv,1536,1536
sp_hdr_395.vhv,2048,2048
sp_hdr_396.vhv,2560,2560
sp_hdr_397.vhv,2560,2560
sp_hdr_398.vhv,2560,2560
sp_hdr_399.vhv,1536,1536
sp_hdr_4.vhv,1536,1536
sp_hdr_40.vhv,2048,2048
sp_hdr_400.vhv,4096,4096
sp_hdr_401.vhv,4096,4096
sp_hdr_402.vhv,1024,1024
sp_hdr_403.vhv,1024,1024
sp_hdr_404.vhv,1024,1024
sp_hdr_405.vhv,1024,1024
sp_hdr_406.vhv,1024,1024
sp_hdr_407.vhv,1024,1024
sp_hdr_408.vhv,1024,1024
sp_hdr_409.vhv,1024,1024
sp_hdr_41.vhv,2048,2048
sp_hdr_410.vhv,1024,1024
sp_hdr_411.vhv,1024,1024
sp_hdr_412.vhv,1024,1024
sp_hdr_413.vhv,1024,1024
sp_hdr_414.vhv,1024,1024
sp_hdr_415.vhv,1024,1024
sp_hdr_416.vhv,1024,1024
sp_hdr_417.vhv,1024,1024
sp_hdr_418.vhv,2048,2048
sp_hdr_419.vhv,1024,1024
sp_hdr_42.vhv,4096,4096
sp_hdr_420.vhv,2048,2048
sp_hdr_421.vhv,1024,1024
sp_hdr_422.vhv,1536,1536
sp_hdr_423.vhv,3072,3072
sp_hdr_424.vhv,5632,5632
sp_hdr_425.vhv,5632,5632
sp_hdr_426.vhv,1536,1536
sp_hdr_427.vhv,2560,2560
sp_hdr_428.vhv,2560,2560
sp_hdr_429.vhv,1536,1536
sp_hdr_43.vhv,2048,2048
sp_hdr_430.vhv,1536,1536
sp_hdr_431.vhv,2560,2560
sp_hdr_432.vhv,1536,1536
sp_hdr_433.vhv,1536,1536
sp_hdr_434.vhv,1024,1024
sp_hdr_435.vhv,1024,1024
sp_hdr_436.vhv,1536,1536
sp_hdr_437.vhv,1536,1536
sp_hdr_438.vhv,2560,2560
sp_hdr_439.vhv,5632,5632
sp_hdr_44.vhv,2048,2048
sp_hdr_440.vhv,5632,5632
sp_hdr_441.vhv,1536,1536
sp_hdr_442.vhv,2560,2560
sp_hdr_443.vhv,2560,2560
sp_hdr_444.vhv,2560,2560
sp_hdr_445.vhv,1536,1536
sp_hdr_446.vhv,1536,1536
sp_hdr_447.vhv,1024,1024
sp_hdr_448.vhv,1536,1536
sp_hdr_449.vhv,1536,1536
sp_hdr_45.vhv,2048,2048
sp_hdr_450.vhv,2560,2560
sp_hdr_451.vhv,2560,2560
sp_hdr_452.vhv,2560,2560
sp_hdr_453.vhv,1536,1536
sp_hdr_454.vhv,1536,1536
sp_hdr_455.vhv,2560,2560
sp_hdr_456.vhv,1024,1024
sp_hdr_457.vhv,2560,2560
sp_hdr_458.vhv,1536,1536
sp_hdr_459.vhv,1024,1024
sp_hdr_46.vhv,4096,4096
sp_hdr_460.vhv,1536,1536
sp_hdr_461.vhv,1024,1024
sp_hdr_462.vhv,2560,2560
sp_hdr_463.vhv,2560,2560
sp_hdr_464.vhv,1536,1536
sp_hdr_465.vhv,1536,1536
sp_hdr_466.vhv,1024,1024
sp_hdr_467.vhv,1024,1024
sp_hdr_468.vhv,2560,2560
sp_hdr_469.vhv,2560,2560
sp_hdr_47.vhv,2048,2048
sp_hdr_470.vhv,1024,1024
sp_hdr_471.vhv,1024,1024
sp_hdr_472.vhv,1536,1536
sp_hdr_473.vhv,1536,1536
sp_hdr_474.vhv,1536,1536
sp_hdr_475.vhv,1536,1536
sp_hdr_476.vhv,1024,1024
sp_hdr_477.vhv,1024,1024
sp_hdr_478.vhv,2560,2560
sp_hdr_479.vhv,2560,2560
sp_hdr_48.vhv,2048,2048
sp_hdr_480.vhv,2560,2560
sp_hdr_481.vhv,2560,2560
sp_hdr_482.vhv,1536,1536
sp_hdr_483.vhv,2048,2048
sp_hdr_484.vhv,1536,1536
sp_hdr_485.vhv,1536,1536
sp_hdr_486.vhv,1536,1536
sp_hdr_487.vhv,1536,1536
sp_hdr_488.vhv,2048,2048
sp_hdr_489.vhv,1536,1536
sp_hdr_49.vhv,2048,2048
sp_hdr_490.vhv,3072,3072
sp_hdr_491.vhv,12800,12800
sp_hdr_492.vhv,1536,1536
sp_hdr_493.vhv,1536,1536
sp_hdr_494.vhv,2048,2048
sp_hdr_495.vhv,1536,1536
sp_hdr_496.vhv,1536,1536
sp_hdr_497.vhv,2048,2048
sp_hdr_498.vhv,1536,1536
sp_hdr_499.vhv,1536,1536
sp_hdr_5.vhv,10240,10240
sp_hdr_50.vhv,2048,2048
sp_hdr_500.vhv,1536,1536
sp_hdr_501.vhv,2560,2560
sp_hdr_502.vhv,1536,1536
sp_hdr_503.vhv,1536,1536
sp_hdr_504.vhv,1536,1536
sp_hdr_505.vhv,1024,1024
sp_hdr_506.vhv,2560,2560
sp_hdr_507.vhv,1536,1536
sp_hdr_508.vhv,2560,2560
sp_hdr_509.vhv,1536,1536
sp_hdr_51.vhv,4096,4096
sp_hdr_510.vhv,1536,1536
sp_hdr_511.vhv,1536,1536
sp_hdr_512.vhv,1024,1024
sp_hdr_513.vhv,2560,2560
sp_hdr_514.vhv,1536,1536
sp_hdr_515.vhv,1536,1536
sp_hdr_516.vhv,2560,2560
sp_hdr_517.vhv,2560,2560
sp_hdr_518.vhv,2560,2560
sp_hdr_519.vhv,2048,2048
sp_hdr_52.vhv,2048,2048
sp_hdr_520.vhv,1536,1536
sp_hdr_521.vhv,1536,1536
sp_hdr_522.vhv,1024,1024
sp_hdr_523.vhv,1024,1024
sp_hdr_524.vhv,4096,4096
sp_hdr_525.vhv,4096,4096
sp_hdr_526.vhv,1024,1024
sp_hdr_527.vhv,1024,1024
sp_hdr_528.vhv,1024,1024
sp_hdr_529.vhv,1536,1536
sp_hdr_53.vhv,2048,2048
sp_hdr_530.vhv,1536,1536
sp_hdr_531.vhv,1024,1024
sp_hdr_532.vhv,1024,1024
sp_hdr_533.vhv,1536,1536
sp_hdr_534.vhv,1024,1024
sp_hdr_535.vhv,1536,1536
sp_hdr_536.vhv,1024,1024
sp_hdr_537.vhv,1536,1536
sp_hdr_538.vhv,1024,1024
sp_hdr_539.vhv,1536,1536
sp_hdr_54.vhv,4096,4096
sp_hdr_540.vhv,1024,1024
sp_hdr_541.vhv,1024,1024
sp_hdr_542.vhv,1024,1024
sp_hdr_543.vhv,1536,1536
sp_hdr_544.vhv,1024,1024
sp_hdr_545.vhv,1024,1024
sp_hdr_546.vhv,1024,1024
sp_hdr_547.vhv,1024,1024
sp_hdr_548.vhv,1024,1024
sp_hdr_549.vhv,1024,1024
sp_hdr_55.vhv,2048,2048
sp_hdr_550.vhv,1024,1024
sp_hdr_551.vhv,1024,1024
sp_hdr_552.vhv,1024,1024
sp_hdr_553.vhv,1024,1024
sp_hdr_554.vhv,1536,1536
sp_hdr_555.vhv,1536,1536
sp_hdr_556.vhv,1024,1024
sp_hdr_557.vhv,11776,11776
sp_hdr_558.vhv,11776,11776
sp_hdr_559.vhv,2560,2560
sp_hdr_56.vhv,2048,2048
sp_hdr_560.vhv,2560,2560
sp_hdr_561.vhv,11776,11776
sp_hdr_562.vhv,2560,2560
sp_hdr_563.vhv,2560,2560
sp_hdr_564.vhv,11776,11776
sp_hdr_565.vhv,1536,1536
sp_hdr_566.vhv,1024,1024
sp_hdr_567.vhv,1024,1024
sp_hdr_568.vhv,1024,1024
sp_hdr_569.vhv,1024,1024
sp_hdr_57.vhv,2048,2048
sp_hdr_570.vhv,1024,1024
sp_hdr_571.vhv,1024,1024
sp_hdr_572.vhv,1024,1024
sp_hdr_573.vhv,1024,1024
sp_hdr_574.vhv,1024,1024
sp_hdr_575.vhv,1024,1024
sp_hdr_576.vhv,1024,1024
sp_hdr_577.vhv,1536,1536
sp_hdr_578.vhv,1536,1536
sp_hdr_579.vhv,1024,1024
sp_hdr_58.vhv,4096,4096
sp_hdr_580.vhv,1024,1024
sp_hdr_581.vhv,1024,1024
sp_hdr_582.vhv,1024,1024
sp_hdr_583.vhv,1536,1536
sp_hdr_584.vhv,1536,1536
sp_hdr_585.vhv,1536,1536
sp_hdr_586.vhv,1024,1024
sp_hdr_587.vhv,1536,1536
sp_hdr_588.vhv,1024,1024
sp_hdr_589.vhv,1024,1024
sp_hdr_59.vhv,2048,2048
sp_hdr_590.vhv,1024,1024
sp_hdr_591.vhv,6144,6144
sp_hdr_592.vhv,2048,2048
sp_hdr_593.vhv,2048,2048
sp_hdr_594.vhv,1024,1024
sp_hdr_595.vhv,2048,2048
sp_hdr_596.vhv,2048,2048
sp_hdr_597.vhv,1024,1024
sp_hdr_598.vhv,3072,3072
sp_hdr_599.vhv,3072,3072
sp_hdr_6.vhv,1536,1536
sp_hdr_60.vhv,2560,2560
sp_hdr_600.vhv,3072,3072
sp_hdr_601.vhv,3072,3072
sp_hdr_602.vhv,3584,3584
sp_hdr_603.vhv,3072,3072
sp_hdr_604.vhv,3072,3072
sp_hdr_605.vhv,3072,3072
sp_hdr_606.vhv,3072,3072
sp_hdr_607.vhv,3072,3072
sp_hdr_608.vhv,3072,3072
sp_hdr_609.vhv,3072,3072
sp_hdr_61.vhv,1536,1536
sp_hdr_610.vhv,3072,3072
sp_hdr_611.vhv,3072,3072
sp_hdr_612.vhv,3072,3072
sp_hdr_613.vhv,2048,2048
sp_hdr_614.vhv,1536,1536
sp_hdr_615.vhv,1536,1536
sp_hdr_616.vhv,1536,1536
sp_hdr_617.vhv,1536,1536
sp_hdr_618.vhv,1024,1024
sp_hdr_619.vhv,2560,2560
sp_hdr_62.vhv,1024,1024
sp_hdr_620.vhv,2048,2048
sp_hdr_621.vhv,1536,1536
sp_hdr_622.vhv,1536,1536
sp_hdr_623.vhv,1024,1024
sp_hdr_624.vhv,1536,1536
sp_hdr_625.vhv,1536,1536
sp_hdr_626.vhv,1536,1536
sp_hdr_627.vhv,1536,1536
sp_hdr_628.vhv,1024,1024
sp_hdr_629.vhv,2048,2048
sp_hdr_63.vhv,1536,1536
sp_hdr_630.vhv,2560,2560
sp_hdr_631.vhv,2048,2048
sp_hdr_632.vhv,2048,2048
sp_hdr_633.vhv,2048,2048
sp_hdr_634.vhv,1536,1536
sp_hdr_635.vhv,1536,1536
sp_hdr_636.vhv,1024,1024
sp_hdr_637.vhv,2048,2048
sp_hdr_638.vhv,1536,1536
sp_hdr_639.vhv,2048,2048
sp_hdr_64.vhv,3072,3072
sp_hdr_640.vhv,1024,1024
sp_hdr_641.vhv,1024,1024
sp_hdr_642.vhv,1024,1024
sp_hdr_643.vhv,1024,1024
sp_hdr_644.vhv,1024,1024
sp_hdr_645.vhv,1024,1024
sp_hdr_646.vhv,1024,1024
sp_hdr_647.vhv,1024,1024
sp_hdr_648.vhv,4096,4096
sp_hdr_649.vhv,4096,4096
sp_hdr_65.vhv,2560,2560
sp_hdr_650.vhv,3072,3072
sp_hdr_651.vhv,4096,4096
sp_hdr_652.vhv,2048,2048
sp_hdr_653.vhv,2048,2048
sp_hdr_654.vhv,1024,1024
sp_hdr_655.vhv,4096,4096
sp_hdr_656.vhv,3072,3072
sp_hdr_657.vhv,2048,2048
sp_hdr_658.vhv,4096,4096
sp_hdr_659.vhv,2048,2048
sp_hdr_66.vhv,1536,1536
sp_hdr_660.vhv,2048,2048
sp_hdr_661.vhv,1024,1024
sp_hdr_662.vhv,1024,1024
sp_hdr_663.vhv,1024,1024
sp_hdr_664.vhv,1024,1024
sp_hdr_665.vhv,1024,1024
sp_hdr_666.vhv,1024,1024
sp_hdr_667.vhv,1024,1024
sp_hdr_668.vhv,1024,1024
sp_hdr_669.vhv,1024,1024
sp_hdr_67.vhv,2560,2560
sp_hdr_670.vhv,1024,1024
sp_hdr_671.vhv,1024,1024
sp_hdr_672.vhv,1024,1024
sp_hdr_673.vhv,1024,1024
sp_hdr_674.vhv,2560,2560
sp_hdr_675.vhv,2560,2560
sp_hdr_676.vhv,1536,1536
sp_hdr_677.vhv,1536,1536
sp_hdr_678.vhv,2560,2560
sp_hdr_679.vhv,1536,1536
sp_hdr_68.vhv,1536,1536
sp_hdr_680.vhv,1536,1536
sp_hdr_681.vhv,2560,2560
sp_hdr_682.vhv,2560,2560
sp_hdr_683.vhv,2560,2560
sp_hdr_684.vhv,1536,1536
sp_hdr_685.vhv,2560,2560
sp_hdr_686.vhv,1536,1536
sp_hdr_687.vhv,1536,1536
sp_hdr_688.vhv,1536,1536
sp_hdr_689.vhv,2560,2560
sp_hdr_69.vhv,1536,1536
sp_hdr_690.vhv,1536,1536
sp_hdr_691.vhv,1536,1536
sp_hdr_692.vhv,1536,1536
sp_hdr_693.vhv,2560,2560
sp_hdr_694.vhv,1536,1536
sp_hdr_695.vhv,1536,1536
sp_hdr_696.vhv,1536,1536
sp_hdr_697.vhv,2560,2560
sp_hdr_698.vhv,2048,2048
sp_hdr_699.vhv,2048,2048
sp_hdr_7.vhv,1536,1536
sp_hdr_70.vhv,2560,2560
sp_hdr_700.vhv,2048,2048
sp_hdr_701.vhv,1536,1536
sp_hdr_702.vhv,2560,2560
sp_hdr_703.vhv,1024,1024
sp_hdr_704.vhv,1536,1536
sp_hdr_705.vhv,1536,1536
sp_hdr_706.vhv,2560,2560
sp_hdr_707.vhv,2560,2560
sp_hdr_708.vhv,1024,1024
sp_hdr_709.vhv,2560,2560
sp_hdr_71.vhv,1536,1536
sp_hdr_710.vhv,1536,1536
sp_hdr_711.vhv,2560,2560
sp_hdr_712.vhv,2560,2560
sp_hdr_713.vhv,3072,3072
sp_hdr_714.vhv,3072,3072
sp_hdr_715.vhv,1024,1024
sp_hdr_716.vhv,1024,1024
sp_hdr_717.vhv,1024,1024
sp_hdr_718.vhv,1024,1024
sp_hdr_719.vhv,1024,1024
sp_hdr_72.vhv,3072,3072
sp_hdr_720.vhv,1024,1024
sp_hdr_721.vhv,19456,19456
sp_hdr_722.vhv,3072,3072
sp_hdr_723.vhv,3072,3072
sp_hdr_724.vhv,3072,3072
sp_hdr_725.vhv,3072,3072
sp_hdr_726.vhv,3072,3072
sp_hdr_727.vhv,3072,3072
sp_hdr_728.vhv,3072,3072
sp_hdr_729.vhv,3072,3072
sp_hdr_73.vhv,2560,2560
sp_hdr_730.vhv,2048,2048
sp_hdr_731.vhv,1536,1536
sp_hdr_732.vhv,1536,1536
sp_hdr_733.vhv,1536,1536
sp_hdr_734.vhv,2048,2048
sp_hdr_735.vhv,2048,2048
sp_hdr_736.vhv,2048,2048
sp_hdr_737.vhv,2048,2048
sp_hdr_738.vhv,3072,3072
sp_hdr_739.vhv,3072,3072
sp_hdr_74.vhv,1536,1536
sp_hdr_740.vhv,1536,1536
sp_hdr_741.vhv,3072,3072
sp_hdr_742.vhv,3072,3072
sp_hdr_743.vhv,3072,3072
sp_hdr_744.vhv,3072,3072
sp_hdr_745.vhv,3072,3072
sp_hdr_746.vhv,3072,3072
sp_hdr_747.vhv,3072,3072
sp_hdr_748.vhv,3072,3072
sp_hdr_749.vhv,2048,2048
sp_hdr_75.vhv,1536,1536
sp_hdr_750.vhv,3072,3072
sp_hdr_751.vhv,3072,3072
sp_hdr_752.vhv,3072,3072
sp_hdr_753.vhv,1536,1536
sp_hdr_754.vhv,1536,1536
sp_hdr_755.vhv,1536,1536
sp_hdr_756.vhv,1536,1536
sp_hdr_757.vhv,1536,1536
sp_hdr_758.vhv,2048,2048
sp_hdr_759.vhv,2048,2048
sp_hdr_76.vhv,2560,2560
sp_hdr_760.vhv,5120,5120
sp_hdr_761.vhv,13824,13824
sp_hdr_762.vhv,2560,2560
sp_hdr_763.vhv,2560,2560
sp_hdr_764.vhv,11776,11776
sp_hdr_765.vhv,11776,11776
sp_hdr_766.vhv,3584,3584
sp_hdr_767.vhv,3072,3072
sp_hdr_768.vhv,6656,6656
sp_hdr_769.vhv,6656,6656
sp_hdr_77.vhv,1536,1536
sp_hdr_770.vhv,1024,1024
sp_hdr_771.vhv,1024,1024
sp_hdr_772.vhv,6656,6656
sp_hdr_773.vhv,6656,6656
sp_hdr_774.vhv,2560,2560
sp_hdr_775.vhv,3072,3072
sp_hdr_776.vhv,3072,3072
sp_hdr_777.vhv,3072,3072
sp_hdr_778.vhv,3072,3072
sp_hdr_779.vhv,23552,23552
sp_hdr_78.vhv,1536,1536
sp_hdr_780.vhv,4608,4608
sp_hdr_781.vhv,2560,2560
sp_hdr_782.vhv,2560,2560
sp_hdr_783.vhv,1536,1536
sp_hdr_784.vhv,1024,1024
sp_hdr_785.vhv,1024,1024
sp_hdr_786.vhv,1024,1024
sp_hdr_787.vhv,1024,1024
sp_hdr_788.vhv,1024,1024
sp_hdr_789.vhv,1536,1536
sp_hdr_79.vhv,2560,2560
sp_hdr_790.vhv,1024,1024
sp_hdr_791.vhv,1024,1024
sp_hdr_792.vhv,1024,1024
sp_hdr_793.vhv,1024,1024
sp_hdr_794.vhv,1536,1536
sp_hdr_795.vhv,1536,1536
sp_hdr_796.vhv,1024,1024
sp_hdr_797.vhv,1024,1024
sp_hdr_798.vhv,1024,1024
sp_hdr_799.vhv,1024,1024
sp_hdr_8.vhv,5120,5120
sp_hdr_80.vhv,3072,3072
sp_hdr_800.vhv,1024,1024
sp_hdr_801.vhv,1536,1536
sp_hdr_802.vhv,1024,1024
sp_hdr_803.vhv,1024,1024
sp_hdr_804.vhv,1024,1024
sp_hdr_805.vhv,1024,1024
sp_hdr_806.vhv,1024,1024
sp_hdr_807.vhv,1024,1024
sp_hdr_808.vhv,1024,1024
sp_hdr_809.vhv,1536,1536
sp_hdr_81.vhv,7680,7680
sp_hdr_810.vhv,1024,1024
sp_hdr_811.vhv,1024,1024
sp_hdr_812.vhv,1024,1024
sp_hdr_813.vhv,1024,1024
sp_hdr_814.vhv,1536,1536
sp_hdr_815.vhv,1024,1024
sp_hdr_816.vhv,1024,1024
sp_hdr_817.vhv,1024,1024
sp_hdr_818.vhv,1536,1536
sp_hdr_819.vhv,1536,1536
sp_hdr_82.vhv,15872,15872
sp_hdr_820.vhv,1024,1024
sp_hdr_821.vhv,1024,1024
sp_hdr_822.vhv,1024,1024
sp_hdr_823.vhv,1024,1024
sp_hdr_824.vhv,1024,1024
sp_hdr_825.vhv,1024,1024
sp_hdr_826.vhv,1024,1024
sp_hdr_827.vhv,1024,1024
sp_hdr_828.vhv,1536,1536
sp_hdr_829.vhv,1024,1024
sp_hdr_83.vhv,2560,2560
sp_hdr_830.vhv,1024,1024
sp_hdr_831.vhv,1024,1024
sp_hdr_832.vhv,1536,1536
sp_hdr_833.vhv,1024,1024
sp_hdr_834.vhv,1024,1024
sp_hdr_835.vhv,1024,1024
sp_hdr_836.vhv,1024,1024
sp_hdr_837.vhv,1024,1024
sp_hdr_838.vhv,1024,1024
sp_hdr_839.vhv,1024,1024
sp_hdr_84.vhv,2560,2560
sp_hdr_840.vhv,1024,1024
sp_hdr_841.vhv,1536,1536
sp_hdr_842.vhv,1024,1024
sp_hdr_843.vhv,1024,1024
sp_hdr_844.vhv,1024,1024
sp_hdr_845.vhv,1024,1024
sp_hdr_846.vhv,1024,1024
sp_hdr_847.vhv,1024,1024
sp_hdr_848.vhv,1536,1536
sp_hdr_849.vhv,1536,1536
sp_hdr_85.vhv,2560,2560
sp_hdr_850.vhv,1024,1024
sp_hdr_851.vhv,1024,1024
sp_hdr_852.vhv,1024,1024
sp_hdr_853.vhv,1024,1024
sp_hdr_854.vhv,1024,1024
sp_hdr_855.vhv,1024,1024
sp_hdr_856.vhv,1536,1536
sp_hdr_857.vhv,1024,1024
sp_hdr_858.vhv,1024,1024
sp_hdr_859.vhv,1024,1024
sp_hdr_86.vhv,5632,5632
sp_hdr_860.vhv,1536,1536
sp_hdr_861.vhv,1024,1024
sp_hdr_862.vhv,1024,1024
sp_hdr_863.vhv,1024,1024
sp_hdr_864.vhv,1024,1024
sp_hdr_865.vhv,1024,1024
sp_hdr_866.vhv,1536,1536
sp_hdr_867.vhv,1024,1024
sp_hdr_868.vhv,3072,3072
sp_hdr_869.vhv,3072,3072
sp_hdr_87.vhv,1536,1536
sp_hdr_870.vhv,1536,1536
sp_hdr_871.vhv,1024,1024
sp_hdr_872.vhv,1024,1024
sp_hdr_873.vhv,1024,1024
sp_hdr_874.vhv,1024,1024
sp_hdr_875.vhv,1024,1024
sp_hdr_876.vhv,1024,1024
sp_hdr_877.vhv,1536,1536
sp_hdr_878.vhv,1024,1024
sp_hdr_879.vhv,1024,1024
sp_hdr_88.vhv,2560,2560
sp_hdr_880.vhv,1024,1024
sp_hdr_881.vhv,1024,1024
sp_hdr_882.vhv,1024,1024
sp_hdr_883.vhv,1536,1536
sp_hdr_884.vhv,1024,1024
sp_hdr_885.vhv,1024,1024
sp_hdr_886.vhv,1024,1024
sp_hdr_887.vhv,1024,1024
sp_hdr_888.vhv,1024,1024
sp_hdr_889.vhv,1024,1024
sp_hdr_89.vhv,2560,2560
sp_hdr_890.vhv,1536,1536
sp_hdr_891.vhv,1024,1024
sp_hdr_892.vhv,1536,1536
sp_hdr_893.vhv,1024,1024
sp_hdr_894.vhv,1024,1024
sp_hdr_895.vhv,1024,1024
sp_hdr_896.vhv,1024,1024
sp_hdr_897.vhv,1024,1024
sp_hdr_898.vhv,1024,1024
sp_hdr_899.vhv,1024,1024
sp_hdr_9.vhv,4096,4096
sp_hdr_90.vhv,1536,1536
sp_hdr_900.vhv,1536,1536
sp_hdr_901.vhv,1024,1024
sp_hdr_902.vhv,1024,1024
sp_hdr_903.vhv,1024,1024
sp_hdr_904.vhv,1024,1024
sp_hdr_905.vhv,1024,1024
sp_hdr_906.vhv,1024,1024
sp_hdr_907.vhv,1024,1024
sp_hdr_908.vhv,1024,1024
sp_hdr_909.vhv,1024,1024
sp_hdr_91.vhv,5632,5632
sp_hdr_910.vhv,1024,1024
sp_hdr_911.vhv,1024,1024
sp_hdr_912.vhv,1024,1024
sp_hdr_913.vhv,1024,1024
sp_hdr_914.vhv,1024,1024
sp_hdr_915.vhv,1536,1536
sp_hdr_916.vhv,1024,1024
sp_hdr_917.vhv,1024,1024
sp_hdr_918.vhv,1024,1024
sp_hdr_919.vhv,1024,1024
sp_hdr_92.vhv,2560,2560
sp_hdr_920.vhv,1024,1024
sp_hdr_921.vhv,1024,1024
sp_hdr_922.vhv,1024,1024
sp_hdr_923.vhv,1536,1536
sp_hdr_924.vhv,1536,1536
sp_hdr_925.vhv,1536,1536
sp_hdr_926.vhv,1024,1024
sp_hdr_927.vhv,1024,1024
sp_hdr_928.vhv,1024,1024
sp_hdr_929.vhv,1536,1536
sp_hdr_93.vhv,2560,2560
sp_hdr_930.vhv,1536,1536
sp_hdr_931.vhv,8192,8192
sp_hdr_932.vhv,7168,7168
sp_hdr_933.vhv,2048,2048
sp_hdr_934.vhv,2048,2048
sp_hdr_935.vhv,1536,1536
sp_hdr_936.vhv,1024,1024
sp_hdr_937.vhv,1024,1024
sp_hdr_938.vhv,1536,1536
sp_hdr_939.vhv,2048,2048
sp_hdr_94.vhv,1536,1536
sp_hdr_940.vhv,2048,2048
sp_hdr_941.vhv,1536,1536
sp_hdr_942.vhv,1536,1536
sp_hdr_943.vhv,2048,2048
sp_hdr_944.vhv,2048,2048
sp_hdr_945.vhv,1536,1536
sp_hdr_946.vhv,1536,1536
sp_hdr_947.vhv,3072,3072
sp_hdr_948.vhv,2048,2048
sp_hdr_949.vhv,1536,1536
sp_hdr_95.vhv,1536,1536
sp_hdr_950.vhv,1536,1536
sp_hdr_951.vhv,2048,2048
sp_hdr_952.vhv,1536,1536
sp_hdr_953.vhv,2048,2048
sp_hdr_954.vhv,1536,1536
sp_hdr_955.vhv,7680,7680
sp_hdr_956.vhv,7680,7680
sp_hdr_957.vhv,2048,2048
sp_hdr_958.vhv,4608,4608
sp_hdr_959.vhv,4608,4608
sp_hdr_96.vhv,2560,2560
sp_hdr_960.vhv,7168,7168
sp_hdr_961.vhv,7168,7168
sp_hdr_962.vhv,4608,4608
sp_hdr_963.vhv,7168,7168
sp_hdr_964.vhv,15872,15872
sp_hdr_965.vhv,2560,2560
sp_hdr_966.vhv,4608,4608
sp_hdr_967.vhv,4608,4608
sp_hdr_968.vhv,19968,19968
sp_hdr_969.vhv,6144,6144
sp_hdr_97.vhv,2048,2048
sp_hdr_970.vhv,2560,2560
sp_hdr_971.vhv,2560,2560
sp_hdr_972.vhv,5632,5632
sp_hdr_973.vhv,1536,1536
sp_hdr_974.vhv,3584,3584
sp_hdr_975.vhv,4608,4608
sp_hdr_976.vhv,2560,2560
sp_hdr_977.vhv,1536,1536
sp_hdr_978.vhv,1536,1536
sp_hdr_979.vhv,1536,1536
sp_hdr_98.vhv,8192,8192
sp_hdr_980.vhv,2560,2560
sp_hdr_981.vhv,2560,2560
sp_hdr_982.vhv,5632,5632
sp_hdr_983.vhv,1536,1536
sp_hdr_984.vhv,3584,3584
sp_hdr_985.vhv,4608,4608
sp_hdr_986.vhv,2560,2560
sp_hdr_987.vhv,2560,2560
sp_hdr_988.vhv,2560,2560
sp_hdr_989.vhv,1536,1536
sp_hdr_99.vhv,7168,7168
sp_hdr_990.vhv,1536,1536
sp_hdr_991.vhv,1536,1536
sp_hdr_992.vhv,3072,3072
sp_hdr_993.vhv,6656,6656
sp_hdr_994.vhv,15360,15360
sp_hdr_995.vhv,9728,9728
sp_hdr_996.vhv,1024,1024
sp_hdr_997.vhv,1536,1536
sp_hdr_998.vhv,1536,1536
sp_hdr_999.vhv,1024,1024
